[
  {
    "pk": 5,
    "model": "auth.user",
    "fields": {
      "username": "test0",
      "first_name": "Test",
      "last_name": "User 0",
      "is_active": true,
      "is_superuser": false,
      "is_staff": false,
      "last_login": "2014-09-03T11:17:50.752Z",
      "groups": [],
      "user_permissions": [],
      "password": "pbkdf2_sha256$12000$CqdO6wRdSSxH$c57xXXPO8k65prBMrHTvjj/inanxDnbdoaeDIeWWrik=",
      "email": "",
      "date_joined": "2014-04-26T12:49:36Z"
    }
  },
  {
    "pk": 2,
    "model": "auth.user",
    "fields": {
      "username": "test1",
      "first_name": "Test",
      "last_name": "User 1",
      "is_active": true,
      "is_superuser": false,
      "is_staff": false,
      "last_login": "2014-09-03T11:17:50.752Z",
      "groups": [],
      "user_permissions": [],
      "password": "pbkdf2_sha256$12000$CqdO6wRdSSxH$c57xXXPO8k65prBMrHTvjj/inanxDnbdoaeDIeWWrik=",
      "email": "",
      "date_joined": "2014-03-26T17:49:36Z"
    }
  },
  {
    "pk": 3,
    "model": "auth.user",
    "fields": {
      "username": "test2",
      "first_name": "Test",
      "last_name": "User 2",
      "is_active": true,
      "is_superuser": false,
      "is_staff": false,
      "last_login": "2014-09-03T11:17:50.752Z",
      "groups": [1],
      "user_permissions": [],
      "password": "pbkdf2_sha256$12000$CqdO6wRdSSxH$c57xXXPO8k65prBMrHTvjj/inanxDnbdoaeDIeWWrik=",
      "email": "",
      "date_joined": "2014-03-26T17:49:36Z"
    }
  },
  {
    "pk": 4,
    "model": "auth.user",
    "fields": {
      "username": "admin",
      "first_name": "Admin",
      "last_name": "Superuser",
      "is_active": true,
      "is_superuser": true,
      "is_staff": true,
      "last_login": "2014-09-03T11:17:50.752Z",
      "groups": [1],
      "user_permissions": [],
      "password": "pbkdf2_sha256$12000$CqdO6wRdSSxH$c57xXXPO8k65prBMrHTvjj/inanxDnbdoaeDIeWWrik=",
      "email": "",
      "date_joined": "2014-03-26T17:49:36Z"
    }
  },
  {
    "pk": 1,
    "model": "auth.group",
    "fields": {
        "name": "test1",
        "permissions": []
    }
  },
  {
    "pk": 1,
    "model": "catmaid.message",
    "fields": {
        "action": "http://www.example.com/message1",
        "text": "Contents of message 1.",
        "time": "2011-12-19T16:46:01Z",
        "title": "Message 1",
        "read": false,
        "user": 3
    }
  },
  {
    "pk": 2,
    "model": "catmaid.message",
    "fields": {
        "action": "http://www.example.com/message2",
        "text": "Contents of message 2.",
        "time": "2011-12-20T16:46:01.360422Z",
        "title": "Message 2",
        "read": false,
        "user": 3
    }
  },
  {
    "pk": 3,
    "model": "catmaid.message",
    "fields": {
        "action": "",
        "text": "Contents of message 3.",
        "time": "2014-10-05T11:12:01.360422Z",
        "title": "Message 3",
        "read": false,
        "user": 3
    }
  },
  {
    "pk": -1,
    "model": "catmaid.project",
    "fields": {
      "title": "Classification dummy project"
    }
  },
  {
    "pk": 1,
    "model": "catmaid.project",
    "fields": {
      "title": "Default Project"
    }
  },
  {
    "pk": 2,
    "model": "catmaid.project",
    "fields": {
      "title": "Evaluation data set"
    }
  },
  {
    "pk": 3,
    "model": "catmaid.project",
    "fields": {
      "title": "Focussed Ion Beam (FIB)"
    }
  },
  {
    "pk": 4,
    "model": "catmaid.project",
    "fields": {
      "title": "Test"
    }
  },
  {
    "pk": 5,
    "model": "catmaid.project",
    "fields": {
      "title": "Private version of the FIB data set"
    }
  },
  {
    "pk": 1,
    "model": "catmaid.stack",
    "fields": {
      "title": "Original data.",
      "comment": "<p>&copy;2007 by Stephan Saalfeld.</p> <p>Rendered with <a href=\"http://www.povray.org/\">POV-Ray&nbsp;v3.6</a> using this <a href=\"http://fly.mpi-cbg.de/~saalfeld/download/volume.tar.bz2\">scene-file</a>.</p>",
      "resolution": "(3.261, 3.261, 60.000)",
      "dimension": "(4096, 4096, 16)",
      "description": ""
    }
  },
  {
    "pk": 1,
    "model": "catmaid.stackmirror",
    "fields": {
      "stack": 1,
      "image_base": "http://fly.mpi-cbg.de/map/evaluation/original/",
      "tile_width": 256,
      "tile_height": 256,
      "file_extension": "jpg",
      "tile_source_type": 1
    }
  },
  {
    "pk": 3,
    "model": "catmaid.stack",
    "fields": {
      "title": "Focussed Ion Beam (FIB) stack of Rat Striatum\t",
      "comment": "<p>&copy;2009 <a href=\"http://people.epfl.ch/graham.knott\">Graham Knott</a>.</p> <p>Public INCF data set available at the <a href=\"http://www.incf.org/about/nodes/switzerland/data\">Swiss INCF Node</a>.</p>",
      "resolution": "(5.000, 5.000, 9.000)",
      "dimension": "(2048, 1536, 460)",
      "description": ""
    }
  },
  {
    "pk": 3,
    "model": "catmaid.stackmirror",
    "fields": {
      "stack": 3,
      "image_base": "http://incf.ini.uzh.ch/image-stack-fib/",
      "tile_width": 256,
      "tile_height": 256,
      "file_extension": "jpg",
      "tile_source_type": 1
    }
  },
  {
    "pk": 5,
    "model": "catmaid.stack",
    "fields": {
      "title": "FIB data, first stack",
      "comment": "Stack 1 for testing purposes",
      "resolution": "(5.000, 5.000, 9.000)",
      "dimension": "(2048, 1536, 460)",
      "description": ""
    }
  },
  {
    "pk": 5,
    "model": "catmaid.stackmirror",
    "fields": {
      "stack": 5,
      "image_base": "http://incf.ini.uzh.ch/image-stack-fib/",
      "tile_width": 256,
      "tile_height": 256,
      "file_extension": "jpg",
      "tile_source_type": 1
    }
  },
  {
    "pk": 6,
    "model": "catmaid.stack",
    "fields": {
      "title": "FIB data, second stack",
      "comment": "Stack 2 for testing purposes",
      "resolution": "(5.000, 5.000, 9.000)",
      "dimension": "(2048, 1536, 460)",
      "description": ""
    }
  },
  {
    "pk": 6,
    "model": "catmaid.stackmirror",
    "fields": {
      "stack": 6,
      "image_base": "http://incf.ini.uzh.ch/image-stack-fib/",
      "tile_width": 256,
      "tile_height": 256,
      "file_extension": "jpg",
      "tile_source_type": 1
    }
  },
  {
    "pk": 1,
    "model": "catmaid.projectstack",
    "fields": {
        "project": 1,
        "stack": 1,
        "translation": "(0.0, 0.0, 0.0)"
    }
  },
  {
    "pk": 2,
    "model": "catmaid.projectstack",
    "fields": {
        "project": 3,
        "stack": 3,
        "translation": "(0.0, 0.0, 0.0)"
    }
  },
  {
    "pk": 3,
    "model": "catmaid.projectstack",
    "fields": {
        "project": 5,
        "stack": 5,
        "translation": "(0.0, 0.0, 0.0)"
    }
  },
  {
    "pk": 4,
    "model": "catmaid.projectstack",
    "fields": {
        "project": 5,
        "stack": 6,
        "translation": "(0.0, 0.0, 0.0)"
    }
  },
  {
    "pk": 5,
    "model": "catmaid.class",
    "fields": {
      "description": null,
      "class_name": "neuron",
      "creation_time": "2010-08-26T12:23:53.551Z",
      "edition_time": "2010-08-26T12:23:53.551Z",
      "project": 3,
      "user": 5
    }
  },
  {
    "pk": 14,
    "model": "catmaid.class",
    "fields": {
      "description": null,
      "class_name": "skeleton",
      "creation_time": "2010-08-26T13:19:57.046Z",
      "edition_time": "2010-08-26T13:19:57.046Z",
      "project": 3,
      "user": 5
    }
  },
  {
    "pk": 33,
    "model": "catmaid.class",
    "fields": {
      "description": null,
      "class_name": "label",
      "creation_time": "2010-08-27T11:28:08.713Z",
      "edition_time": "2010-08-27T11:28:08.713Z",
      "project": 3,
      "user": 3
    }
  },
  {
    "pk": 106,
    "model": "catmaid.class",
    "fields": {
      "description": "A group helps to organize the data, i.e. it can contain neuron or other groups.",
      "class_name": "group",
      "creation_time": "2010-10-12T03:42:55.856Z",
      "edition_time": "2010-10-12T03:42:55.856Z",
      "project": 3,
      "user": 3
    }
  },
  {
    "pk": 112,
    "model": "catmaid.class",
    "fields": {
      "description": null,
      "class_name": "root",
      "creation_time": "2010-10-12T05:29:38.385Z",
      "edition_time": "2010-10-12T05:29:38.385Z",
      "project": 3,
      "user": 3
    }
  },
  {
    "pk": 411,
    "model": "catmaid.class",
    "fields": {
      "description": null,
      "class_name": "driver_line",
      "creation_time": "2011-10-04T13:32:34.506Z",
      "edition_time": "2011-10-04T13:32:34.506Z",
      "project": 3,
      "user": 3
    }
  },
  {
    "pk": 412,
    "model": "catmaid.class",
    "fields": {
      "description": null,
      "class_name": "cell_body_location",
      "creation_time": "2011-10-04T13:32:34.506Z",
      "edition_time": "2011-10-04T13:32:34.506Z",
      "project": 3,
      "user": 3
    }
  },
  {
    "pk": 515,
    "model": "catmaid.class",
    "fields": {
      "description": null,
      "class_name": "skeleton",
      "creation_time": "2011-10-29T04:05:55.864Z",
      "edition_time": "2011-10-29T04:05:55.864Z",
      "project": 4,
      "user": 3
    }
  },
  {
    "pk": 516,
    "model": "catmaid.class",
    "fields": {
      "description": null,
      "class_name": "neuron",
      "creation_time": "2011-10-29T04:05:55.864Z",
      "edition_time": "2011-10-29T04:05:55.864Z",
      "project": 4,
      "user": 3
    }
  },
  {
    "pk": 517,
    "model": "catmaid.class",
    "fields": {
      "description": null,
      "class_name": "group",
      "creation_time": "2011-10-29T04:05:55.864Z",
      "edition_time": "2011-10-29T04:05:55.864Z",
      "project": 4,
      "user": 3
    }
  },
  {
    "pk": 518,
    "model": "catmaid.class",
    "fields": {
      "description": null,
      "class_name": "label",
      "creation_time": "2011-10-29T04:05:55.864Z",
      "edition_time": "2011-10-29T04:05:55.864Z",
      "project": 4,
      "user": 3
    }
  },
  {
    "pk": 519,
    "model": "catmaid.class",
    "fields": {
      "description": null,
      "class_name": "root",
      "creation_time": "2011-10-29T04:05:55.864Z",
      "edition_time": "2011-10-29T04:05:55.864Z",
      "project": 4,
      "user": 3
    }
  },
  {
    "pk": 520,
    "model": "catmaid.class",
    "fields": {
      "description": null,
      "class_name": "synapse",
      "creation_time": "2011-10-29T04:05:55.864Z",
      "edition_time": "2011-10-29T04:05:55.864Z",
      "project": 4,
      "user": 3
    }
  },
  {
    "pk": 521,
    "model": "catmaid.class",
    "fields": {
      "description": null,
      "class_name": "presynaptic terminal",
      "creation_time": "2011-10-29T04:05:55.864Z",
      "edition_time": "2011-10-29T04:05:55.864Z",
      "project": 4,
      "user": 3
    }
  },
  {
    "pk": 522,
    "model": "catmaid.class",
    "fields": {
      "description": null,
      "class_name": "postsynaptic terminal",
      "creation_time": "2011-10-29T04:05:55.864Z",
      "edition_time": "2011-10-29T04:05:55.864Z",
      "project": 4,
      "user": 3
    }
  },
  {
    "pk": 2325,
    "model": "catmaid.class",
    "fields": {
      "description": null,
      "class_name": "skeleton",
      "creation_time": "2011-10-29T04:33:34.263Z",
      "edition_time": "2011-10-29T04:33:34.263Z",
      "project": 5,
      "user": 3
    }
  },
  {
    "pk": 2326,
    "model": "catmaid.class",
    "fields": {
      "description": null,
      "class_name": "neuron",
      "creation_time": "2011-10-29T04:33:34.263Z",
      "edition_time": "2011-10-29T04:33:34.263Z",
      "project": 5,
      "user": 3
    }
  },
  {
    "pk": 2327,
    "model": "catmaid.class",
    "fields": {
      "description": null,
      "class_name": "group",
      "creation_time": "2011-10-29T04:33:34.263Z",
      "edition_time": "2011-10-29T04:33:34.263Z",
      "project": 5,
      "user": 3
    }
  },
  {
    "pk": 2328,
    "model": "catmaid.class",
    "fields": {
      "description": null,
      "class_name": "label",
      "creation_time": "2011-10-29T04:33:34.263Z",
      "edition_time": "2011-10-29T04:33:34.263Z",
      "project": 5,
      "user": 3
    }
  },
  {
    "pk": 2329,
    "model": "catmaid.class",
    "fields": {
      "description": null,
      "class_name": "root",
      "creation_time": "2011-10-29T04:33:34.263Z",
      "edition_time": "2011-10-29T04:33:34.263Z",
      "project": 5,
      "user": 3
    }
  },
  {
    "pk": 2324,
    "model": "catmaid.class",
    "fields": {
      "description": null,
      "class_name": "stackgroup",
      "creation_time": "2011-10-29T04:33:34.263Z",
      "edition_time": "2011-10-29T04:33:34.263Z",
      "project": 5,
      "user": 3
    }
  },
  {
    "pk": 1,
    "model": "catmaid.classinstance",
    "fields": {
      "class_column": 14,
      "name": "dull skeleton",
      "creation_time": "2011-09-04T07:53:41.243Z",
      "edition_time": "2011-09-27T07:48:37.277Z",
      "project": 3,
      "user": 3
    }
  },
  {
    "pk": 2,
    "model": "catmaid.classinstance",
    "fields": {
      "class_column": 5,
      "name": "dull neuron",
      "creation_time": "2011-09-04T07:53:41.243Z",
      "edition_time": "2011-09-27T07:48:29.997Z",
      "project": 3,
      "user": 3
    }
  },
  {
    "pk": 4,
    "model": "catmaid.classinstance",
    "fields": {
      "class_column": 106,
      "name": "Fragments",
      "creation_time": "2011-09-04T07:53:41.243Z",
      "edition_time": "2011-09-04T07:53:41.243Z",
      "project": 3,
      "user": 3
    }
  },
  {
    "pk": 231,
    "model": "catmaid.classinstance",
    "fields": {
      "class_column": 106,
      "name": "group",
      "creation_time": "2011-09-27T07:48:43.167Z",
      "edition_time": "2011-09-27T07:48:43.167Z",
      "project": 3,
      "user": 3
    }
  },
  {
    "pk": 233,
    "model": "catmaid.classinstance",
    "fields": {
      "class_column": 5,
      "name": "branched neuron",
      "creation_time": "2011-09-27T07:48:58.901Z",
      "edition_time": "2011-09-27T07:50:32.627Z",
      "project": 3,
      "user": 3
    }
  },
  {
    "pk": 235,
    "model": "catmaid.classinstance",
    "fields": {
      "class_column": 14,
      "name": "skeleton 235",
      "creation_time": "2011-09-27T07:49:15.802Z",
      "edition_time": "2011-09-27T07:49:15.802Z",
      "project": 3,
      "user": 3
    }
  },
  {
    "pk": 351,
    "model": "catmaid.classinstance",
    "fields": {
      "class_column": 33,
      "name": "TODO",
      "creation_time": "2011-09-27T07:56:45.641Z",
      "edition_time": "2011-09-27T07:56:45.641Z",
      "project": 3,
      "user": 3
    }
  },
  {
    "pk": 361,
    "model": "catmaid.classinstance",
    "fields": {
      "class_column": 14,
      "name": "skeleton 361",
      "creation_time": "2011-09-27T07:57:17.808Z",
      "edition_time": "2011-09-27T07:57:17.808Z",
      "project": 3,
      "user": 3
    }
  },
  {
    "pk": 362,
    "model": "catmaid.classinstance",
    "fields": {
      "class_column": 5,
      "name": "downstream-B",
      "creation_time": "2011-09-27T07:57:17.808Z",
      "edition_time": "2011-09-27T07:59:24.247Z",
      "project": 3,
      "user": 3
    }
  },
  {
    "pk": 364,
    "model": "catmaid.classinstance",
    "fields": {
      "class_column": 106,
      "name": "Isolated synaptic terminals",
      "creation_time": "2011-09-27T07:57:17.808Z",
      "edition_time": "2011-09-27T07:57:17.808Z",
      "project": 3,
      "user": 3
    }
  },
  {
    "pk": 373,
    "model": "catmaid.classinstance",
    "fields": {
      "class_column": 14,
      "name": "skeleton 373",
      "creation_time": "2011-09-27T07:57:19.447Z",
      "edition_time": "2011-09-27T07:57:19.447Z",
      "project": 3,
      "user": 3
    }
  },
  {
    "pk": 374,
    "model": "catmaid.classinstance",
    "fields": {
      "class_column": 5,
      "name": "downstream-A",
      "creation_time": "2011-09-27T07:57:19.447Z",
      "edition_time": "2011-09-27T07:59:15.325Z",
      "project": 3,
      "user": 3
    }
  },
  {
    "pk": 439,
    "model": "catmaid.classinstance",
    "fields": {
      "class_column": 411,
      "name": "",
      "creation_time": "2011-10-11T12:08:06.575Z",
      "edition_time": "2011-10-11T12:08:06.575Z",
      "project": 3,
      "user": 3
    }
  },
  {
    "pk": 440,
    "model": "catmaid.classinstance",
    "fields": {
      "class_column": 411,
      "name": "",
      "creation_time": "2011-10-11T12:09:59.169Z",
      "edition_time": "2011-10-11T12:09:59.169Z",
      "project": 3,
      "user": 3
    }
  },
  {
    "pk": 442,
    "model": "catmaid.classinstance",
    "fields": {
      "class_column": 411,
      "name": "",
      "creation_time": "2011-10-11T12:10:50.221Z",
      "edition_time": "2011-10-11T12:10:50.221Z",
      "project": 3,
      "user": 3
    }
  },
  {
    "pk": 444,
    "model": "catmaid.classinstance",
    "fields": {
      "class_column": 411,
      "name": "",
      "creation_time": "2011-10-11T12:12:49.855Z",
      "edition_time": "2011-10-11T12:12:49.855Z",
      "project": 3,
      "user": 3
    }
  },
  {
    "pk": 446,
    "model": "catmaid.classinstance",
    "fields": {
      "class_column": 411,
      "name": "",
      "creation_time": "2011-10-11T12:13:53.305Z",
      "edition_time": "2011-10-11T12:13:53.305Z",
      "project": 3,
      "user": 3
    }
  },
  {
    "pk": 448,
    "model": "catmaid.classinstance",
    "fields": {
      "class_column": 411,
      "name": "",
      "creation_time": "2011-10-11T12:14:46.115Z",
      "edition_time": "2011-10-11T12:14:46.115Z",
      "project": 3,
      "user": 3
    }
  },
  {
    "pk": 450,
    "model": "catmaid.classinstance",
    "fields": {
      "class_column": 411,
      "name": "",
      "creation_time": "2011-10-11T12:14:59.661Z",
      "edition_time": "2011-10-11T12:14:59.661Z",
      "project": 3,
      "user": 3
    }
  },
  {
    "pk": 452,
    "model": "catmaid.classinstance",
    "fields": {
      "class_column": 411,
      "name": "bye",
      "creation_time": "2011-10-12T05:29:11.321Z",
      "edition_time": "2011-10-12T05:29:11.321Z",
      "project": 3,
      "user": 3
    }
  },
  {
    "pk": 454,
    "model": "catmaid.classinstance",
    "fields": {
      "class_column": 411,
      "name": "and",
      "creation_time": "2011-10-12T05:29:21.459Z",
      "edition_time": "2011-10-12T05:29:21.459Z",
      "project": 3,
      "user": 3
    }
  },
  {
    "pk": 456,
    "model": "catmaid.classinstance",
    "fields": {
      "class_column": 411,
      "name": "more",
      "creation_time": "2011-10-12T05:29:27.759Z",
      "edition_time": "2011-10-12T05:29:27.759Z",
      "project": 3,
      "user": 3
    }
  },
  {
    "pk": 458,
    "model": "catmaid.classinstance",
    "fields": {
      "class_column": 411,
      "name": "c005",
      "creation_time": "2011-10-12T05:45:17.870Z",
      "edition_time": "2011-10-12T05:45:17.870Z",
      "project": 3,
      "user": 3
    }
  },
  {
    "pk": 460,
    "model": "catmaid.classinstance",
    "fields": {
      "class_column": 411,
      "name": "hello",
      "creation_time": "2011-10-12T05:52:35.254Z",
      "edition_time": "2011-10-12T05:52:35.254Z",
      "project": 3,
      "user": 3
    }
  },
  {
    "pk": 462,
    "model": "catmaid.classinstance",
    "fields": {
      "class_column": 411,
      "name": "foo",
      "creation_time": "2011-10-12T07:08:01.761Z",
      "edition_time": "2011-10-12T07:08:01.761Z",
      "project": 3,
      "user": 3
    }
  },
  {
    "pk": 465,
    "model": "catmaid.classinstance",
    "fields": {
      "class_column": 411,
      "name": "tubby bye bye",
      "creation_time": "2011-10-12T14:04:21.957Z",
      "edition_time": "2011-10-12T14:04:21.957Z",
      "project": 3,
      "user": 3
    }
  },
  {
    "pk": 485,
    "model": "catmaid.classinstance",
    "fields": {
      "class_column": 412,
      "name": "Local",
      "creation_time": "2011-10-14T05:01:46.885Z",
      "edition_time": "2011-10-14T05:01:46.885Z",
      "project": 3,
      "user": 3
    }
  },
  {
    "pk": 487,
    "model": "catmaid.classinstance",
    "fields": {
      "class_column": 412,
      "name": "Non-Local",
      "creation_time": "2011-10-14T05:02:09.927Z",
      "edition_time": "2011-10-14T05:02:09.928Z",
      "project": 3,
      "user": 3
    }
  },
  {
    "pk": 523,
    "model": "catmaid.classinstance",
    "fields": {
      "class_column": 519,
      "name": "neuropile",
      "creation_time": "2011-10-29T04:05:55.864Z",
      "edition_time": "2011-10-29T04:05:55.864Z",
      "project": 4,
      "user": 3
    }
  },
  {
    "pk": 2323,
    "model": "catmaid.classinstance",
    "fields": {
      "class_column": 112,
      "name": "neuropile",
      "creation_time": "2011-01-13T09:10:41.563Z",
      "edition_time": "2011-01-13T09:10:41.563Z",
      "project": 3,
      "user": 3
    }
  },
  {
    "pk": 2333,
    "model": "catmaid.classinstance",
    "fields": {
      "class_column": 2329,
      "name": "neuropile",
      "creation_time": "2011-10-29T04:33:34.263Z",
      "edition_time": "2011-10-29T04:33:34.263Z",
      "project": 5,
      "user": 3
    }
  },
  {
    "pk": 2342,
    "model": "catmaid.classinstance",
    "fields": {
      "class_column": 33,
      "name": "uncertain end",
      "creation_time": "2011-10-31T05:22:24.134Z",
      "edition_time": "2011-10-31T05:22:24.134Z",
      "project": 3,
      "user": 3
    }
  },
  {
    "pk": 2345,
    "model": "catmaid.classinstance",
    "fields": {
      "class_column": 33,
      "name": "t",
      "creation_time": "2011-10-31T05:22:29.999Z",
      "edition_time": "2011-10-31T05:22:29.999Z",
      "project": 3,
      "user": 3
    }
  },
  {
    "pk": 2353,
    "model": "catmaid.classinstance",
    "fields": {
      "class_column": 33,
      "name": "synapse with more targets",
      "creation_time": "2011-10-31T05:24:57.406Z",
      "edition_time": "2011-10-31T05:24:57.406Z",
      "project": 3,
      "user": 3
    }
  },
  {
    "pk": 2364,
    "model": "catmaid.classinstance",
    "fields": {
      "class_column": 14,
      "name": "skeleton 2364",
      "creation_time": "2011-11-01T12:54:42.122Z",
      "edition_time": "2011-11-01T12:54:42.122Z",
      "project": 3,
      "user": 2
    }
  },
  {
    "pk": 2365,
    "model": "catmaid.classinstance",
    "fields": {
      "class_column": 5,
      "name": "neuron 2365",
      "creation_time": "2011-11-01T12:54:42.122Z",
      "edition_time": "2011-11-01T12:54:42.122Z",
      "project": 3,
      "user": 2
    }
  },
  {
    "pk": 2381,
    "model": "catmaid.classinstance",
    "fields": {
      "class_column": 5,
      "name": "neuron 2381",
      "creation_time": "2011-11-26T05:35:22.961Z",
      "edition_time": "2011-11-26T05:35:22.961Z",
      "project": 3,
      "user": 3
    }
  },
  {
    "pk": 2388,
    "model": "catmaid.classinstance",
    "fields": {
      "class_column": 14,
      "name": "skeleton 2388",
      "creation_time": "2011-12-09T08:01:37.575Z",
      "edition_time": "2011-12-09T08:01:37.575Z",
      "project": 3,
      "user": 3
    }
  },
  {
    "pk": 2389,
    "model": "catmaid.classinstance",
    "fields": {
      "class_column": 5,
      "name": "neuron 2389",
      "creation_time": "2011-12-09T08:01:37.575Z",
      "edition_time": "2011-12-09T08:01:37.575Z",
      "project": 3,
      "user": 3
    }
  },
  {
    "pk": 2411,
    "model": "catmaid.classinstance",
    "fields": {
      "class_column": 14,
      "name": "skeleton 2411",
      "creation_time": "2011-12-09T08:01:59.149Z",
      "edition_time": "2011-12-09T08:01:59.149Z",
      "project": 3,
      "user": 3
    }
  },
  {
    "pk": 2412,
    "model": "catmaid.classinstance",
    "fields": {
      "class_column": 5,
      "name": "neuron 2412",
      "creation_time": "2011-12-09T08:01:59.149Z",
      "edition_time": "2011-12-09T08:01:59.149Z",
      "project": 3,
      "user": 3
    }
  },
  {
    "pk": 2433,
    "model": "catmaid.classinstance",
    "fields": {
      "class_column": 14,
      "name": "skeleton 2433",
      "creation_time": "2012-07-22T16:50:57.758Z",
      "edition_time": "2012-07-22T16:50:57.758Z",
      "project": 3,
      "user": 3
    }
  },
  {
    "pk": 2434,
    "model": "catmaid.classinstance",
    "fields": {
      "class_column": 5,
      "name": "neuron 2434",
      "creation_time": "2012-07-22T16:50:57.758Z",
      "edition_time": "2012-07-22T16:50:57.758Z",
      "project": 3,
      "user": 3
    }
  },
  {
    "pk": 2440,
    "model": "catmaid.classinstance",
    "fields": {
      "class_column": 14,
      "name": "skeleton 2440",
      "creation_time": "2012-07-22T19:12:54.541Z",
      "edition_time": "2012-07-22T19:12:54.541Z",
      "project": 3,
      "user": 3
    }
  },
  {
    "pk": 2441,
    "model": "catmaid.classinstance",
    "fields": {
      "class_column": 5,
      "name": "neuron 2441",
      "creation_time": "2012-07-22T19:12:54.541Z",
      "edition_time": "2012-07-22T19:12:54.541Z",
      "project": 3,
      "user": 3
    }
  },
  {
    "pk": 2451,
    "model": "catmaid.classinstance",
    "fields": {
      "class_column": 14,
      "name": "skeleton 2451",
      "creation_time": "2012-07-22T19:15:24.010Z",
      "edition_time": "2012-07-22T19:15:24.010Z",
      "project": 3,
      "user": 3
    }
  },
  {
    "pk": 2452,
    "model": "catmaid.classinstance",
    "fields": {
      "class_column": 5,
      "name": "neuron 2452",
      "creation_time": "2012-07-22T19:15:24.010Z",
      "edition_time": "2012-07-22T19:15:24.010Z",
      "project": 3,
      "user": 3
    }
  },
  {
    "pk": 2462,
    "model": "catmaid.classinstance",
    "fields": {
      "class_column": 14,
      "name": "skeleton 2462",
      "creation_time": "2016-03-09T18:10:19.640Z",
      "edition_time": "2016-03-09T18:10:19.633Z",
      "project": 3,
      "user": 3
    }
  },
  {
    "pk": 2463,
    "model": "catmaid.classinstance",
    "fields": {
      "class_column": 5,
      "name": "neuron 2463",
      "creation_time": "2016-03-09T18:10:19.646Z",
      "edition_time": "2016-03-09T18:10:19.633Z",
      "project": 3,
      "user": 3
    }
  },
  {
    "pk": 2468,
    "model": "catmaid.classinstance",
    "fields": {
      "class_column": 14,
      "name": "skeleton 2468",
      "creation_time": "2016-03-09T18:10:42.849Z",
      "edition_time": "2016-03-09T18:10:42.844Z",
      "project": 3,
      "user": 3
    }
  },
  {
    "pk": 2469,
    "model": "catmaid.classinstance",
    "fields": {
      "class_column": 5,
      "name": "neuron 2469",
      "creation_time": "2016-03-09T18:10:42.855Z",
      "edition_time": "2016-03-09T18:10:42.844Z",
      "project": 3,
      "user": 3
    }
  },
  {
    "pk": 1,
    "model": "catmaid.stackgroup",
    "fields": {
      "comment": null,
      "title": "Test group"
    }
  },
  {
    "pk": 108,
    "model": "catmaid.relation",
    "fields": {
      "description": null,
      "isreciprocal": false,
      "creation_time": "2010-08-26T13:08:19.488Z",
      "uri": null,
      "edition_time": "2010-08-26T13:08:19.488Z",
      "project": 3,
      "relation_name": "is_a",
      "user": 5
    }
  },
  {
    "pk": 109,
    "model": "catmaid.relation",
    "fields": {
      "description": null,
      "isreciprocal": false,
      "creation_time": "2010-08-26T13:15:22.408Z",
      "uri": null,
      "edition_time": "2010-08-26T13:15:22.408Z",
      "project": 3,
      "relation_name": "part_of",
      "user": 5
    }
  },
  {
    "pk": 1010,
    "model": "catmaid.relation",
    "fields": {
      "description": null,
      "isreciprocal": false,
      "creation_time": "2010-08-26T13:15:31.939Z",
      "uri": null,
      "edition_time": "2010-08-26T13:15:31.939Z",
      "project": 3,
      "relation_name": "model_of",
      "user": 5
    }
  },
  {
    "pk": 1011,
    "model": "catmaid.relation",
    "fields": {
      "description": null,
      "isreciprocal": false,
      "creation_time": "2010-08-26T13:15:41.060Z",
      "uri": null,
      "edition_time": "2010-08-26T13:15:41.060Z",
      "project": 3,
      "relation_name": "element_of",
      "user": 5
    }
  },
  {
    "pk": 1023,
    "model": "catmaid.relation",
    "fields": {
      "description": null,
      "isreciprocal": false,
      "creation_time": "2010-08-26T15:20:51.554Z",
      "uri": null,
      "edition_time": "2010-08-26T15:20:51.554Z",
      "project": 3,
      "relation_name": "presynaptic_to",
      "user": 5
    }
  },
  {
    "pk": 1024,
    "model": "catmaid.relation",
    "fields": {
      "description": null,
      "isreciprocal": false,
      "creation_time": "2010-08-26T15:21:35.859Z",
      "uri": null,
      "edition_time": "2010-08-26T15:21:35.859Z",
      "project": 3,
      "relation_name": "postsynaptic_to",
      "user": 5
    }
  },
  {
    "pk": 1025,
    "model": "catmaid.relation",
    "fields": {
      "description": null,
      "isreciprocal": false,
      "creation_time": "2010-08-26T15:21:35.859Z",
      "uri": null,
      "edition_time": "2010-08-26T15:21:35.859Z",
      "project": 3,
      "relation_name": "gapjunction_with",
      "user": 5
    }
  },
  {
    "pk": 1026,
    "model": "catmaid.relation",
    "fields": {
      "description": null,
      "isreciprocal": false,
      "creation_time": "2011-10-29T04:33:34.263Z",
      "uri": null,
      "edition_time": "2011-10-29T04:33:34.263Z",
      "project": 3,
      "relation_name": "attached_to",
      "user": 5
    }
  },
  {
    "pk": 1027,
    "model": "catmaid.relation",
    "fields": {
      "description": null,
      "isreciprocal": false,
      "creation_time": "2011-10-29T04:33:34.263Z",
      "uri": null,
      "edition_time": "2011-10-29T04:33:34.263Z",
      "project": 3,
      "relation_name": "close_to",
      "user": 5
    }
  },
  {
    "pk": 1035,
    "model": "catmaid.relation",
    "fields": {
      "description": null,
      "isreciprocal": false,
      "creation_time": "2010-08-27T11:30:10.480Z",
      "uri": null,
      "edition_time": "2010-08-27T11:30:10.480Z",
      "project": 3,
      "relation_name": "labeled_as",
      "user": 3
    }
  },
  {
    "pk": 10413,
    "model": "catmaid.relation",
    "fields": {
      "description": null,
      "isreciprocal": false,
      "creation_time": "2011-10-04T13:32:34.506Z",
      "uri": null,
      "edition_time": "2011-10-04T13:32:34.506Z",
      "project": 3,
      "relation_name": "expresses_in",
      "user": 3
    }
  },
  {
    "pk": 10414,
    "model": "catmaid.relation",
    "fields": {
      "description": null,
      "isreciprocal": false,
      "creation_time": "2011-10-04T13:32:34.506Z",
      "uri": null,
      "edition_time": "2011-10-04T13:32:34.506Z",
      "project": 3,
      "relation_name": "has_cell_body",
      "user": 3
    }
  },
  {
    "pk": 102461,
    "model": "catmaid.relation",
    "fields": {
      "description": null,
      "isreciprocal": false,
      "creation_time": "2011-10-29T04:33:34.263Z",
      "uri": null,
      "edition_time": "2011-10-29T04:33:34.263Z",
      "project": 3,
      "relation_name": "abutting",
      "user": 3
    }
  },
  {
    "pk": 102462,
    "model": "catmaid.relation",
    "fields": {
      "description": null,
      "isreciprocal": false,
      "creation_time": "2011-10-29T04:33:34.263Z",
      "uri": null,
      "edition_time": "2011-10-29T04:33:34.263Z",
      "project": 3,
      "relation_name": "tightjunction_with",
      "user": 3
    }
  },
  {
    "pk": 102463,
    "model": "catmaid.relation",
    "fields": {
      "description": null,
      "isreciprocal": false,
      "creation_time": "2011-10-29T04:33:34.263Z",
      "uri": null,
      "edition_time": "2011-10-29T04:33:34.263Z",
      "project": 3,
      "relation_name": "desmosome_with",
      "user": 3
    }
  },
  {
    "pk": 10524,
    "model": "catmaid.relation",
    "fields": {
      "description": null,
      "isreciprocal": false,
      "creation_time": "2011-10-29T04:05:55.864Z",
      "uri": null,
      "edition_time": "2011-10-29T04:05:55.864Z",
      "project": 4,
      "relation_name": "labeled_as",
      "user": 3
    }
  },
  {
    "pk": 10525,
    "model": "catmaid.relation",
    "fields": {
      "description": null,
      "isreciprocal": false,
      "creation_time": "2011-10-29T04:05:55.864Z",
      "uri": null,
      "edition_time": "2011-10-29T04:05:55.864Z",
      "project": 4,
      "relation_name": "postsynaptic_to",
      "user": 3
    }
  },
  {
    "pk": 10526,
    "model": "catmaid.relation",
    "fields": {
      "description": null,
      "isreciprocal": false,
      "creation_time": "2011-10-29T04:05:55.864Z",
      "uri": null,
      "edition_time": "2011-10-29T04:05:55.864Z",
      "project": 4,
      "relation_name": "presynaptic_to",
      "user": 3
    }
  },
  {
    "pk": 10527,
    "model": "catmaid.relation",
    "fields": {
      "description": null,
      "isreciprocal": false,
      "creation_time": "2011-10-29T04:05:55.864Z",
      "uri": null,
      "edition_time": "2011-10-29T04:05:55.864Z",
      "project": 4,
      "relation_name": "element_of",
      "user": 3
    }
  },
  {
    "pk": 10528,
    "model": "catmaid.relation",
    "fields": {
      "description": null,
      "isreciprocal": false,
      "creation_time": "2011-10-29T04:05:55.864Z",
      "uri": null,
      "edition_time": "2011-10-29T04:05:55.864Z",
      "project": 4,
      "relation_name": "model_of",
      "user": 3
    }
  },
  {
    "pk": 10529,
    "model": "catmaid.relation",
    "fields": {
      "description": null,
      "isreciprocal": false,
      "creation_time": "2011-10-29T04:05:55.864Z",
      "uri": null,
      "edition_time": "2011-10-29T04:05:55.864Z",
      "project": 4,
      "relation_name": "part_of",
      "user": 3
    }
  },
  {
    "pk": 10530,
    "model": "catmaid.relation",
    "fields": {
      "description": null,
      "isreciprocal": false,
      "creation_time": "2011-10-29T04:05:55.864Z",
      "uri": null,
      "edition_time": "2011-10-29T04:05:55.864Z",
      "project": 4,
      "relation_name": "is_a",
      "user": 3
    }
  },
  {
    "pk": 102460,
    "model": "catmaid.relation",
    "fields": {
      "description": null,
      "isreciprocal": false,
      "creation_time": "2011-10-29T04:33:34.263Z",
      "uri": null,
      "edition_time": "2011-10-29T04:33:34.263Z",
      "project": 4,
      "relation_name": "abutting",
      "user": 3
    }
  },
  {
    "pk": 102334,
    "model": "catmaid.relation",
    "fields": {
      "description": null,
      "isreciprocal": false,
      "creation_time": "2011-10-29T04:33:34.263Z",
      "uri": null,
      "edition_time": "2011-10-29T04:33:34.263Z",
      "project": 5,
      "relation_name": "labeled_as",
      "user": 3
    }
  },
  {
    "pk": 102335,
    "model": "catmaid.relation",
    "fields": {
      "description": null,
      "isreciprocal": false,
      "creation_time": "2011-10-29T04:33:34.263Z",
      "uri": null,
      "edition_time": "2011-10-29T04:33:34.263Z",
      "project": 5,
      "relation_name": "postsynaptic_to",
      "user": 3
    }
  },
  {
    "pk": 102336,
    "model": "catmaid.relation",
    "fields": {
      "description": null,
      "isreciprocal": false,
      "creation_time": "2011-10-29T04:33:34.263Z",
      "uri": null,
      "edition_time": "2011-10-29T04:33:34.263Z",
      "project": 5,
      "relation_name": "presynaptic_to",
      "user": 3
    }
  },
  {
    "pk": 102337,
    "model": "catmaid.relation",
    "fields": {
      "description": null,
      "isreciprocal": false,
      "creation_time": "2011-10-29T04:33:34.263Z",
      "uri": null,
      "edition_time": "2011-10-29T04:33:34.263Z",
      "project": 5,
      "relation_name": "element_of",
      "user": 3
    }
  },
  {
    "pk": 102338,
    "model": "catmaid.relation",
    "fields": {
      "description": null,
      "isreciprocal": false,
      "creation_time": "2011-10-29T04:33:34.263Z",
      "uri": null,
      "edition_time": "2011-10-29T04:33:34.263Z",
      "project": 5,
      "relation_name": "model_of",
      "user": 3
    }
  },
  {
    "pk": 102339,
    "model": "catmaid.relation",
    "fields": {
      "description": null,
      "isreciprocal": false,
      "creation_time": "2011-10-29T04:33:34.263Z",
      "uri": null,
      "edition_time": "2011-10-29T04:33:34.263Z",
      "project": 5,
      "relation_name": "part_of",
      "user": 3
    }
  },
  {
    "pk": 102340,
    "model": "catmaid.relation",
    "fields": {
      "description": null,
      "isreciprocal": false,
      "creation_time": "2011-10-29T04:33:34.263Z",
      "uri": null,
      "edition_time": "2011-10-29T04:33:34.263Z",
      "project": 5,
      "relation_name": "is_a",
      "user": 3
    }
  },
  {
    "pk": 102459,
    "model": "catmaid.relation",
    "fields": {
      "description": null,
      "isreciprocal": false,
      "creation_time": "2011-10-29T04:33:34.263Z",
      "uri": null,
      "edition_time": "2011-10-29T04:33:34.263Z",
      "project": 5,
      "relation_name": "abutting",
      "user": 3
    }
  },
  {
    "pk": 1,
    "model": "catmaid.stackstackgroup",
    "fields": {
      "group_relation": 1,
      "position": 0,
      "stack": 5,
      "stack_group": 1
    }
  },
  {
    "pk": 1,
    "model": "catmaid.stackgrouprelation",
    "fields": {
      "name": "view"
    }
  },
  {
    "pk": 3,
    "model": "catmaid.relationinstance",
    "fields": {
      "project": 3,
      "relation": 1010,
      "creation_time": "2011-09-04T07:53:41.243Z",
      "user": 3,
      "edition_time": "2011-09-04T07:53:41.243Z"
    }
  },
  {
    "pk": 5,
    "model": "catmaid.relationinstance",
    "fields": {
      "project": 3,
      "relation": 109,
      "creation_time": "2011-09-04T07:53:41.243Z",
      "user": 3,
      "edition_time": "2011-09-04T07:53:41.243Z"
    }
  },
  {
    "pk": 6,
    "model": "catmaid.relationinstance",
    "fields": {
      "project": 3,
      "relation": 109,
      "creation_time": "2011-09-04T07:53:41.243Z",
      "user": 3,
      "edition_time": "2011-09-04T07:53:41.243Z"
    }
  },
  {
    "pk": 232,
    "model": "catmaid.relationinstance",
    "fields": {
      "project": 3,
      "relation": 109,
      "creation_time": "2011-09-27T07:48:43.167Z",
      "user": 3,
      "edition_time": "2011-09-27T07:48:43.167Z"
    }
  },
  {
    "pk": 234,
    "model": "catmaid.relationinstance",
    "fields": {
      "project": 3,
      "relation": 109,
      "creation_time": "2011-09-27T07:48:58.901Z",
      "user": 3,
      "edition_time": "2011-09-27T07:48:58.901Z"
    }
  },
  {
    "pk": 236,
    "model": "catmaid.relationinstance",
    "fields": {
      "project": 3,
      "relation": 1010,
      "creation_time": "2011-09-27T07:49:15.802Z",
      "user": 3,
      "edition_time": "2011-09-27T07:49:15.802Z"
    }
  },
  {
    "pk": 363,
    "model": "catmaid.relationinstance",
    "fields": {
      "project": 3,
      "relation": 1010,
      "creation_time": "2011-09-27T07:57:17.808Z",
      "user": 3,
      "edition_time": "2011-09-27T07:57:17.808Z"
    }
  },
  {
    "pk": 365,
    "model": "catmaid.relationinstance",
    "fields": {
      "project": 3,
      "relation": 109,
      "creation_time": "2011-09-27T07:57:17.808Z",
      "user": 3,
      "edition_time": "2011-09-27T07:57:17.808Z"
    }
  },
  {
    "pk": 366,
    "model": "catmaid.relationinstance",
    "fields": {
      "project": 3,
      "relation": 109,
      "creation_time": "2011-09-27T07:57:17.808Z",
      "user": 3,
      "edition_time": "2011-09-27T07:57:17.808Z"
    }
  },
  {
    "pk": 375,
    "model": "catmaid.relationinstance",
    "fields": {
      "project": 3,
      "relation": 1010,
      "creation_time": "2011-09-27T07:57:19.447Z",
      "user": 3,
      "edition_time": "2011-09-27T07:57:19.447Z"
    }
  },
  {
    "pk": 376,
    "model": "catmaid.relationinstance",
    "fields": {
      "project": 3,
      "relation": 109,
      "creation_time": "2011-09-27T07:57:19.447Z",
      "user": 3,
      "edition_time": "2011-09-27T07:57:19.447Z"
    }
  },
  {
    "pk": 459,
    "model": "catmaid.relationinstance",
    "fields": {
      "project": 3,
      "relation": 10413,
      "creation_time": "2011-10-12T05:45:38.932Z",
      "user": 3,
      "edition_time": "2011-10-12T05:45:38.932Z"
    }
  },
  {
    "pk": 467,
    "model": "catmaid.relationinstance",
    "fields": {
      "project": 3,
      "relation": 10413,
      "creation_time": "2011-10-12T14:41:38.786Z",
      "user": 3,
      "edition_time": "2011-10-12T14:41:38.786Z"
    }
  },
  {
    "pk": 486,
    "model": "catmaid.relationinstance",
    "fields": {
      "project": 3,
      "relation": 10414,
      "creation_time": "2011-10-14T05:01:47.280Z",
      "user": 3,
      "edition_time": "2011-10-14T05:01:47.280Z"
    }
  },
  {
    "pk": 488,
    "model": "catmaid.relationinstance",
    "fields": {
      "project": 3,
      "relation": 10414,
      "creation_time": "2011-10-14T05:02:09.976Z",
      "user": 3,
      "edition_time": "2011-10-14T05:02:09.976Z"
    }
  },
  {
    "pk": 514,
    "model": "catmaid.relationinstance",
    "fields": {
      "project": 3,
      "relation": 10413,
      "creation_time": "2011-10-28T04:57:18.966Z",
      "user": 3,
      "edition_time": "2011-10-28T04:57:18.966Z"
    }
  },
  {
    "pk": 2366,
    "model": "catmaid.relationinstance",
    "fields": {
      "project": 3,
      "relation": 1010,
      "creation_time": "2011-11-01T12:54:42.122Z",
      "user": 2,
      "edition_time": "2011-11-01T12:54:42.122Z"
    }
  },
  {
    "pk": 2367,
    "model": "catmaid.relationinstance",
    "fields": {
      "project": 3,
      "relation": 109,
      "creation_time": "2011-11-01T12:54:42.122Z",
      "user": 2,
      "edition_time": "2011-11-01T12:54:42.122Z"
    }
  },
  {
    "pk": 2383,
    "model": "catmaid.relationinstance",
    "fields": {
      "project": 3,
      "relation": 109,
      "creation_time": "2011-11-26T05:35:22.961Z",
      "user": 3,
      "edition_time": "2011-11-26T05:35:22.961Z"
    }
  },
  {
    "pk": 2390,
    "model": "catmaid.relationinstance",
    "fields": {
      "project": 3,
      "relation": 1010,
      "creation_time": "2011-12-09T08:01:37.575Z",
      "user": 3,
      "edition_time": "2011-12-09T08:01:37.575Z"
    }
  },
  {
    "pk": 2391,
    "model": "catmaid.relationinstance",
    "fields": {
      "project": 3,
      "relation": 109,
      "creation_time": "2011-12-09T08:01:37.575Z",
      "user": 3,
      "edition_time": "2011-12-09T08:01:37.575Z"
    }
  },
  {
    "pk": 2413,
    "model": "catmaid.relationinstance",
    "fields": {
      "project": 3,
      "relation": 1010,
      "creation_time": "2011-12-09T08:01:59.149Z",
      "user": 3,
      "edition_time": "2011-12-09T08:01:59.149Z"
    }
  },
  {
    "pk": 2414,
    "model": "catmaid.relationinstance",
    "fields": {
      "project": 3,
      "relation": 109,
      "creation_time": "2011-12-09T08:01:59.149Z",
      "user": 3,
      "edition_time": "2011-12-09T08:01:59.149Z"
    }
  },
  {
    "pk": 2435,
    "model": "catmaid.relationinstance",
    "fields": {
      "project": 3,
      "relation": 1010,
      "creation_time": "2012-07-22T16:50:57.758Z",
      "user": 3,
      "edition_time": "2012-07-22T16:50:57.758Z"
    }
  },
  {
    "pk": 2436,
    "model": "catmaid.relationinstance",
    "fields": {
      "project": 3,
      "relation": 109,
      "creation_time": "2012-07-22T16:50:57.758Z",
      "user": 3,
      "edition_time": "2012-07-22T16:50:57.758Z"
    }
  },
  {
    "pk": 2442,
    "model": "catmaid.relationinstance",
    "fields": {
      "project": 3,
      "relation": 1010,
      "creation_time": "2012-07-22T19:12:54.541Z",
      "user": 3,
      "edition_time": "2012-07-22T19:12:54.541Z"
    }
  },
  {
    "pk": 2443,
    "model": "catmaid.relationinstance",
    "fields": {
      "project": 3,
      "relation": 109,
      "creation_time": "2012-07-22T19:12:54.541Z",
      "user": 3,
      "edition_time": "2012-07-22T19:12:54.541Z"
    }
  },
  {
    "pk": 2453,
    "model": "catmaid.relationinstance",
    "fields": {
      "project": 3,
      "relation": 1010,
      "creation_time": "2012-07-22T19:15:24.010Z",
      "user": 3,
      "edition_time": "2012-07-22T19:15:24.010Z"
    }
  },
  {
    "pk": 2454,
    "model": "catmaid.relationinstance",
    "fields": {
      "project": 3,
      "relation": 109,
      "creation_time": "2012-07-22T19:15:24.010Z",
      "user": 3,
      "edition_time": "2012-07-22T19:15:24.010Z"
    }
  },
  {
    "pk": 2354,
    "model": "catmaid.relationinstance",
    "fields": {
      "project": 3,
      "relation": 1035,
      "creation_time": "2011-10-31T05:24:57.406Z",
      "user": 3,
      "edition_time": "2011-10-31T05:24:57.406Z"
    }
  },
  {
    "pk": 2355,
    "model": "catmaid.relationinstance",
    "fields": {
      "project": 3,
      "relation": 1035,
      "creation_time": "2011-10-31T05:24:57.406Z",
      "user": 3,
      "edition_time": "2011-10-31T05:24:57.406Z"
    }
  },
  {
    "pk": 8,
    "model": "catmaid.relationinstance",
    "fields": {
      "project": 3,
      "relation": 1011,
      "creation_time": "2011-09-04T07:53:41.243Z",
      "user": 3,
      "edition_time": "2011-09-04T07:53:41.243Z"
    }
  },
  {
    "pk": 12,
    "model": "catmaid.relationinstance",
    "fields": {
      "project": 3,
      "relation": 1011,
      "creation_time": "2011-09-04T07:54:16.301Z",
      "user": 3,
      "edition_time": "2011-09-04T07:54:16.301Z"
    }
  },
  {
    "pk": 14,
    "model": "catmaid.relationinstance",
    "fields": {
      "project": 3,
      "relation": 1011,
      "creation_time": "2011-09-04T07:54:24.528Z",
      "user": 3,
      "edition_time": "2011-09-04T07:54:24.528Z"
    }
  },
  {
    "pk": 16,
    "model": "catmaid.relationinstance",
    "fields": {
      "project": 3,
      "relation": 1011,
      "creation_time": "2011-09-04T07:54:26.464Z",
      "user": 3,
      "edition_time": "2011-09-04T07:54:26.464Z"
    }
  },
  {
    "pk": 18,
    "model": "catmaid.relationinstance",
    "fields": {
      "project": 3,
      "relation": 1011,
      "creation_time": "2011-09-04T07:54:28.523Z",
      "user": 3,
      "edition_time": "2011-09-04T07:54:28.523Z"
    }
  },
  {
    "pk": 238,
    "model": "catmaid.relationinstance",
    "fields": {
      "project": 3,
      "relation": 1011,
      "creation_time": "2011-09-27T07:49:15.802Z",
      "user": 3,
      "edition_time": "2011-09-27T07:49:15.802Z"
    }
  },
  {
    "pk": 240,
    "model": "catmaid.relationinstance",
    "fields": {
      "project": 3,
      "relation": 1011,
      "creation_time": "2011-09-27T07:49:16.553Z",
      "user": 3,
      "edition_time": "2011-09-27T07:49:16.553Z"
    }
  },
  {
    "pk": 242,
    "model": "catmaid.relationinstance",
    "fields": {
      "project": 3,
      "relation": 1011,
      "creation_time": "2011-09-27T07:49:17.217Z",
      "user": 3,
      "edition_time": "2011-09-27T07:49:17.217Z"
    }
  },
  {
    "pk": 244,
    "model": "catmaid.relationinstance",
    "fields": {
      "project": 3,
      "relation": 1011,
      "creation_time": "2011-09-27T07:49:17.660Z",
      "user": 3,
      "edition_time": "2011-09-27T07:49:17.660Z"
    }
  },
  {
    "pk": 246,
    "model": "catmaid.relationinstance",
    "fields": {
      "project": 3,
      "relation": 1011,
      "creation_time": "2011-09-27T07:49:18.343Z",
      "user": 3,
      "edition_time": "2011-09-27T07:49:18.343Z"
    }
  },
  {
    "pk": 248,
    "model": "catmaid.relationinstance",
    "fields": {
      "project": 3,
      "relation": 1011,
      "creation_time": "2011-09-27T07:49:19.012Z",
      "user": 3,
      "edition_time": "2011-09-27T07:49:19.012Z"
    }
  },
  {
    "pk": 250,
    "model": "catmaid.relationinstance",
    "fields": {
      "project": 3,
      "relation": 1011,
      "creation_time": "2011-09-27T07:49:19.887Z",
      "user": 3,
      "edition_time": "2011-09-27T07:49:19.887Z"
    }
  },
  {
    "pk": 252,
    "model": "catmaid.relationinstance",
    "fields": {
      "project": 3,
      "relation": 1011,
      "creation_time": "2011-09-27T07:49:20.514Z",
      "user": 3,
      "edition_time": "2011-09-27T07:49:20.514Z"
    }
  },
  {
    "pk": 254,
    "model": "catmaid.relationinstance",
    "fields": {
      "project": 3,
      "relation": 1011,
      "creation_time": "2011-09-27T07:49:21.493Z",
      "user": 3,
      "edition_time": "2011-09-27T07:49:21.493Z"
    }
  },
  {
    "pk": 256,
    "model": "catmaid.relationinstance",
    "fields": {
      "project": 3,
      "relation": 1011,
      "creation_time": "2011-09-27T07:49:22.835Z",
      "user": 3,
      "edition_time": "2011-09-27T07:49:22.835Z"
    }
  },
  {
    "pk": 258,
    "model": "catmaid.relationinstance",
    "fields": {
      "project": 3,
      "relation": 1011,
      "creation_time": "2011-09-27T07:49:23.591Z",
      "user": 3,
      "edition_time": "2011-09-27T07:49:23.591Z"
    }
  },
  {
    "pk": 260,
    "model": "catmaid.relationinstance",
    "fields": {
      "project": 3,
      "relation": 1011,
      "creation_time": "2011-09-27T07:49:24.879Z",
      "user": 3,
      "edition_time": "2011-09-27T07:49:24.879Z"
    }
  },
  {
    "pk": 262,
    "model": "catmaid.relationinstance",
    "fields": {
      "project": 3,
      "relation": 1011,
      "creation_time": "2011-09-27T07:49:25.549Z",
      "user": 3,
      "edition_time": "2011-09-27T07:49:25.549Z"
    }
  },
  {
    "pk": 264,
    "model": "catmaid.relationinstance",
    "fields": {
      "project": 3,
      "relation": 1011,
      "creation_time": "2011-09-27T07:49:27.637Z",
      "user": 3,
      "edition_time": "2011-09-27T07:49:27.637Z"
    }
  },
  {
    "pk": 266,
    "model": "catmaid.relationinstance",
    "fields": {
      "project": 3,
      "relation": 1011,
      "creation_time": "2011-09-27T07:49:28.080Z",
      "user": 3,
      "edition_time": "2011-09-27T07:49:28.080Z"
    }
  },
  {
    "pk": 268,
    "model": "catmaid.relationinstance",
    "fields": {
      "project": 3,
      "relation": 1011,
      "creation_time": "2011-09-27T07:49:28.515Z",
      "user": 3,
      "edition_time": "2011-09-27T07:49:28.515Z"
    }
  },
  {
    "pk": 270,
    "model": "catmaid.relationinstance",
    "fields": {
      "project": 3,
      "relation": 1011,
      "creation_time": "2011-09-27T07:49:31.952Z",
      "user": 3,
      "edition_time": "2011-09-27T07:49:31.952Z"
    }
  },
  {
    "pk": 272,
    "model": "catmaid.relationinstance",
    "fields": {
      "project": 3,
      "relation": 1011,
      "creation_time": "2011-09-27T07:49:32.376Z",
      "user": 3,
      "edition_time": "2011-09-27T07:49:32.376Z"
    }
  },
  {
    "pk": 274,
    "model": "catmaid.relationinstance",
    "fields": {
      "project": 3,
      "relation": 1011,
      "creation_time": "2011-09-27T07:49:32.824Z",
      "user": 3,
      "edition_time": "2011-09-27T07:49:32.824Z"
    }
  },
  {
    "pk": 276,
    "model": "catmaid.relationinstance",
    "fields": {
      "project": 3,
      "relation": 1011,
      "creation_time": "2011-09-27T07:49:33.254Z",
      "user": 3,
      "edition_time": "2011-09-27T07:49:33.254Z"
    }
  },
  {
    "pk": 278,
    "model": "catmaid.relationinstance",
    "fields": {
      "project": 3,
      "relation": 1011,
      "creation_time": "2011-09-27T07:49:33.770Z",
      "user": 3,
      "edition_time": "2011-09-27T07:49:33.770Z"
    }
  },
  {
    "pk": 280,
    "model": "catmaid.relationinstance",
    "fields": {
      "project": 3,
      "relation": 1011,
      "creation_time": "2011-09-27T07:49:35.689Z",
      "user": 3,
      "edition_time": "2011-09-27T07:49:35.689Z"
    }
  },
  {
    "pk": 282,
    "model": "catmaid.relationinstance",
    "fields": {
      "project": 3,
      "relation": 1011,
      "creation_time": "2011-09-27T07:49:36.374Z",
      "user": 3,
      "edition_time": "2011-09-27T07:49:36.374Z"
    }
  },
  {
    "pk": 284,
    "model": "catmaid.relationinstance",
    "fields": {
      "project": 3,
      "relation": 1011,
      "creation_time": "2011-09-27T07:49:36.843Z",
      "user": 3,
      "edition_time": "2011-09-27T07:49:36.843Z"
    }
  },
  {
    "pk": 286,
    "model": "catmaid.relationinstance",
    "fields": {
      "project": 3,
      "relation": 1011,
      "creation_time": "2011-09-27T07:49:37.269Z",
      "user": 3,
      "edition_time": "2011-09-27T07:49:37.269Z"
    }
  },
  {
    "pk": 290,
    "model": "catmaid.relationinstance",
    "fields": {
      "project": 3,
      "relation": 1011,
      "creation_time": "2011-09-27T07:49:38.607Z",
      "user": 3,
      "edition_time": "2011-09-27T07:49:38.607Z"
    }
  },
  {
    "pk": 294,
    "model": "catmaid.relationinstance",
    "fields": {
      "project": 3,
      "relation": 1011,
      "creation_time": "2011-09-27T07:54:31.891Z",
      "user": 3,
      "edition_time": "2011-09-27T07:54:31.891Z"
    }
  },
  {
    "pk": 296,
    "model": "catmaid.relationinstance",
    "fields": {
      "project": 3,
      "relation": 1011,
      "creation_time": "2011-09-27T07:54:33.793Z",
      "user": 3,
      "edition_time": "2011-09-27T07:54:33.793Z"
    }
  },
  {
    "pk": 298,
    "model": "catmaid.relationinstance",
    "fields": {
      "project": 3,
      "relation": 1011,
      "creation_time": "2011-09-27T07:54:35.521Z",
      "user": 3,
      "edition_time": "2011-09-27T07:54:35.521Z"
    }
  },
  {
    "pk": 300,
    "model": "catmaid.relationinstance",
    "fields": {
      "project": 3,
      "relation": 1011,
      "creation_time": "2011-09-27T07:54:37.211Z",
      "user": 3,
      "edition_time": "2011-09-27T07:54:37.211Z"
    }
  },
  {
    "pk": 302,
    "model": "catmaid.relationinstance",
    "fields": {
      "project": 3,
      "relation": 1011,
      "creation_time": "2011-09-27T07:54:38.863Z",
      "user": 3,
      "edition_time": "2011-09-27T07:54:38.863Z"
    }
  },
  {
    "pk": 304,
    "model": "catmaid.relationinstance",
    "fields": {
      "project": 3,
      "relation": 1011,
      "creation_time": "2011-09-27T07:54:40.603Z",
      "user": 3,
      "edition_time": "2011-09-27T07:54:40.603Z"
    }
  },
  {
    "pk": 306,
    "model": "catmaid.relationinstance",
    "fields": {
      "project": 3,
      "relation": 1011,
      "creation_time": "2011-09-27T07:54:43.902Z",
      "user": 3,
      "edition_time": "2011-09-27T07:54:43.902Z"
    }
  },
  {
    "pk": 310,
    "model": "catmaid.relationinstance",
    "fields": {
      "project": 3,
      "relation": 1011,
      "creation_time": "2011-09-27T07:55:15.319Z",
      "user": 3,
      "edition_time": "2011-09-27T07:55:15.319Z"
    }
  },
  {
    "pk": 312,
    "model": "catmaid.relationinstance",
    "fields": {
      "project": 3,
      "relation": 1011,
      "creation_time": "2011-09-27T07:55:19.502Z",
      "user": 3,
      "edition_time": "2011-09-27T07:55:19.502Z"
    }
  },
  {
    "pk": 314,
    "model": "catmaid.relationinstance",
    "fields": {
      "project": 3,
      "relation": 1011,
      "creation_time": "2011-09-27T07:55:21.329Z",
      "user": 3,
      "edition_time": "2011-09-27T07:55:21.329Z"
    }
  },
  {
    "pk": 316,
    "model": "catmaid.relationinstance",
    "fields": {
      "project": 3,
      "relation": 1011,
      "creation_time": "2011-09-27T07:55:23.334Z",
      "user": 3,
      "edition_time": "2011-09-27T07:55:23.334Z"
    }
  },
  {
    "pk": 318,
    "model": "catmaid.relationinstance",
    "fields": {
      "project": 3,
      "relation": 1011,
      "creation_time": "2011-09-27T07:55:25.134Z",
      "user": 3,
      "edition_time": "2011-09-27T07:55:25.134Z"
    }
  },
  {
    "pk": 320,
    "model": "catmaid.relationinstance",
    "fields": {
      "project": 3,
      "relation": 1011,
      "creation_time": "2011-09-27T07:55:26.647Z",
      "user": 3,
      "edition_time": "2011-09-27T07:55:26.647Z"
    }
  },
  {
    "pk": 322,
    "model": "catmaid.relationinstance",
    "fields": {
      "project": 3,
      "relation": 1011,
      "creation_time": "2011-09-27T07:55:28.081Z",
      "user": 3,
      "edition_time": "2011-09-27T07:55:28.081Z"
    }
  },
  {
    "pk": 324,
    "model": "catmaid.relationinstance",
    "fields": {
      "project": 3,
      "relation": 1011,
      "creation_time": "2011-09-27T07:55:29.498Z",
      "user": 3,
      "edition_time": "2011-09-27T07:55:29.498Z"
    }
  },
  {
    "pk": 326,
    "model": "catmaid.relationinstance",
    "fields": {
      "project": 3,
      "relation": 1011,
      "creation_time": "2011-09-27T07:55:30.721Z",
      "user": 3,
      "edition_time": "2011-09-27T07:55:30.721Z"
    }
  },
  {
    "pk": 336,
    "model": "catmaid.relationinstance",
    "fields": {
      "project": 3,
      "relation": 1011,
      "creation_time": "2011-09-27T07:56:07.198Z",
      "user": 3,
      "edition_time": "2011-09-27T07:56:07.198Z"
    }
  },
  {
    "pk": 338,
    "model": "catmaid.relationinstance",
    "fields": {
      "project": 3,
      "relation": 1011,
      "creation_time": "2011-09-27T07:56:10.196Z",
      "user": 3,
      "edition_time": "2011-09-27T07:56:10.196Z"
    }
  },
  {
    "pk": 340,
    "model": "catmaid.relationinstance",
    "fields": {
      "project": 3,
      "relation": 1011,
      "creation_time": "2011-09-27T07:56:12.174Z",
      "user": 3,
      "edition_time": "2011-09-27T07:56:12.174Z"
    }
  },
  {
    "pk": 342,
    "model": "catmaid.relationinstance",
    "fields": {
      "project": 3,
      "relation": 1011,
      "creation_time": "2011-09-27T07:56:14.347Z",
      "user": 3,
      "edition_time": "2011-09-27T07:56:14.347Z"
    }
  },
  {
    "pk": 344,
    "model": "catmaid.relationinstance",
    "fields": {
      "project": 3,
      "relation": 1011,
      "creation_time": "2011-09-27T07:56:18.238Z",
      "user": 3,
      "edition_time": "2011-09-27T07:56:18.238Z"
    }
  },
  {
    "pk": 346,
    "model": "catmaid.relationinstance",
    "fields": {
      "project": 3,
      "relation": 1011,
      "creation_time": "2011-09-27T07:56:19.960Z",
      "user": 3,
      "edition_time": "2011-09-27T07:56:19.960Z"
    }
  },
  {
    "pk": 348,
    "model": "catmaid.relationinstance",
    "fields": {
      "project": 3,
      "relation": 1011,
      "creation_time": "2011-09-27T07:56:21.927Z",
      "user": 3,
      "edition_time": "2011-09-27T07:56:21.927Z"
    }
  },
  {
    "pk": 350,
    "model": "catmaid.relationinstance",
    "fields": {
      "project": 3,
      "relation": 1011,
      "creation_time": "2011-09-27T07:56:24.082Z",
      "user": 3,
      "edition_time": "2011-09-27T07:56:24.082Z"
    }
  },
  {
    "pk": 353,
    "model": "catmaid.relationinstance",
    "fields": {
      "project": 3,
      "relation": 1035,
      "creation_time": "2011-09-27T07:56:45.996Z",
      "user": 3,
      "edition_time": "2011-09-27T07:56:45.996Z"
    }
  },
  {
    "pk": 368,
    "model": "catmaid.relationinstance",
    "fields": {
      "project": 3,
      "relation": 1011,
      "creation_time": "2011-09-27T07:57:17.808Z",
      "user": 3,
      "edition_time": "2011-09-27T07:57:17.808Z"
    }
  },
  {
    "pk": 378,
    "model": "catmaid.relationinstance",
    "fields": {
      "project": 3,
      "relation": 1011,
      "creation_time": "2011-09-27T07:57:19.447Z",
      "user": 3,
      "edition_time": "2011-09-27T07:57:19.447Z"
    }
  },
  {
    "pk": 384,
    "model": "catmaid.relationinstance",
    "fields": {
      "project": 3,
      "relation": 1011,
      "creation_time": "2011-09-27T07:57:24.747Z",
      "user": 3,
      "edition_time": "2011-09-27T07:57:24.747Z"
    }
  },
  {
    "pk": 386,
    "model": "catmaid.relationinstance",
    "fields": {
      "project": 3,
      "relation": 1011,
      "creation_time": "2011-09-27T07:57:25.555Z",
      "user": 3,
      "edition_time": "2011-09-27T07:57:25.555Z"
    }
  },
  {
    "pk": 388,
    "model": "catmaid.relationinstance",
    "fields": {
      "project": 3,
      "relation": 1011,
      "creation_time": "2011-09-27T07:57:26.310Z",
      "user": 3,
      "edition_time": "2011-09-27T07:57:26.310Z"
    }
  },
  {
    "pk": 392,
    "model": "catmaid.relationinstance",
    "fields": {
      "project": 3,
      "relation": 1011,
      "creation_time": "2011-09-27T07:57:34.626Z",
      "user": 3,
      "edition_time": "2011-09-27T07:57:34.626Z"
    }
  },
  {
    "pk": 394,
    "model": "catmaid.relationinstance",
    "fields": {
      "project": 3,
      "relation": 1011,
      "creation_time": "2011-09-27T07:57:35.676Z",
      "user": 3,
      "edition_time": "2011-09-27T07:57:35.676Z"
    }
  },
  {
    "pk": 396,
    "model": "catmaid.relationinstance",
    "fields": {
      "project": 3,
      "relation": 1011,
      "creation_time": "2011-09-27T07:57:36.318Z",
      "user": 3,
      "edition_time": "2011-09-27T07:57:36.318Z"
    }
  },
  {
    "pk": 398,
    "model": "catmaid.relationinstance",
    "fields": {
      "project": 3,
      "relation": 1011,
      "creation_time": "2011-09-27T07:57:36.995Z",
      "user": 3,
      "edition_time": "2011-09-27T07:57:36.995Z"
    }
  },
  {
    "pk": 400,
    "model": "catmaid.relationinstance",
    "fields": {
      "project": 3,
      "relation": 1011,
      "creation_time": "2011-09-27T07:57:37.518Z",
      "user": 3,
      "edition_time": "2011-09-27T07:57:37.518Z"
    }
  },
  {
    "pk": 404,
    "model": "catmaid.relationinstance",
    "fields": {
      "project": 3,
      "relation": 1011,
      "creation_time": "2011-09-27T07:57:55.026Z",
      "user": 3,
      "edition_time": "2011-09-27T07:57:55.026Z"
    }
  },
  {
    "pk": 406,
    "model": "catmaid.relationinstance",
    "fields": {
      "project": 3,
      "relation": 1011,
      "creation_time": "2011-09-27T07:57:57.310Z",
      "user": 3,
      "edition_time": "2011-09-27T07:57:57.310Z"
    }
  },
  {
    "pk": 408,
    "model": "catmaid.relationinstance",
    "fields": {
      "project": 3,
      "relation": 1011,
      "creation_time": "2011-09-27T07:57:57.976Z",
      "user": 3,
      "edition_time": "2011-09-27T07:57:57.976Z"
    }
  },
  {
    "pk": 410,
    "model": "catmaid.relationinstance",
    "fields": {
      "project": 3,
      "relation": 1011,
      "creation_time": "2011-09-27T07:57:58.454Z",
      "user": 3,
      "edition_time": "2011-09-27T07:57:58.454Z"
    }
  },
  {
    "pk": 416,
    "model": "catmaid.relationinstance",
    "fields": {
      "project": 3,
      "relation": 1011,
      "creation_time": "2011-10-07T07:02:13.511Z",
      "user": 3,
      "edition_time": "2011-10-07T07:02:13.511Z"
    }
  },
  {
    "pk": 418,
    "model": "catmaid.relationinstance",
    "fields": {
      "project": 3,
      "relation": 1011,
      "creation_time": "2011-10-07T07:02:15.176Z",
      "user": 3,
      "edition_time": "2011-10-07T07:02:15.176Z"
    }
  },
  {
    "pk": 2341,
    "model": "catmaid.relationinstance",
    "fields": {
      "project": 3,
      "relation": 1035,
      "creation_time": "2011-10-31T05:21:43.998Z",
      "user": 3,
      "edition_time": "2011-10-31T05:21:43.998Z"
    }
  },
  {
    "pk": 2357,
    "model": "catmaid.relationinstance",
    "fields": {
      "project": 3,
      "relation": 1035,
      "creation_time": "2011-10-31T05:25:15.462Z",
      "user": 3,
      "edition_time": "2011-10-31T05:25:15.462Z"
    }
  },
  {
    "pk": 2369,
    "model": "catmaid.relationinstance",
    "fields": {
      "project": 3,
      "relation": 1011,
      "creation_time": "2011-11-01T12:54:42.122Z",
      "user": 2,
      "edition_time": "2011-11-01T12:54:42.122Z"
    }
  },
  {
    "pk": 2371,
    "model": "catmaid.relationinstance",
    "fields": {
      "project": 3,
      "relation": 1011,
      "creation_time": "2011-11-01T12:54:43.555Z",
      "user": 2,
      "edition_time": "2011-11-01T12:54:43.555Z"
    }
  },
  {
    "pk": 2373,
    "model": "catmaid.relationinstance",
    "fields": {
      "project": 3,
      "relation": 1011,
      "creation_time": "2011-11-01T12:54:44.436Z",
      "user": 2,
      "edition_time": "2011-11-01T12:54:44.436Z"
    }
  },
  {
    "pk": 2375,
    "model": "catmaid.relationinstance",
    "fields": {
      "project": 3,
      "relation": 1011,
      "creation_time": "2011-11-01T12:54:45.793Z",
      "user": 2,
      "edition_time": "2011-11-01T12:54:45.793Z"
    }
  },
  {
    "pk": 2377,
    "model": "catmaid.relationinstance",
    "fields": {
      "project": 3,
      "relation": 1011,
      "creation_time": "2011-11-01T12:54:47.472Z",
      "user": 2,
      "edition_time": "2011-11-01T12:54:47.472Z"
    }
  },
  {
    "pk": 2379,
    "model": "catmaid.relationinstance",
    "fields": {
      "project": 3,
      "relation": 1011,
      "creation_time": "2011-11-01T12:54:48.503Z",
      "user": 2,
      "edition_time": "2011-11-01T12:54:48.503Z"
    }
  },
  {
    "pk": 2393,
    "model": "catmaid.relationinstance",
    "fields": {
      "project": 3,
      "relation": 1011,
      "creation_time": "2011-12-09T08:01:37.575Z",
      "user": 3,
      "edition_time": "2011-12-09T08:01:37.575Z"
    }
  },
  {
    "pk": 2395,
    "model": "catmaid.relationinstance",
    "fields": {
      "project": 3,
      "relation": 1011,
      "creation_time": "2011-12-09T08:01:39.388Z",
      "user": 3,
      "edition_time": "2011-12-09T08:01:39.388Z"
    }
  },
  {
    "pk": 2397,
    "model": "catmaid.relationinstance",
    "fields": {
      "project": 3,
      "relation": 1011,
      "creation_time": "2011-12-09T08:01:40.583Z",
      "user": 3,
      "edition_time": "2011-12-09T08:01:40.583Z"
    }
  },
  {
    "pk": 2416,
    "model": "catmaid.relationinstance",
    "fields": {
      "project": 3,
      "relation": 1011,
      "creation_time": "2011-12-09T08:01:59.149Z",
      "user": 3,
      "edition_time": "2011-12-09T08:01:59.149Z"
    }
  },
  {
    "pk": 2418,
    "model": "catmaid.relationinstance",
    "fields": {
      "project": 3,
      "relation": 1011,
      "creation_time": "2011-12-09T08:02:00.466Z",
      "user": 3,
      "edition_time": "2011-12-09T08:02:00.466Z"
    }
  },
  {
    "pk": 2420,
    "model": "catmaid.relationinstance",
    "fields": {
      "project": 3,
      "relation": 1011,
      "creation_time": "2011-12-09T08:02:01.614Z",
      "user": 3,
      "edition_time": "2011-12-09T08:02:01.614Z"
    }
  },
  {
    "pk": 2424,
    "model": "catmaid.relationinstance",
    "fields": {
      "project": 3,
      "relation": 1011,
      "creation_time": "2011-12-09T08:02:11.175Z",
      "user": 3,
      "edition_time": "2011-12-09T08:02:11.175Z"
    }
  },
  {
    "pk": 2438,
    "model": "catmaid.relationinstance",
    "fields": {
      "project": 3,
      "relation": 1011,
      "creation_time": "2012-07-22T16:50:57.758Z",
      "user": 3,
      "edition_time": "2012-07-22T16:50:57.758Z"
    }
  },
  {
    "pk": 2445,
    "model": "catmaid.relationinstance",
    "fields": {
      "project": 3,
      "relation": 1011,
      "creation_time": "2012-07-22T19:12:54.541Z",
      "user": 3,
      "edition_time": "2012-07-22T19:12:54.541Z"
    }
  },
  {
    "pk": 2448,
    "model": "catmaid.relationinstance",
    "fields": {
      "project": 3,
      "relation": 1011,
      "creation_time": "2012-07-22T19:13:08.185Z",
      "user": 3,
      "edition_time": "2012-07-22T19:13:08.185Z"
    }
  },
  {
    "pk": 2450,
    "model": "catmaid.relationinstance",
    "fields": {
      "project": 3,
      "relation": 1011,
      "creation_time": "2012-07-22T19:13:26.149Z",
      "user": 3,
      "edition_time": "2012-07-22T19:13:26.149Z"
    }
  },
  {
    "pk": 2456,
    "model": "catmaid.relationinstance",
    "fields": {
      "project": 3,
      "relation": 1011,
      "creation_time": "2012-07-22T19:15:24.010Z",
      "user": 3,
      "edition_time": "2012-07-22T19:15:24.010Z"
    }
  },
  {
    "pk": 360,
    "model": "catmaid.relationinstance",
    "fields": {
      "project": 3,
      "relation": 1023,
      "creation_time": "2011-09-27T07:57:15.967Z",
      "user": 3,
      "edition_time": "2011-12-20T10:46:01.360Z"
    }
  },
  {
    "pk": 372,
    "model": "catmaid.relationinstance",
    "fields": {
      "project": 3,
      "relation": 1024,
      "creation_time": "2011-09-27T07:57:18.175Z",
      "user": 3,
      "edition_time": "2011-12-20T10:46:01.360Z"
    }
  },
  {
    "pk": 382,
    "model": "catmaid.relationinstance",
    "fields": {
      "project": 3,
      "relation": 1024,
      "creation_time": "2011-09-27T07:57:19.797Z",
      "user": 3,
      "edition_time": "2011-12-20T10:46:01.360Z"
    }
  },
  {
    "pk": 425,
    "model": "catmaid.relationinstance",
    "fields": {
      "project": 3,
      "relation": 1023,
      "creation_time": "2011-10-07T07:02:22.656Z",
      "user": 3,
      "edition_time": "2011-12-20T10:46:01.360Z"
    }
  },
  {
    "pk": 429,
    "model": "catmaid.relationinstance",
    "fields": {
      "project": 3,
      "relation": 1024,
      "creation_time": "2011-10-07T07:02:29.728Z",
      "user": 3,
      "edition_time": "2011-12-20T10:46:01.360Z"
    }
  },
  {
    "pk": 437,
    "model": "catmaid.relationinstance",
    "fields": {
      "project": 3,
      "relation": 1023,
      "creation_time": "2011-10-11T10:49:08.042Z",
      "user": 3,
      "edition_time": "2011-12-20T10:46:01.360Z"
    }
  },
  {
    "pk": 2405,
    "model": "catmaid.relationinstance",
    "fields": {
      "project": 3,
      "relation": 1023,
      "creation_time": "2011-12-09T08:01:43.965Z",
      "user": 3,
      "edition_time": "2011-12-20T10:46:01.360Z"
    }
  },
  {
    "pk": 2410,
    "model": "catmaid.relationinstance",
    "fields": {
      "project": 3,
      "relation": 1024,
      "creation_time": "2011-12-09T08:01:48.525Z",
      "user": 3,
      "edition_time": "2011-12-20T10:46:01.360Z"
    }
  },
  {
    "pk": 2429,
    "model": "catmaid.relationinstance",
    "fields": {
      "project": 3,
      "relation": 1023,
      "creation_time": "2011-12-09T08:02:16.949Z",
      "user": 3,
      "edition_time": "2011-12-20T10:46:01.360Z"
    }
  },
  {
    "pk": 2464,
    "model": "catmaid.relationinstance",
    "fields": {
      "project": 3,
      "relation": 1010,
      "creation_time": "2016-03-09T18:10:19.650Z",
      "user": 3,
      "edition_time": "2016-03-09T18:10:19.650Z"
    }
  },
  {
    "pk": 2466,
    "model": "catmaid.relationinstance",
    "fields": {
      "project": 3,
      "relation": 1023,
      "creation_time": "2016-03-09T18:10:29.808Z",
      "user": 3,
      "edition_time": "2016-03-09T18:10:29.808Z"
    }
  },
  {
    "pk": 2467,
    "model": "catmaid.relationinstance",
    "fields": {
      "project": 3,
      "relation": 1024,
      "creation_time": "2016-03-09T18:10:33.668Z",
      "user": 3,
      "edition_time": "2016-03-09T18:10:33.669Z"
    }
  },
  {
    "pk": 2470,
    "model": "catmaid.relationinstance",
    "fields": {
      "project": 3,
      "relation": 1010,
      "creation_time": "2016-03-09T18:10:42.858Z",
      "user": 3,
      "edition_time": "2016-03-09T18:10:42.858Z"
    }
  },
  {
    "pk": 2472,
    "model": "catmaid.relationinstance",
    "fields": {
      "project": 3,
      "relation": 1023,
      "creation_time": "2016-03-09T18:10:49.583Z",
      "user": 3,
      "edition_time": "2016-03-09T18:10:49.583Z"
    }
  },
  {
    "pk": 2473,
    "model": "catmaid.relationinstance",
    "fields": {
      "project": 3,
      "relation": 1024,
      "creation_time": "2016-03-09T18:10:50.846Z",
      "user": 3,
      "edition_time": "2016-03-09T18:10:50.846Z"
    }
  },
  {
    "pk": 3,
    "model": "catmaid.classinstanceclassinstance",
    "fields": {
      "class_instance_b": 2,
      "class_instance_a": 1,
      "creation_time": "2011-09-04T07:53:41.243Z",
      "edition_time": "2011-09-04T07:53:41.243Z",
      "project": 3,
      "relation": 1010,
      "user": 3
    }
  },
  {
    "pk": 5,
    "model": "catmaid.classinstanceclassinstance",
    "fields": {
      "class_instance_b": 2323,
      "class_instance_a": 4,
      "creation_time": "2011-09-04T07:53:41.243Z",
      "edition_time": "2011-09-04T07:53:41.243Z",
      "project": 3,
      "relation": 109,
      "user": 3
    }
  },
  {
    "pk": 6,
    "model": "catmaid.classinstanceclassinstance",
    "fields": {
      "class_instance_b": 4,
      "class_instance_a": 2,
      "creation_time": "2011-09-04T07:53:41.243Z",
      "edition_time": "2011-09-04T07:53:41.243Z",
      "project": 3,
      "relation": 109,
      "user": 3
    }
  },
  {
    "pk": 232,
    "model": "catmaid.classinstanceclassinstance",
    "fields": {
      "class_instance_b": 2323,
      "class_instance_a": 231,
      "creation_time": "2011-09-27T07:48:43.167Z",
      "edition_time": "2011-09-27T07:48:43.167Z",
      "project": 3,
      "relation": 109,
      "user": 3
    }
  },
  {
    "pk": 234,
    "model": "catmaid.classinstanceclassinstance",
    "fields": {
      "class_instance_b": 231,
      "class_instance_a": 233,
      "creation_time": "2011-09-27T07:48:58.901Z",
      "edition_time": "2011-09-27T07:48:58.901Z",
      "project": 3,
      "relation": 109,
      "user": 3
    }
  },
  {
    "pk": 236,
    "model": "catmaid.classinstanceclassinstance",
    "fields": {
      "class_instance_b": 233,
      "class_instance_a": 235,
      "creation_time": "2011-09-27T07:49:15.802Z",
      "edition_time": "2011-09-27T07:49:15.802Z",
      "project": 3,
      "relation": 1010,
      "user": 3
    }
  },
  {
    "pk": 363,
    "model": "catmaid.classinstanceclassinstance",
    "fields": {
      "class_instance_b": 362,
      "class_instance_a": 361,
      "creation_time": "2011-09-27T07:57:17.808Z",
      "edition_time": "2011-09-27T07:57:17.808Z",
      "project": 3,
      "relation": 1010,
      "user": 3
    }
  },
  {
    "pk": 365,
    "model": "catmaid.classinstanceclassinstance",
    "fields": {
      "class_instance_b": 2323,
      "class_instance_a": 364,
      "creation_time": "2011-09-27T07:57:17.808Z",
      "edition_time": "2011-09-27T07:57:17.808Z",
      "project": 3,
      "relation": 109,
      "user": 3
    }
  },
  {
    "pk": 366,
    "model": "catmaid.classinstanceclassinstance",
    "fields": {
      "class_instance_b": 364,
      "class_instance_a": 362,
      "creation_time": "2011-09-27T07:57:17.808Z",
      "edition_time": "2011-09-27T07:57:17.808Z",
      "project": 3,
      "relation": 109,
      "user": 3
    }
  },
  {
    "pk": 375,
    "model": "catmaid.classinstanceclassinstance",
    "fields": {
      "class_instance_b": 374,
      "class_instance_a": 373,
      "creation_time": "2011-09-27T07:57:19.447Z",
      "edition_time": "2011-09-27T07:57:19.447Z",
      "project": 3,
      "relation": 1010,
      "user": 3
    }
  },
  {
    "pk": 376,
    "model": "catmaid.classinstanceclassinstance",
    "fields": {
      "class_instance_b": 364,
      "class_instance_a": 374,
      "creation_time": "2011-09-27T07:57:19.447Z",
      "edition_time": "2011-09-27T07:57:19.447Z",
      "project": 3,
      "relation": 109,
      "user": 3
    }
  },
  {
    "pk": 459,
    "model": "catmaid.classinstanceclassinstance",
    "fields": {
      "class_instance_b": 233,
      "class_instance_a": 458,
      "creation_time": "2011-10-12T05:45:38.932Z",
      "edition_time": "2011-10-12T05:45:38.932Z",
      "project": 3,
      "relation": 10413,
      "user": 3
    }
  },
  {
    "pk": 467,
    "model": "catmaid.classinstanceclassinstance",
    "fields": {
      "class_instance_b": 362,
      "class_instance_a": 462,
      "creation_time": "2011-10-12T14:41:38.786Z",
      "edition_time": "2011-10-12T14:41:38.786Z",
      "project": 3,
      "relation": 10413,
      "user": 3
    }
  },
  {
    "pk": 486,
    "model": "catmaid.classinstanceclassinstance",
    "fields": {
      "class_instance_b": 485,
      "class_instance_a": 233,
      "creation_time": "2011-10-14T05:01:47.280Z",
      "edition_time": "2011-10-14T05:01:47.280Z",
      "project": 3,
      "relation": 10414,
      "user": 3
    }
  },
  {
    "pk": 488,
    "model": "catmaid.classinstanceclassinstance",
    "fields": {
      "class_instance_b": 487,
      "class_instance_a": 374,
      "creation_time": "2011-10-14T05:02:09.976Z",
      "edition_time": "2011-10-14T05:02:09.976Z",
      "project": 3,
      "relation": 10414,
      "user": 3
    }
  },
  {
    "pk": 514,
    "model": "catmaid.classinstanceclassinstance",
    "fields": {
      "class_instance_b": 374,
      "class_instance_a": 462,
      "creation_time": "2011-10-28T04:57:18.966Z",
      "edition_time": "2011-10-28T04:57:18.966Z",
      "project": 3,
      "relation": 10413,
      "user": 3
    }
  },
  {
    "pk": 2366,
    "model": "catmaid.classinstanceclassinstance",
    "fields": {
      "class_instance_b": 2365,
      "class_instance_a": 2364,
      "creation_time": "2011-11-01T12:54:42.122Z",
      "edition_time": "2011-11-01T12:54:42.122Z",
      "project": 3,
      "relation": 1010,
      "user": 2
    }
  },
  {
    "pk": 2367,
    "model": "catmaid.classinstanceclassinstance",
    "fields": {
      "class_instance_b": 4,
      "class_instance_a": 2365,
      "creation_time": "2011-11-01T12:54:42.122Z",
      "edition_time": "2011-11-01T12:54:42.122Z",
      "project": 3,
      "relation": 109,
      "user": 2
    }
  },
  {
    "pk": 2383,
    "model": "catmaid.classinstanceclassinstance",
    "fields": {
      "class_instance_b": 4,
      "class_instance_a": 2381,
      "creation_time": "2011-11-26T05:35:22.961Z",
      "edition_time": "2011-11-26T05:35:22.961Z",
      "project": 3,
      "relation": 109,
      "user": 3
    }
  },
  {
    "pk": 2390,
    "model": "catmaid.classinstanceclassinstance",
    "fields": {
      "class_instance_b": 2389,
      "class_instance_a": 2388,
      "creation_time": "2011-12-09T08:01:37.575Z",
      "edition_time": "2011-12-09T08:01:37.575Z",
      "project": 3,
      "relation": 1010,
      "user": 3
    }
  },
  {
    "pk": 2391,
    "model": "catmaid.classinstanceclassinstance",
    "fields": {
      "class_instance_b": 4,
      "class_instance_a": 2389,
      "creation_time": "2011-12-09T08:01:37.575Z",
      "edition_time": "2011-12-09T08:01:37.575Z",
      "project": 3,
      "relation": 109,
      "user": 3
    }
  },
  {
    "pk": 2413,
    "model": "catmaid.classinstanceclassinstance",
    "fields": {
      "class_instance_b": 2412,
      "class_instance_a": 2411,
      "creation_time": "2011-12-09T08:01:59.149Z",
      "edition_time": "2011-12-09T08:01:59.149Z",
      "project": 3,
      "relation": 1010,
      "user": 3
    }
  },
  {
    "pk": 2414,
    "model": "catmaid.classinstanceclassinstance",
    "fields": {
      "class_instance_b": 4,
      "class_instance_a": 2412,
      "creation_time": "2011-12-09T08:01:59.149Z",
      "edition_time": "2011-12-09T08:01:59.149Z",
      "project": 3,
      "relation": 109,
      "user": 3
    }
  },
  {
    "pk": 2435,
    "model": "catmaid.classinstanceclassinstance",
    "fields": {
      "class_instance_b": 2434,
      "class_instance_a": 2433,
      "creation_time": "2012-07-22T16:50:57.758Z",
      "edition_time": "2012-07-22T16:50:57.758Z",
      "project": 3,
      "relation": 1010,
      "user": 3
    }
  },
  {
    "pk": 2436,
    "model": "catmaid.classinstanceclassinstance",
    "fields": {
      "class_instance_b": 4,
      "class_instance_a": 2434,
      "creation_time": "2012-07-22T16:50:57.758Z",
      "edition_time": "2012-07-22T16:50:57.758Z",
      "project": 3,
      "relation": 109,
      "user": 3
    }
  },
  {
    "pk": 2442,
    "model": "catmaid.classinstanceclassinstance",
    "fields": {
      "class_instance_b": 2441,
      "class_instance_a": 2440,
      "creation_time": "2012-07-22T19:12:54.541Z",
      "edition_time": "2012-07-22T19:12:54.541Z",
      "project": 3,
      "relation": 1010,
      "user": 3
    }
  },
  {
    "pk": 2443,
    "model": "catmaid.classinstanceclassinstance",
    "fields": {
      "class_instance_b": 4,
      "class_instance_a": 2441,
      "creation_time": "2012-07-22T19:12:54.541Z",
      "edition_time": "2012-07-22T19:12:54.541Z",
      "project": 3,
      "relation": 109,
      "user": 3
    }
  },
  {
    "pk": 2453,
    "model": "catmaid.classinstanceclassinstance",
    "fields": {
      "class_instance_b": 2452,
      "class_instance_a": 2451,
      "creation_time": "2012-07-22T19:15:24.010Z",
      "edition_time": "2012-07-22T19:15:24.010Z",
      "project": 3,
      "relation": 1010,
      "user": 3
    }
  },
  {
    "pk": 2454,
    "model": "catmaid.classinstanceclassinstance",
    "fields": {
      "class_instance_b": 4,
      "class_instance_a": 2452,
      "creation_time": "2012-07-22T19:15:24.010Z",
      "edition_time": "2012-07-22T19:15:24.010Z",
      "project": 3,
      "relation": 109,
      "user": 3
    }
  },
  {
    "pk": 2464,
    "model": "catmaid.classinstanceclassinstance",
    "fields": {
      "class_instance_b": 2463,
      "class_instance_a": 2462,
      "creation_time": "2016-03-09T18:10:19.650Z",
      "edition_time": "2016-03-09T18:10:19.650Z",
      "project": 3,
      "relation": 1010,
      "user": 3
    }
  },
  {
    "pk": 2470,
    "model": "catmaid.classinstanceclassinstance",
    "fields": {
      "class_instance_b": 2469,
      "class_instance_a": 2468,
      "creation_time": "2016-03-09T18:10:42.858Z",
      "edition_time": "2016-03-09T18:10:42.858Z",
      "project": 3,
      "relation": 1010,
      "user": 3
    }
  },
  {
    "pk": 1,
    "model": "catmaid.textlabel",
    "fields": {
      "scaling": true,
      "font_style": "bold",
      "font_size": 160.0,
      "deleted": false,
      "text": "World.",
      "colour": "(1.000, 0.498, 0.000, 1.000)",
      "creation_time": "2012-08-01T21:05:39.457Z",
      "edition_time": "2012-08-01T21:06:08.930Z",
      "project": 3,
      "type": "text",
      "font_name": null
    }
  },
  {
    "pk": 2,
    "model": "catmaid.textlabel",
    "fields": {
      "scaling": true,
      "font_style": "bold",
      "font_size": 160.0,
      "deleted": false,
      "text": "Helo.",
      "colour": "(1.000, 0.498, 0.000, 1.000)",
      "creation_time": "2012-08-01T21:05:51.030Z",
      "edition_time": "2012-08-01T21:06:18.351Z",
      "project": 3,
      "type": "text",
      "font_name": null
    }
  },
  {
    "pk": 1,
    "model": "catmaid.textlabellocation",
    "fields": {
      "deleted": false,
      "textlabel": 1,
      "location": "(3155.000, 1775.000, 27.000)"
    }
  },
  {
    "pk": 2,
    "model": "catmaid.textlabellocation",
    "fields": {
      "deleted": false,
      "textlabel": 2,
      "location": "(2345.000, 1785.000, 27.000)"
    }
  },
  {
    "pk": 7,
    "model": "catmaid.treenode",
    "fields": {
      "confidence": 5,
      "skeleton": 1,
      "parent": null,
      "creation_time": "2011-09-04T07:53:41.243Z",
      "edition_time": "2011-12-05T13:51:36.955Z",
      "project": 3,
      "radius": -1.0,
      "location_x": 3590.000,
      "location_y": 3240.000,
      "location_z": 0.000,
      "editor": 3,
      "user": 3
    }
  },
  {
    "pk": 11,
    "model": "catmaid.treenode",
    "fields": {
      "confidence": 5,
      "skeleton": 1,
      "parent": 7,
      "creation_time": "2011-09-04T07:54:16.301Z",
      "edition_time": "2011-12-05T13:51:36.955Z",
      "project": 3,
      "radius": -1.0,
      "location_x": 3600.000,
      "location_y": 3250.000,
      "location_z": 9.000,
      "editor": 3,
      "user": 3
    }
  },
  {
    "pk": 13,
    "model": "catmaid.treenode",
    "fields": {
      "confidence": 5,
      "skeleton": 1,
      "parent": 11,
      "creation_time": "2011-09-04T07:54:24.528Z",
      "edition_time": "2011-12-05T13:51:36.955Z",
      "project": 3,
      "radius": -1.0,
      "location_x": 3600.000,
      "location_y": 3250.000,
      "location_z": 18.000,
      "editor": 3,
      "user": 3
    }
  },
  {
    "pk": 15,
    "model": "catmaid.treenode",
    "fields": {
      "confidence": 5,
      "skeleton": 1,
      "parent": 13,
      "creation_time": "2011-09-04T07:54:26.464Z",
      "edition_time": "2011-12-05T13:51:36.955Z",
      "project": 3,
      "radius": -1.0,
      "location_x": 3590.000,
      "location_y": 3250.000,
      "location_z": 27.000,
      "editor": 3,
      "user": 3
    }
  },
  {
    "pk": 17,
    "model": "catmaid.treenode",
    "fields": {
      "confidence": 5,
      "skeleton": 1,
      "parent": 15,
      "creation_time": "2011-09-04T07:54:28.523Z",
      "edition_time": "2011-12-05T13:51:36.955Z",
      "project": 3,
      "radius": -1.0,
      "location_x": 3590.000,
      "location_y": 3250.000,
      "location_z": 36.000,
      "editor": 3,
      "user": 3
    }
  },
  {
    "pk": 237,
    "model": "catmaid.treenode",
    "fields": {
      "confidence": 5,
      "skeleton": 235,
      "parent": null,
      "creation_time": "2011-09-27T07:49:15.802Z",
      "edition_time": "2011-12-05T13:51:36.955Z",
      "project": 3,
      "radius": -1.0,
      "location_x": 1065.000,
      "location_y": 3035.000,
      "location_z": 0.000,
      "editor": 3,
      "user": 3
    }
  },
  {
    "pk": 239,
    "model": "catmaid.treenode",
    "fields": {
      "confidence": 5,
      "skeleton": 235,
      "parent": 237,
      "creation_time": "2011-09-27T07:49:16.553Z",
      "edition_time": "2011-12-05T13:51:36.955Z",
      "project": 3,
      "radius": -1.0,
      "location_x": 1135.000,
      "location_y": 2800.000,
      "location_z": 0.000,
      "editor": 3,
      "user": 3
    }
  },
  {
    "pk": 241,
    "model": "catmaid.treenode",
    "fields": {
      "confidence": 5,
      "skeleton": 235,
      "parent": 239,
      "creation_time": "2011-09-27T07:49:17.217Z",
      "edition_time": "2011-12-05T13:51:36.955Z",
      "project": 3,
      "radius": -1.0,
      "location_x": 1340.000,
      "location_y": 2660.000,
      "location_z": 0.000,
      "editor": 3,
      "user": 3
    }
  },
  {
    "pk": 243,
    "model": "catmaid.treenode",
    "fields": {
      "confidence": 5,
      "skeleton": 235,
      "parent": 241,
      "creation_time": "2011-09-27T07:49:17.660Z",
      "edition_time": "2011-12-05T13:51:36.955Z",
      "project": 3,
      "radius": -1.0,
      "location_x": 1780.000,
      "location_y": 2570.000,
      "location_z": 0.000,
      "editor": 3,
      "user": 3
    }
  },
  {
    "pk": 245,
    "model": "catmaid.treenode",
    "fields": {
      "confidence": 5,
      "skeleton": 235,
      "parent": 243,
      "creation_time": "2011-09-27T07:49:18.343Z",
      "edition_time": "2011-12-05T13:51:36.955Z",
      "project": 3,
      "radius": -1.0,
      "location_x": 1970.000,
      "location_y": 2595.000,
      "location_z": 0.000,
      "editor": 3,
      "user": 3
    }
  },
  {
    "pk": 247,
    "model": "catmaid.treenode",
    "fields": {
      "confidence": 5,
      "skeleton": 235,
      "parent": 245,
      "creation_time": "2011-09-27T07:49:19.012Z",
      "edition_time": "2011-12-05T13:51:36.955Z",
      "project": 3,
      "radius": -1.0,
      "location_x": 2610.000,
      "location_y": 2700.000,
      "location_z": 0.000,
      "editor": 3,
      "user": 3
    }
  },
  {
    "pk": 249,
    "model": "catmaid.treenode",
    "fields": {
      "confidence": 5,
      "skeleton": 235,
      "parent": 247,
      "creation_time": "2011-09-27T07:49:19.887Z",
      "edition_time": "2011-12-05T13:51:36.955Z",
      "project": 3,
      "radius": -1.0,
      "location_x": 2815.000,
      "location_y": 2590.000,
      "location_z": 0.000,
      "editor": 3,
      "user": 3
    }
  },
  {
    "pk": 251,
    "model": "catmaid.treenode",
    "fields": {
      "confidence": 5,
      "skeleton": 235,
      "parent": 249,
      "creation_time": "2011-09-27T07:49:20.514Z",
      "edition_time": "2011-12-05T13:51:36.955Z",
      "project": 3,
      "radius": -1.0,
      "location_x": 3380.000,
      "location_y": 2330.000,
      "location_z": 0.000,
      "editor": 3,
      "user": 3
    }
  },
  {
    "pk": 253,
    "model": "catmaid.treenode",
    "fields": {
      "confidence": 5,
      "skeleton": 235,
      "parent": 251,
      "creation_time": "2011-09-27T07:49:21.493Z",
      "edition_time": "2011-12-05T13:51:36.955Z",
      "project": 3,
      "radius": -1.0,
      "location_x": 3685.000,
      "location_y": 2160.000,
      "location_z": 0.000,
      "editor": 3,
      "user": 3
    }
  },
  {
    "pk": 255,
    "model": "catmaid.treenode",
    "fields": {
      "confidence": 5,
      "skeleton": 235,
      "parent": 253,
      "creation_time": "2011-09-27T07:49:22.835Z",
      "edition_time": "2011-12-05T13:51:36.955Z",
      "project": 3,
      "radius": -1.0,
      "location_x": 3850.000,
      "location_y": 1790.000,
      "location_z": 0.000,
      "editor": 3,
      "user": 3
    }
  },
  {
    "pk": 257,
    "model": "catmaid.treenode",
    "fields": {
      "confidence": 5,
      "skeleton": 235,
      "parent": 255,
      "creation_time": "2011-09-27T07:49:23.591Z",
      "edition_time": "2011-12-05T13:51:36.955Z",
      "project": 3,
      "radius": -1.0,
      "location_x": 3825.000,
      "location_y": 1480.000,
      "location_z": 0.000,
      "editor": 3,
      "user": 3
    }
  },
  {
    "pk": 259,
    "model": "catmaid.treenode",
    "fields": {
      "confidence": 5,
      "skeleton": 235,
      "parent": 257,
      "creation_time": "2011-09-27T07:49:24.879Z",
      "edition_time": "2011-12-05T13:51:36.955Z",
      "project": 3,
      "radius": -1.0,
      "location_x": 3445.000,
      "location_y": 1385.000,
      "location_z": 0.000,
      "editor": 3,
      "user": 3
    }
  },
  {
    "pk": 261,
    "model": "catmaid.treenode",
    "fields": {
      "confidence": 5,
      "skeleton": 235,
      "parent": 259,
      "creation_time": "2011-09-27T07:49:25.549Z",
      "edition_time": "2011-12-05T13:51:36.955Z",
      "project": 3,
      "radius": -1.0,
      "location_x": 2820.000,
      "location_y": 1345.000,
      "location_z": 0.000,
      "editor": 3,
      "user": 3
    }
  },
  {
    "pk": 263,
    "model": "catmaid.treenode",
    "fields": {
      "confidence": 5,
      "skeleton": 235,
      "parent": 253,
      "creation_time": "2011-09-27T07:49:27.637Z",
      "edition_time": "2011-12-05T13:51:36.955Z",
      "project": 3,
      "radius": -1.0,
      "location_x": 3915.000,
      "location_y": 2105.000,
      "location_z": 0.000,
      "editor": 3,
      "user": 3
    }
  },
  {
    "pk": 265,
    "model": "catmaid.treenode",
    "fields": {
      "confidence": 5,
      "skeleton": 235,
      "parent": 263,
      "creation_time": "2011-09-27T07:49:28.080Z",
      "edition_time": "2011-12-05T13:51:36.955Z",
      "project": 3,
      "radius": -1.0,
      "location_x": 4570.000,
      "location_y": 2125.000,
      "location_z": 0.000,
      "editor": 3,
      "user": 3
    }
  },
  {
    "pk": 267,
    "model": "catmaid.treenode",
    "fields": {
      "confidence": 5,
      "skeleton": 235,
      "parent": 265,
      "creation_time": "2011-09-27T07:49:28.515Z",
      "edition_time": "2011-12-05T13:51:36.955Z",
      "project": 3,
      "radius": -1.0,
      "location_x": 5400.000,
      "location_y": 2200.000,
      "location_z": 0.000,
      "editor": 3,
      "user": 3
    }
  },
  {
    "pk": 269,
    "model": "catmaid.treenode",
    "fields": {
      "confidence": 5,
      "skeleton": 235,
      "parent": 265,
      "creation_time": "2011-09-27T07:49:31.952Z",
      "edition_time": "2011-12-05T13:51:36.955Z",
      "project": 3,
      "radius": -1.0,
      "location_x": 4820.000,
      "location_y": 1900.000,
      "location_z": 0.000,
      "editor": 3,
      "user": 3
    }
  },
  {
    "pk": 271,
    "model": "catmaid.treenode",
    "fields": {
      "confidence": 5,
      "skeleton": 235,
      "parent": 269,
      "creation_time": "2011-09-27T07:49:32.376Z",
      "edition_time": "2011-12-05T13:51:36.955Z",
      "project": 3,
      "radius": -1.0,
      "location_x": 5090.000,
      "location_y": 1675.000,
      "location_z": 0.000,
      "editor": 3,
      "user": 3
    }
  },
  {
    "pk": 273,
    "model": "catmaid.treenode",
    "fields": {
      "confidence": 5,
      "skeleton": 235,
      "parent": 271,
      "creation_time": "2011-09-27T07:49:32.824Z",
      "edition_time": "2011-12-05T13:51:36.955Z",
      "project": 3,
      "radius": -1.0,
      "location_x": 5265.000,
      "location_y": 1610.000,
      "location_z": 0.000,
      "editor": 3,
      "user": 3
    }
  },
  {
    "pk": 275,
    "model": "catmaid.treenode",
    "fields": {
      "confidence": 5,
      "skeleton": 235,
      "parent": 273,
      "creation_time": "2011-09-27T07:49:33.254Z",
      "edition_time": "2011-12-05T13:51:36.955Z",
      "project": 3,
      "radius": -1.0,
      "location_x": 5800.000,
      "location_y": 1560.000,
      "location_z": 0.000,
      "editor": 3,
      "user": 3
    }
  },
  {
    "pk": 277,
    "model": "catmaid.treenode",
    "fields": {
      "confidence": 5,
      "skeleton": 235,
      "parent": 275,
      "creation_time": "2011-09-27T07:49:33.770Z",
      "edition_time": "2011-12-05T13:51:36.955Z",
      "project": 3,
      "radius": -1.0,
      "location_x": 6090.000,
      "location_y": 1550.000,
      "location_z": 0.000,
      "editor": 3,
      "user": 3
    }
  },
  {
    "pk": 279,
    "model": "catmaid.treenode",
    "fields": {
      "confidence": 5,
      "skeleton": 235,
      "parent": 267,
      "creation_time": "2011-09-27T07:49:35.689Z",
      "edition_time": "2011-12-05T13:51:36.955Z",
      "project": 3,
      "radius": -1.0,
      "location_x": 5530.000,
      "location_y": 2465.000,
      "location_z": 0.000,
      "editor": 3,
      "user": 3
    }
  },
  {
    "pk": 281,
    "model": "catmaid.treenode",
    "fields": {
      "confidence": 5,
      "skeleton": 235,
      "parent": 279,
      "creation_time": "2011-09-27T07:49:36.374Z",
      "edition_time": "2011-12-05T13:51:36.955Z",
      "project": 3,
      "radius": -1.0,
      "location_x": 5675.000,
      "location_y": 2635.000,
      "location_z": 0.000,
      "editor": 3,
      "user": 3
    }
  },
  {
    "pk": 283,
    "model": "catmaid.treenode",
    "fields": {
      "confidence": 5,
      "skeleton": 235,
      "parent": 281,
      "creation_time": "2011-09-27T07:49:36.843Z",
      "edition_time": "2011-12-15T13:51:36.955Z",
      "project": 3,
      "radius": -1.0,
      "location_x": 5985.000,
      "location_y": 2745.000,
      "location_z": 0.000,
      "editor": 3,
      "user": 3
    }
  },
  {
    "pk": 285,
    "model": "catmaid.treenode",
    "fields": {
      "confidence": 5,
      "skeleton": 235,
      "parent": 283,
      "creation_time": "2011-09-27T07:49:37.269Z",
      "edition_time": "2011-12-04T13:51:36.955Z",
      "project": 3,
      "radius": -1.0,
      "location_x": 6100.000,
      "location_y": 2980.000,
      "location_z": 0.000,
      "editor": 3,
      "user": 3
    }
  },
  {
    "pk": 289,
    "model": "catmaid.treenode",
    "fields": {
      "confidence": 5,
      "skeleton": 235,
      "parent": 285,
      "creation_time": "2011-09-27T07:49:38.607Z",
      "edition_time": "2011-11-06T13:51:36.955Z",
      "project": 3,
      "radius": -1.0,
      "location_x": 6210.000,
      "location_y": 3480.000,
      "location_z": 0.000,
      "editor": 3,
      "user": 3
    }
  },
  {
    "pk": 293,
    "model": "catmaid.treenode",
    "fields": {
      "confidence": 5,
      "skeleton": 1,
      "parent": 17,
      "creation_time": "2011-09-27T07:54:31.891Z",
      "edition_time": "2011-12-05T13:51:36.955Z",
      "project": 3,
      "radius": -1.0,
      "location_x": 3610.000,
      "location_y": 3230.000,
      "location_z": 45.000,
      "editor": 3,
      "user": 3
    }
  },
  {
    "pk": 295,
    "model": "catmaid.treenode",
    "fields": {
      "confidence": 5,
      "skeleton": 1,
      "parent": 293,
      "creation_time": "2011-09-27T07:54:33.793Z",
      "edition_time": "2011-12-05T13:51:36.955Z",
      "project": 3,
      "radius": -1.0,
      "location_x": 3610.000,
      "location_y": 3240.000,
      "location_z": 54.000,
      "editor": 3,
      "user": 3
    }
  },
  {
    "pk": 297,
    "model": "catmaid.treenode",
    "fields": {
      "confidence": 5,
      "skeleton": 1,
      "parent": 295,
      "creation_time": "2011-09-27T07:54:35.521Z",
      "edition_time": "2011-12-05T13:51:36.955Z",
      "project": 3,
      "radius": -1.0,
      "location_x": 3590.000,
      "location_y": 3270.000,
      "location_z": 63.000,
      "editor": 3,
      "user": 3
    }
  },
  {
    "pk": 299,
    "model": "catmaid.treenode",
    "fields": {
      "confidence": 5,
      "skeleton": 1,
      "parent": 297,
      "creation_time": "2011-09-27T07:54:37.211Z",
      "edition_time": "2011-12-05T13:51:36.955Z",
      "project": 3,
      "radius": -1.0,
      "location_x": 3560.000,
      "location_y": 3210.000,
      "location_z": 72.000,
      "editor": 3,
      "user": 3
    }
  },
  {
    "pk": 301,
    "model": "catmaid.treenode",
    "fields": {
      "confidence": 5,
      "skeleton": 1,
      "parent": 299,
      "creation_time": "2011-09-27T07:54:38.863Z",
      "edition_time": "2011-12-05T13:51:36.955Z",
      "project": 3,
      "radius": -1.0,
      "location_x": 3630.000,
      "location_y": 3290.000,
      "location_z": 81.000,
      "editor": 3,
      "user": 3
    }
  },
  {
    "pk": 303,
    "model": "catmaid.treenode",
    "fields": {
      "confidence": 5,
      "skeleton": 1,
      "parent": 301,
      "creation_time": "2011-09-27T07:54:40.603Z",
      "edition_time": "2011-12-05T13:51:36.955Z",
      "project": 3,
      "radius": -1.0,
      "location_x": 3620.000,
      "location_y": 3300.000,
      "location_z": 90.000,
      "editor": 3,
      "user": 3
    }
  },
  {
    "pk": 305,
    "model": "catmaid.treenode",
    "fields": {
      "confidence": 5,
      "skeleton": 1,
      "parent": 303,
      "creation_time": "2011-09-27T07:54:43.902Z",
      "edition_time": "2011-12-05T13:51:36.955Z",
      "project": 3,
      "radius": -1.0,
      "location_x": 3600.000,
      "location_y": 3290.000,
      "location_z": 99.000,
      "editor": 3,
      "user": 3
    }
  },
  {
    "pk": 309,
    "model": "catmaid.treenode",
    "fields": {
      "confidence": 5,
      "skeleton": 1,
      "parent": 305,
      "creation_time": "2011-09-27T07:55:15.319Z",
      "edition_time": "2011-12-05T13:51:36.955Z",
      "project": 3,
      "radius": -1.0,
      "location_x": 3630.000,
      "location_y": 3270.000,
      "location_z": 108.000,
      "editor": 3,
      "user": 3
    }
  },
  {
    "pk": 311,
    "model": "catmaid.treenode",
    "fields": {
      "confidence": 5,
      "skeleton": 1,
      "parent": 309,
      "creation_time": "2011-09-27T07:55:19.502Z",
      "edition_time": "2011-12-05T13:51:36.955Z",
      "project": 3,
      "radius": -1.0,
      "location_x": 3640.000,
      "location_y": 3290.000,
      "location_z": 117.000,
      "editor": 3,
      "user": 3
    }
  },
  {
    "pk": 313,
    "model": "catmaid.treenode",
    "fields": {
      "confidence": 5,
      "skeleton": 1,
      "parent": 311,
      "creation_time": "2011-09-27T07:55:21.329Z",
      "edition_time": "2011-12-05T13:51:36.955Z",
      "project": 3,
      "radius": -1.0,
      "location_x": 3620.000,
      "location_y": 3320.000,
      "location_z": 126.000,
      "editor": 3,
      "user": 3
    }
  },
  {
    "pk": 315,
    "model": "catmaid.treenode",
    "fields": {
      "confidence": 5,
      "skeleton": 1,
      "parent": 313,
      "creation_time": "2011-09-27T07:55:23.334Z",
      "edition_time": "2011-12-05T13:51:36.955Z",
      "project": 3,
      "radius": -1.0,
      "location_x": 3610.000,
      "location_y": 3340.000,
      "location_z": 135.000,
      "editor": 3,
      "user": 3
    }
  },
  {
    "pk": 317,
    "model": "catmaid.treenode",
    "fields": {
      "confidence": 5,
      "skeleton": 1,
      "parent": 315,
      "creation_time": "2011-09-27T07:55:25.134Z",
      "edition_time": "2011-12-05T13:51:36.955Z",
      "project": 3,
      "radius": -1.0,
      "location_x": 3620.000,
      "location_y": 3310.000,
      "location_z": 144.000,
      "editor": 3,
      "user": 3
    }
  },
  {
    "pk": 319,
    "model": "catmaid.treenode",
    "fields": {
      "confidence": 5,
      "skeleton": 1,
      "parent": 317,
      "creation_time": "2011-09-27T07:55:26.647Z",
      "edition_time": "2011-12-05T13:51:36.955Z",
      "project": 3,
      "radius": -1.0,
      "location_x": 3620.000,
      "location_y": 3320.000,
      "location_z": 153.000,
      "editor": 3,
      "user": 3
    }
  },
  {
    "pk": 321,
    "model": "catmaid.treenode",
    "fields": {
      "confidence": 5,
      "skeleton": 1,
      "parent": 319,
      "creation_time": "2011-09-27T07:55:28.081Z",
      "edition_time": "2011-12-05T13:51:36.955Z",
      "project": 3,
      "radius": -1.0,
      "location_x": 3640.000,
      "location_y": 3360.000,
      "location_z": 162.000,
      "editor": 3,
      "user": 3
    }
  },
  {
    "pk": 323,
    "model": "catmaid.treenode",
    "fields": {
      "confidence": 5,
      "skeleton": 1,
      "parent": 321,
      "creation_time": "2011-09-27T07:55:29.498Z",
      "edition_time": "2011-12-05T13:51:36.955Z",
      "project": 3,
      "radius": -1.0,
      "location_x": 3640.000,
      "location_y": 3370.000,
      "location_z": 171.000,
      "editor": 3,
      "user": 3
    }
  },
  {
    "pk": 325,
    "model": "catmaid.treenode",
    "fields": {
      "confidence": 5,
      "skeleton": 1,
      "parent": 323,
      "creation_time": "2011-09-27T07:55:30.721Z",
      "edition_time": "2011-12-05T13:51:36.955Z",
      "project": 3,
      "radius": -1.0,
      "location_x": 3630.000,
      "location_y": 3360.000,
      "location_z": 180.000,
      "editor": 3,
      "user": 3
    }
  },
  {
    "pk": 335,
    "model": "catmaid.treenode",
    "fields": {
      "confidence": 5,
      "skeleton": 1,
      "parent": 325,
      "creation_time": "2011-09-27T07:56:07.198Z",
      "edition_time": "2011-12-05T13:51:36.955Z",
      "project": 3,
      "radius": -1.0,
      "location_x": 3640.000,
      "location_y": 3320.000,
      "location_z": 189.000,
      "editor": 3,
      "user": 3
    }
  },
  {
    "pk": 337,
    "model": "catmaid.treenode",
    "fields": {
      "confidence": 5,
      "skeleton": 1,
      "parent": 335,
      "creation_time": "2011-09-27T07:56:10.196Z",
      "edition_time": "2011-12-05T13:51:36.955Z",
      "project": 3,
      "radius": -1.0,
      "location_x": 3610.000,
      "location_y": 3340.000,
      "location_z": 198.000,
      "editor": 3,
      "user": 3
    }
  },
  {
    "pk": 339,
    "model": "catmaid.treenode",
    "fields": {
      "confidence": 5,
      "skeleton": 1,
      "parent": 337,
      "creation_time": "2011-09-27T07:56:12.174Z",
      "edition_time": "2011-12-05T13:51:36.955Z",
      "project": 3,
      "radius": -1.0,
      "location_x": 3630.000,
      "location_y": 3350.000,
      "location_z": 207.000,
      "editor": 3,
      "user": 3
    }
  },
  {
    "pk": 341,
    "model": "catmaid.treenode",
    "fields": {
      "confidence": 5,
      "skeleton": 1,
      "parent": 339,
      "creation_time": "2011-09-27T07:56:14.347Z",
      "edition_time": "2011-12-05T13:51:36.955Z",
      "project": 3,
      "radius": -1.0,
      "location_x": 3620.000,
      "location_y": 3350.000,
      "location_z": 216.000,
      "editor": 3,
      "user": 3
    }
  },
  {
    "pk": 343,
    "model": "catmaid.treenode",
    "fields": {
      "confidence": 5,
      "skeleton": 1,
      "parent": 341,
      "creation_time": "2011-09-27T07:56:18.238Z",
      "edition_time": "2011-12-05T13:51:36.955Z",
      "project": 3,
      "radius": -1.0,
      "location_x": 3650.000,
      "location_y": 3330.000,
      "location_z": 225.000,
      "editor": 3,
      "user": 3
    }
  },
  {
    "pk": 345,
    "model": "catmaid.treenode",
    "fields": {
      "confidence": 5,
      "skeleton": 1,
      "parent": 343,
      "creation_time": "2011-09-27T07:56:19.960Z",
      "edition_time": "2011-12-05T13:51:36.955Z",
      "project": 3,
      "radius": -1.0,
      "location_x": 3650.000,
      "location_y": 3350.000,
      "location_z": 234.000,
      "editor": 3,
      "user": 3
    }
  },
  {
    "pk": 347,
    "model": "catmaid.treenode",
    "fields": {
      "confidence": 5,
      "skeleton": 1,
      "parent": 345,
      "creation_time": "2011-09-27T07:56:21.927Z",
      "edition_time": "2011-12-05T13:51:36.955Z",
      "project": 3,
      "radius": -1.0,
      "location_x": 3600.000,
      "location_y": 3370.000,
      "location_z": 243.000,
      "editor": 3,
      "user": 3
    }
  },
  {
    "pk": 349,
    "model": "catmaid.treenode",
    "fields": {
      "confidence": 5,
      "skeleton": 1,
      "parent": 347,
      "creation_time": "2011-09-27T07:56:24.082Z",
      "edition_time": "2011-12-05T13:51:36.955Z",
      "project": 3,
      "radius": -1.0,
      "location_x": 3580.000,
      "location_y": 3350.000,
      "location_z": 252.000,
      "editor": 3,
      "user": 3
    }
  },
  {
    "pk": 367,
    "model": "catmaid.treenode",
    "fields": {
      "confidence": 5,
      "skeleton": 361,
      "parent": null,
      "creation_time": "2011-09-27T07:57:17.808Z",
      "edition_time": "2011-12-05T13:51:36.955Z",
      "project": 3,
      "radius": -1.0,
      "location_x": 7030.000,
      "location_y": 1980.000,
      "location_z": 0.000,
      "editor": 3,
      "user": 3
    }
  },
  {
    "pk": 377,
    "model": "catmaid.treenode",
    "fields": {
      "confidence": 5,
      "skeleton": 373,
      "parent": null,
      "creation_time": "2011-09-27T07:57:19.447Z",
      "edition_time": "2011-12-05T13:51:36.955Z",
      "project": 3,
      "radius": -1.0,
      "location_x": 7620.000,
      "location_y": 2890.000,
      "location_z": 0.000,
      "editor": 3,
      "user": 3
    }
  },
  {
    "pk": 383,
    "model": "catmaid.treenode",
    "fields": {
      "confidence": 5,
      "skeleton": 361,
      "parent": 367,
      "creation_time": "2011-09-27T07:57:24.747Z",
      "edition_time": "2011-12-05T13:51:36.955Z",
      "project": 3,
      "radius": -1.0,
      "location_x": 7850.000,
      "location_y": 1970.000,
      "location_z": 0.000,
      "editor": 3,
      "user": 3
    }
  },
  {
    "pk": 385,
    "model": "catmaid.treenode",
    "fields": {
      "confidence": 5,
      "skeleton": 361,
      "parent": 383,
      "creation_time": "2011-09-27T07:57:25.555Z",
      "edition_time": "2011-12-05T13:51:36.955Z",
      "project": 3,
      "radius": -1.0,
      "location_x": 8530.000,
      "location_y": 1820.000,
      "location_z": 0.000,
      "editor": 3,
      "user": 3
    }
  },
  {
    "pk": 387,
    "model": "catmaid.treenode",
    "fields": {
      "confidence": 5,
      "skeleton": 361,
      "parent": 385,
      "creation_time": "2011-09-27T07:57:26.310Z",
      "edition_time": "2011-12-05T13:51:36.955Z",
      "project": 3,
      "radius": -1.0,
      "location_x": 9030.000,
      "location_y": 1480.000,
      "location_z": 0.000,
      "editor": 3,
      "user": 3
    }
  },
  {
    "pk": 391,
    "model": "catmaid.treenode",
    "fields": {
      "confidence": 5,
      "skeleton": 361,
      "parent": 367,
      "creation_time": "2011-09-27T07:57:34.626Z",
      "edition_time": "2011-12-05T13:51:36.955Z",
      "project": 3,
      "radius": -1.0,
      "location_x": 6740.000,
      "location_y": 1530.000,
      "location_z": 0.000,
      "editor": 3,
      "user": 3
    }
  },
  {
    "pk": 393,
    "model": "catmaid.treenode",
    "fields": {
      "confidence": 5,
      "skeleton": 361,
      "parent": 391,
      "creation_time": "2011-09-27T07:57:35.676Z",
      "edition_time": "2011-12-05T13:51:36.955Z",
      "project": 3,
      "radius": -1.0,
      "location_x": 6910.000,
      "location_y": 990.000,
      "location_z": 0.000,
      "editor": 3,
      "user": 3
    }
  },
  {
    "pk": 395,
    "model": "catmaid.treenode",
    "fields": {
      "confidence": 5,
      "skeleton": 361,
      "parent": 393,
      "creation_time": "2011-09-27T07:57:36.318Z",
      "edition_time": "2011-12-05T13:51:36.955Z",
      "project": 3,
      "radius": -1.0,
      "location_x": 6430.000,
      "location_y": 910.000,
      "location_z": 0.000,
      "editor": 3,
      "user": 3
    }
  },
  {
    "pk": 397,
    "model": "catmaid.treenode",
    "fields": {
      "confidence": 5,
      "skeleton": 361,
      "parent": 395,
      "creation_time": "2011-09-27T07:57:36.995Z",
      "edition_time": "2011-12-05T13:51:36.955Z",
      "project": 3,
      "radius": -1.0,
      "location_x": 6140.000,
      "location_y": 640.000,
      "location_z": 0.000,
      "editor": 3,
      "user": 3
    }
  },
  {
    "pk": 399,
    "model": "catmaid.treenode",
    "fields": {
      "confidence": 5,
      "skeleton": 361,
      "parent": 397,
      "creation_time": "2011-09-27T07:57:37.518Z",
      "edition_time": "2011-12-05T13:51:36.955Z",
      "project": 3,
      "radius": -1.0,
      "location_x": 5670.000,
      "location_y": 640.000,
      "location_z": 0.000,
      "editor": 3,
      "user": 3
    }
  },
  {
    "pk": 403,
    "model": "catmaid.treenode",
    "fields": {
      "confidence": 5,
      "skeleton": 373,
      "parent": 377,
      "creation_time": "2011-09-27T07:57:55.026Z",
      "edition_time": "2011-12-05T13:51:36.955Z",
      "project": 3,
      "radius": -1.0,
      "location_x": 7840.000,
      "location_y": 2380.000,
      "location_z": 0.000,
      "editor": 3,
      "user": 3
    }
  },
  {
    "pk": 405,
    "model": "catmaid.treenode",
    "fields": {
      "confidence": 5,
      "skeleton": 373,
      "parent": 377,
      "creation_time": "2011-09-27T07:57:57.310Z",
      "edition_time": "2011-12-05T13:51:36.955Z",
      "project": 3,
      "radius": -1.0,
      "location_x": 7390.000,
      "location_y": 3510.000,
      "location_z": 0.000,
      "editor": 3,
      "user": 3
    }
  },
  {
    "pk": 407,
    "model": "catmaid.treenode",
    "fields": {
      "confidence": 5,
      "skeleton": 373,
      "parent": 405,
      "creation_time": "2011-09-27T07:57:57.976Z",
      "edition_time": "2011-12-05T13:51:36.955Z",
      "project": 3,
      "radius": -1.0,
      "location_x": 7080.000,
      "location_y": 3960.000,
      "location_z": 0.000,
      "editor": 3,
      "user": 3
    }
  },
  {
    "pk": 409,
    "model": "catmaid.treenode",
    "fields": {
      "confidence": 5,
      "skeleton": 373,
      "parent": 407,
      "creation_time": "2011-09-27T07:57:58.454Z",
      "edition_time": "2011-12-05T13:51:36.955Z",
      "project": 3,
      "radius": -1.0,
      "location_x": 6630.000,
      "location_y": 4330.000,
      "location_z": 0.000,
      "editor": 3,
      "user": 3
    }
  },
  {
    "pk": 415,
    "model": "catmaid.treenode",
    "fields": {
      "confidence": 5,
      "skeleton": 235,
      "parent": 289,
      "creation_time": "2011-10-07T07:02:13.511Z",
      "edition_time": "2011-12-05T13:51:36.955Z",
      "project": 3,
      "radius": -1.0,
      "location_x": 5810.000,
      "location_y": 3950.000,
      "location_z": 0.000,
      "editor": 3,
      "user": 3
    }
  },
  {
    "pk": 417,
    "model": "catmaid.treenode",
    "fields": {
      "confidence": 5,
      "skeleton": 235,
      "parent": 415,
      "creation_time": "2011-10-07T07:02:15.176Z",
      "edition_time": "2011-12-05T13:51:36.955Z",
      "project": 3,
      "radius": -1.0,
      "location_x": 4990.000,
      "location_y": 4200.000,
      "location_z": 0.000,
      "editor": 3,
      "user": 3
    }
  },
  {
    "pk": 2368,
    "model": "catmaid.treenode",
    "fields": {
      "confidence": 5,
      "skeleton": 2364,
      "parent": null,
      "creation_time": "2011-11-01T12:54:42.122Z",
      "edition_time": "2011-12-05T13:51:36.955Z",
      "project": 3,
      "radius": -1.0,
      "location_x": 1820.000,
      "location_y": 5390.000,
      "location_z": 0.000,
      "editor": 2,
      "user": 2
    }
  },
  {
    "pk": 2370,
    "model": "catmaid.treenode",
    "fields": {
      "confidence": 5,
      "skeleton": 2364,
      "parent": 2368,
      "creation_time": "2011-11-01T12:54:43.555Z",
      "edition_time": "2011-12-05T13:51:36.955Z",
      "project": 3,
      "radius": -1.0,
      "location_x": 2140.000,
      "location_y": 4620.000,
      "location_z": 0.000,
      "editor": 2,
      "user": 2
    }
  },
  {
    "pk": 2372,
    "model": "catmaid.treenode",
    "fields": {
      "confidence": 5,
      "skeleton": 2364,
      "parent": 2370,
      "creation_time": "2011-11-01T12:54:44.436Z",
      "edition_time": "2011-12-05T13:51:36.955Z",
      "project": 3,
      "radius": -1.0,
      "location_x": 2760.000,
      "location_y": 4600.000,
      "location_z": 0.000,
      "editor": 2,
      "user": 5
    }
  },
  {
    "pk": 2374,
    "model": "catmaid.treenode",
    "fields": {
      "confidence": 5,
      "skeleton": 2364,
      "parent": 2372,
      "creation_time": "2011-11-01T12:54:45.793Z",
      "edition_time": "2011-12-05T13:51:36.955Z",
      "project": 3,
      "radius": -1.0,
      "location_x": 3310.000,
      "location_y": 5190.000,
      "location_z": 0.000,
      "editor": 2,
      "user": 5
    }
  },
  {
    "pk": 2376,
    "model": "catmaid.treenode",
    "fields": {
      "confidence": 5,
      "skeleton": 2364,
      "parent": 2374,
      "creation_time": "2011-11-01T12:54:47.472Z",
      "edition_time": "2011-12-05T13:51:36.955Z",
      "project": 3,
      "radius": -1.0,
      "location_x": 3930.000,
      "location_y": 4330.000,
      "location_z": 0.000,
      "editor": 2,
      "user": 5
    }
  },
  {
    "pk": 2378,
    "model": "catmaid.treenode",
    "fields": {
      "confidence": 5,
      "skeleton": 2364,
      "parent": 2376,
      "creation_time": "2011-11-01T12:54:48.503Z",
      "edition_time": "2011-12-05T13:51:36.955Z",
      "project": 3,
      "radius": -1.0,
      "location_x": 4420.000,
      "location_y": 4880.000,
      "location_z": 0.000,
      "editor": 2,
      "user": 5
    }
  },
  {
    "pk": 2392,
    "model": "catmaid.treenode",
    "fields": {
      "confidence": 5,
      "skeleton": 2388,
      "parent": null,
      "creation_time": "2011-12-09T08:01:37.575Z",
      "edition_time": "2011-12-09T08:01:37.575Z",
      "project": 3,
      "radius": -1.0,
      "location_x": 2370.000,
      "location_y": 6080.000,
      "location_z": 0.000,
      "editor": 3,
      "user": 3
    }
  },
  {
    "pk": 2394,
    "model": "catmaid.treenode",
    "fields": {
      "confidence": 5,
      "skeleton": 2388,
      "parent": 2392,
      "creation_time": "2011-12-09T08:01:39.388Z",
      "edition_time": "2011-12-09T08:01:48.933Z",
      "project": 3,
      "radius": -1.0,
      "location_x": 3110.000,
      "location_y": 6030.000,
      "location_z": 0.000,
      "editor": 3,
      "user": 3
    }
  },
  {
    "pk": 2396,
    "model": "catmaid.treenode",
    "fields": {
      "confidence": 5,
      "skeleton": 2388,
      "parent": 2394,
      "creation_time": "2011-12-09T08:01:40.583Z",
      "edition_time": "2011-12-09T08:01:40.583Z",
      "project": 3,
      "radius": -1.0,
      "location_x": 3680.000,
      "location_y": 6550.000,
      "location_z": 0.000,
      "editor": 3,
      "user": 3
    }
  },
  {
    "pk": 2415,
    "model": "catmaid.treenode",
    "fields": {
      "confidence": 5,
      "skeleton": 2411,
      "parent": null,
      "creation_time": "2011-12-09T08:01:59.149Z",
      "edition_time": "2011-12-09T08:01:59.149Z",
      "project": 3,
      "radius": -1.0,
      "location_x": 4110.000,
      "location_y": 6080.000,
      "location_z": 0.000,
      "editor": 3,
      "user": 3
    }
  },
  {
    "pk": 2417,
    "model": "catmaid.treenode",
    "fields": {
      "confidence": 5,
      "skeleton": 2411,
      "parent": 2415,
      "creation_time": "2011-12-09T08:02:00.466Z",
      "edition_time": "2011-12-09T08:02:00.466Z",
      "project": 3,
      "radius": -1.0,
      "location_x": 4400.000,
      "location_y": 5730.000,
      "location_z": 0.000,
      "editor": 3,
      "user": 3
    }
  },
  {
    "pk": 2419,
    "model": "catmaid.treenode",
    "fields": {
      "confidence": 5,
      "skeleton": 2411,
      "parent": 2417,
      "creation_time": "2011-12-09T08:02:01.614Z",
      "edition_time": "2011-12-09T08:02:01.614Z",
      "project": 3,
      "radius": -1.0,
      "location_x": 5040.000,
      "location_y": 5650.000,
      "location_z": 0.000,
      "editor": 3,
      "user": 3
    }
  },
  {
    "pk": 2423,
    "model": "catmaid.treenode",
    "fields": {
      "confidence": 5,
      "skeleton": 2411,
      "parent": 2415,
      "creation_time": "2011-12-09T08:02:11.175Z",
      "edition_time": "2011-12-09T08:02:11.175Z",
      "project": 3,
      "radius": -1.0,
      "location_x": 4140.000,
      "location_y": 6460.000,
      "location_z": 0.000,
      "editor": 3,
      "user": 3
    }
  },
  {
    "pk": 2437,
    "model": "catmaid.treenode",
    "fields": {
      "confidence": 5,
      "skeleton": 2433,
      "parent": null,
      "creation_time": "2012-07-22T16:50:57.758Z",
      "edition_time": "2012-07-22T16:50:57.758Z",
      "project": 3,
      "radius": -1.0,
      "location_x": 5290.000,
      "location_y": 3930.000,
      "location_z": 279.000,
      "editor": 3,
      "user": 3
    }
  },
  {
    "pk": 2444,
    "model": "catmaid.treenode",
    "fields": {
      "confidence": 5,
      "skeleton": 2440,
      "parent": null,
      "creation_time": "2012-07-22T19:12:54.541Z",
      "edition_time": "2012-07-22T19:12:54.541Z",
      "project": 3,
      "radius": -1.0,
      "location_x": 4470.000,
      "location_y": 2110.000,
      "location_z": 180.000,
      "editor": 3,
      "user": 3
    }
  },
  {
    "pk": 2447,
    "model": "catmaid.treenode",
    "fields": {
      "confidence": 5,
      "skeleton": 2440,
      "parent": 2444,
      "creation_time": "2012-07-22T19:13:08.185Z",
      "edition_time": "2012-07-22T19:13:08.185Z",
      "project": 3,
      "radius": -1.0,
      "location_x": 4910.000,
      "location_y": 3260.000,
      "location_z": 180.000,
      "editor": 3,
      "user": 3
    }
  },
  {
    "pk": 2449,
    "model": "catmaid.treenode",
    "fields": {
      "confidence": 5,
      "skeleton": 2440,
      "parent": 2444,
      "creation_time": "2012-07-22T19:13:26.149Z",
      "edition_time": "2012-07-22T19:13:26.149Z",
      "project": 3,
      "radius": -1.0,
      "location_x": 5110.000,
      "location_y": 2500.000,
      "location_z": 180.000,
      "editor": 3,
      "user": 3
    }
  },
  {
    "pk": 2455,
    "model": "catmaid.treenode",
    "fields": {
      "confidence": 5,
      "skeleton": 2451,
      "parent": null,
      "creation_time": "2012-07-22T19:15:24.010Z",
      "edition_time": "2012-07-22T19:15:24.010Z",
      "project": 3,
      "radius": -1.0,
      "location_x": 3680.000,
      "location_y": 2530.000,
      "location_z": 180.000,
      "editor": 3,
      "user": 3
    }
  },
  {
    "pk": 2459,
    "model": "catmaid.treenode",
    "fields": {
      "confidence": 5,
      "skeleton": 2462,
      "parent": null,
      "location_z": 0.0,
      "location_x": 7310.0,
      "location_y": 6415.0,
      "creation_time": "2016-03-09T18:10:19.652Z",
      "edition_time": "2016-03-09T18:10:19.652Z",
      "project": 3,
      "radius": -1.0,
      "user": 3,
      "editor": 3
    }
  },
  {
    "pk": 2460,
    "model": "catmaid.treenode",
    "fields": {
      "confidence": 5,
      "skeleton": 2462,
      "parent": 2459,
      "location_z": 0.0,
      "location_x": 7280.0,
      "location_y": 5855.0,
      "creation_time": "2016-03-09T18:10:20.699Z",
      "edition_time": "2016-03-09T18:10:20.699Z",
      "project": 3,
      "radius": -1.0,
      "user": 3,
      "editor": 3
    }
  },
  {
    "pk": 2461,
    "model": "catmaid.treenode",
    "fields": {
      "confidence": 5,
      "skeleton": 2462,
      "parent": 2460,
      "location_z": 0.0,
      "location_x": 7680.0,
      "location_y": 5345.0,
      "creation_time": "2016-03-09T18:10:24.145Z",
      "edition_time": "2016-03-09T18:10:24.145Z",
      "project": 3,
      "radius": -1.0,
      "user": 3,
      "editor": 3
    }
  },
  {
    "pk": 2462,
    "model": "catmaid.treenode",
    "fields": {
      "confidence": 5,
      "skeleton": 2462,
      "parent": 2460,
      "location_z": 0.0,
      "location_x": 6685.0,
      "location_y": 5395.0,
      "creation_time": "2016-03-09T18:10:28.168Z",
      "edition_time": "2016-03-09T18:10:28.168Z",
      "project": 3,
      "radius": -1.0,
      "user": 3,
      "editor": 3
    }
  },
  {
    "pk": 2464,
    "model": "catmaid.treenode",
    "fields": {
      "confidence": 5,
      "skeleton": 2468,
      "parent": null,
      "location_z": 0.0,
      "location_x": 6485.0,
      "location_y": 5915.0,
      "creation_time": "2016-03-09T18:10:42.861Z",
      "edition_time": "2016-03-09T18:10:42.861Z",
      "project": 3,
      "radius": -1.0,
      "user": 3,
      "editor": 3
    }
  },
  {
    "pk": 2465,
    "model": "catmaid.treenode",
    "fields": {
      "confidence": 5,
      "skeleton": 2468,
      "parent": 2464,
      "location_z": 0.0,
      "location_x": 6485.0,
      "location_y": 6345.0,
      "creation_time": "2016-03-09T18:10:44.212Z",
      "edition_time": "2016-03-09T18:10:44.212Z",
      "project": 3,
      "radius": -1.0,
      "user": 3,
      "editor": 3
    }
  },
  {
    "pk": 356,
    "model": "catmaid.connector",
    "fields": {
      "confidence": 5,
      "creation_time": "2011-09-27T07:57:15.967Z",
      "edition_time": "2011-10-27T10:45:09.870Z",
      "project": 3,
      "location_x": 6730.000,
      "location_y": 2700.000,
      "location_z": 0.000,
      "editor": 3,
      "user": 3
    }
  },
  {
    "pk": 421,
    "model": "catmaid.connector",
    "fields": {
      "confidence": 5,
      "creation_time": "2011-10-07T07:02:22.656Z",
      "edition_time": "2011-10-07T07:02:30.396Z",
      "project": 3,
      "location_x": 6260.000,
      "location_y": 3990.000,
      "location_z": 0.000,
      "editor": 3,
      "user": 3
    }
  },
  {
    "pk": 432,
    "model": "catmaid.connector",
    "fields": {
      "confidence": 5,
      "creation_time": "2011-10-11T10:49:08.042Z",
      "edition_time": "2011-10-31T05:22:37.263Z",
      "project": 3,
      "location_x": 2640.000,
      "location_y": 3450.000,
      "location_z": 0.000,
      "editor": 3,
      "user": 3
    }
  },
  {
    "pk": 2400,
    "model": "catmaid.connector",
    "fields": {
      "confidence": 5,
      "creation_time": "2011-12-09T08:01:43.965Z",
      "edition_time": "2011-12-09T08:01:43.965Z",
      "project": 3,
      "location_x": 3400.000,
      "location_y": 5620.000,
      "location_z": 0.000,
      "editor": 3,
      "user": 3
    }
  },
  {
    "pk": 2458,
    "model": "catmaid.connector",
    "fields": {
      "confidence": 5,
      "creation_time": "2012-07-23T21:54:02.486Z",
      "edition_time": "2012-07-23T21:54:02.486Z",
      "project": 3,
      "location_x": 5870.000,
      "location_y": 3460.000,
      "location_z": 243.000,
      "editor": 3,
      "user": 3
    }
  },
  {
    "pk": 2463,
    "model": "catmaid.connector",
    "fields": {
      "confidence": 5,
      "location_z": 0.0,
      "location_x": 7135.0,
      "location_y": 5065.0,
      "creation_time": "2016-03-09T18:10:29.666Z",
      "edition_time": "2016-03-09T18:10:29.666Z",
      "project": 3,
      "user": 3,
      "editor": 3
    }
  },
  {
    "pk": 2466,
    "model": "catmaid.connector",
    "fields": {
      "confidence": 5,
      "location_z": 0.0,
      "location_x": 6420.0,
      "location_y": 5565.0,
      "creation_time": "2016-03-09T18:10:49.445Z",
      "edition_time": "2016-03-09T18:10:49.445Z",
      "project": 3,
      "user": 3,
      "editor": 3
    }
  },
  {
    "pk": 8,
    "model": "catmaid.treenodeclassinstance",
    "fields": {
      "treenode": 7,
      "creation_time": "2011-09-04T07:53:41.243Z",
      "edition_time": "2011-09-04T07:53:41.243Z",
      "project": 3,
      "relation": 1011,
      "user": 3,
      "class_instance": 1
    }
  },
  {
    "pk": 12,
    "model": "catmaid.treenodeclassinstance",
    "fields": {
      "treenode": 11,
      "creation_time": "2011-09-04T07:54:16.301Z",
      "edition_time": "2011-09-04T07:54:16.301Z",
      "project": 3,
      "relation": 1011,
      "user": 3,
      "class_instance": 1
    }
  },
  {
    "pk": 14,
    "model": "catmaid.treenodeclassinstance",
    "fields": {
      "treenode": 13,
      "creation_time": "2011-09-04T07:54:24.528Z",
      "edition_time": "2011-09-04T07:54:24.528Z",
      "project": 3,
      "relation": 1011,
      "user": 3,
      "class_instance": 1
    }
  },
  {
    "pk": 16,
    "model": "catmaid.treenodeclassinstance",
    "fields": {
      "treenode": 15,
      "creation_time": "2011-09-04T07:54:26.464Z",
      "edition_time": "2011-09-04T07:54:26.464Z",
      "project": 3,
      "relation": 1011,
      "user": 3,
      "class_instance": 1
    }
  },
  {
    "pk": 18,
    "model": "catmaid.treenodeclassinstance",
    "fields": {
      "treenode": 17,
      "creation_time": "2011-09-04T07:54:28.523Z",
      "edition_time": "2011-09-04T07:54:28.523Z",
      "project": 3,
      "relation": 1011,
      "user": 3,
      "class_instance": 1
    }
  },
  {
    "pk": 238,
    "model": "catmaid.treenodeclassinstance",
    "fields": {
      "treenode": 237,
      "creation_time": "2011-09-27T07:49:15.802Z",
      "edition_time": "2011-09-27T07:49:15.802Z",
      "project": 3,
      "relation": 1011,
      "user": 3,
      "class_instance": 235
    }
  },
  {
    "pk": 240,
    "model": "catmaid.treenodeclassinstance",
    "fields": {
      "treenode": 239,
      "creation_time": "2011-09-27T07:49:16.553Z",
      "edition_time": "2011-09-27T07:49:16.553Z",
      "project": 3,
      "relation": 1011,
      "user": 3,
      "class_instance": 235
    }
  },
  {
    "pk": 242,
    "model": "catmaid.treenodeclassinstance",
    "fields": {
      "treenode": 241,
      "creation_time": "2011-09-27T07:49:17.217Z",
      "edition_time": "2011-09-27T07:49:17.217Z",
      "project": 3,
      "relation": 1011,
      "user": 3,
      "class_instance": 235
    }
  },
  {
    "pk": 244,
    "model": "catmaid.treenodeclassinstance",
    "fields": {
      "treenode": 243,
      "creation_time": "2011-09-27T07:49:17.660Z",
      "edition_time": "2011-09-27T07:49:17.660Z",
      "project": 3,
      "relation": 1011,
      "user": 3,
      "class_instance": 235
    }
  },
  {
    "pk": 246,
    "model": "catmaid.treenodeclassinstance",
    "fields": {
      "treenode": 245,
      "creation_time": "2011-09-27T07:49:18.343Z",
      "edition_time": "2011-09-27T07:49:18.343Z",
      "project": 3,
      "relation": 1011,
      "user": 3,
      "class_instance": 235
    }
  },
  {
    "pk": 248,
    "model": "catmaid.treenodeclassinstance",
    "fields": {
      "treenode": 247,
      "creation_time": "2011-09-27T07:49:19.012Z",
      "edition_time": "2011-09-27T07:49:19.012Z",
      "project": 3,
      "relation": 1011,
      "user": 3,
      "class_instance": 235
    }
  },
  {
    "pk": 250,
    "model": "catmaid.treenodeclassinstance",
    "fields": {
      "treenode": 249,
      "creation_time": "2011-09-27T07:49:19.887Z",
      "edition_time": "2011-09-27T07:49:19.887Z",
      "project": 3,
      "relation": 1011,
      "user": 3,
      "class_instance": 235
    }
  },
  {
    "pk": 252,
    "model": "catmaid.treenodeclassinstance",
    "fields": {
      "treenode": 251,
      "creation_time": "2011-09-27T07:49:20.514Z",
      "edition_time": "2011-09-27T07:49:20.514Z",
      "project": 3,
      "relation": 1011,
      "user": 3,
      "class_instance": 235
    }
  },
  {
    "pk": 254,
    "model": "catmaid.treenodeclassinstance",
    "fields": {
      "treenode": 253,
      "creation_time": "2011-09-27T07:49:21.493Z",
      "edition_time": "2011-09-27T07:49:21.493Z",
      "project": 3,
      "relation": 1011,
      "user": 3,
      "class_instance": 235
    }
  },
  {
    "pk": 256,
    "model": "catmaid.treenodeclassinstance",
    "fields": {
      "treenode": 255,
      "creation_time": "2011-09-27T07:49:22.835Z",
      "edition_time": "2011-09-27T07:49:22.835Z",
      "project": 3,
      "relation": 1011,
      "user": 3,
      "class_instance": 235
    }
  },
  {
    "pk": 258,
    "model": "catmaid.treenodeclassinstance",
    "fields": {
      "treenode": 257,
      "creation_time": "2011-09-27T07:49:23.591Z",
      "edition_time": "2011-09-27T07:49:23.591Z",
      "project": 3,
      "relation": 1011,
      "user": 3,
      "class_instance": 235
    }
  },
  {
    "pk": 260,
    "model": "catmaid.treenodeclassinstance",
    "fields": {
      "treenode": 259,
      "creation_time": "2011-09-27T07:49:24.879Z",
      "edition_time": "2011-09-27T07:49:24.879Z",
      "project": 3,
      "relation": 1011,
      "user": 3,
      "class_instance": 235
    }
  },
  {
    "pk": 262,
    "model": "catmaid.treenodeclassinstance",
    "fields": {
      "treenode": 261,
      "creation_time": "2011-09-27T07:49:25.549Z",
      "edition_time": "2011-09-27T07:49:25.549Z",
      "project": 3,
      "relation": 1011,
      "user": 3,
      "class_instance": 235
    }
  },
  {
    "pk": 264,
    "model": "catmaid.treenodeclassinstance",
    "fields": {
      "treenode": 263,
      "creation_time": "2011-09-27T07:49:27.637Z",
      "edition_time": "2011-09-27T07:49:27.637Z",
      "project": 3,
      "relation": 1011,
      "user": 3,
      "class_instance": 235
    }
  },
  {
    "pk": 266,
    "model": "catmaid.treenodeclassinstance",
    "fields": {
      "treenode": 265,
      "creation_time": "2011-09-27T07:49:28.080Z",
      "edition_time": "2011-09-27T07:49:28.080Z",
      "project": 3,
      "relation": 1011,
      "user": 3,
      "class_instance": 235
    }
  },
  {
    "pk": 268,
    "model": "catmaid.treenodeclassinstance",
    "fields": {
      "treenode": 267,
      "creation_time": "2011-09-27T07:49:28.515Z",
      "edition_time": "2011-09-27T07:49:28.515Z",
      "project": 3,
      "relation": 1011,
      "user": 3,
      "class_instance": 235
    }
  },
  {
    "pk": 270,
    "model": "catmaid.treenodeclassinstance",
    "fields": {
      "treenode": 269,
      "creation_time": "2011-09-27T07:49:31.952Z",
      "edition_time": "2011-09-27T07:49:31.952Z",
      "project": 3,
      "relation": 1011,
      "user": 3,
      "class_instance": 235
    }
  },
  {
    "pk": 272,
    "model": "catmaid.treenodeclassinstance",
    "fields": {
      "treenode": 271,
      "creation_time": "2011-09-27T07:49:32.376Z",
      "edition_time": "2011-09-27T07:49:32.376Z",
      "project": 3,
      "relation": 1011,
      "user": 3,
      "class_instance": 235
    }
  },
  {
    "pk": 274,
    "model": "catmaid.treenodeclassinstance",
    "fields": {
      "treenode": 273,
      "creation_time": "2011-09-27T07:49:32.824Z",
      "edition_time": "2011-09-27T07:49:32.824Z",
      "project": 3,
      "relation": 1011,
      "user": 3,
      "class_instance": 235
    }
  },
  {
    "pk": 276,
    "model": "catmaid.treenodeclassinstance",
    "fields": {
      "treenode": 275,
      "creation_time": "2011-09-27T07:49:33.254Z",
      "edition_time": "2011-09-27T07:49:33.254Z",
      "project": 3,
      "relation": 1011,
      "user": 3,
      "class_instance": 235
    }
  },
  {
    "pk": 278,
    "model": "catmaid.treenodeclassinstance",
    "fields": {
      "treenode": 277,
      "creation_time": "2011-09-27T07:49:33.770Z",
      "edition_time": "2011-09-27T07:49:33.770Z",
      "project": 3,
      "relation": 1011,
      "user": 3,
      "class_instance": 235
    }
  },
  {
    "pk": 280,
    "model": "catmaid.treenodeclassinstance",
    "fields": {
      "treenode": 279,
      "creation_time": "2011-09-27T07:49:35.689Z",
      "edition_time": "2011-09-27T07:49:35.689Z",
      "project": 3,
      "relation": 1011,
      "user": 3,
      "class_instance": 235
    }
  },
  {
    "pk": 282,
    "model": "catmaid.treenodeclassinstance",
    "fields": {
      "treenode": 281,
      "creation_time": "2011-09-27T07:49:36.374Z",
      "edition_time": "2011-09-27T07:49:36.374Z",
      "project": 3,
      "relation": 1011,
      "user": 3,
      "class_instance": 235
    }
  },
  {
    "pk": 284,
    "model": "catmaid.treenodeclassinstance",
    "fields": {
      "treenode": 283,
      "creation_time": "2011-09-27T07:49:36.843Z",
      "edition_time": "2011-09-27T07:49:36.843Z",
      "project": 3,
      "relation": 1011,
      "user": 3,
      "class_instance": 235
    }
  },
  {
    "pk": 286,
    "model": "catmaid.treenodeclassinstance",
    "fields": {
      "treenode": 285,
      "creation_time": "2011-09-27T07:49:37.269Z",
      "edition_time": "2011-09-27T07:49:37.269Z",
      "project": 3,
      "relation": 1011,
      "user": 3,
      "class_instance": 235
    }
  },
  {
    "pk": 290,
    "model": "catmaid.treenodeclassinstance",
    "fields": {
      "treenode": 289,
      "creation_time": "2011-09-27T07:49:38.607Z",
      "edition_time": "2011-09-27T07:49:38.607Z",
      "project": 3,
      "relation": 1011,
      "user": 3,
      "class_instance": 235
    }
  },
  {
    "pk": 294,
    "model": "catmaid.treenodeclassinstance",
    "fields": {
      "treenode": 293,
      "creation_time": "2011-09-27T07:54:31.891Z",
      "edition_time": "2011-09-27T07:54:31.891Z",
      "project": 3,
      "relation": 1011,
      "user": 3,
      "class_instance": 1
    }
  },
  {
    "pk": 296,
    "model": "catmaid.treenodeclassinstance",
    "fields": {
      "treenode": 295,
      "creation_time": "2011-09-27T07:54:33.793Z",
      "edition_time": "2011-09-27T07:54:33.793Z",
      "project": 3,
      "relation": 1011,
      "user": 3,
      "class_instance": 1
    }
  },
  {
    "pk": 298,
    "model": "catmaid.treenodeclassinstance",
    "fields": {
      "treenode": 297,
      "creation_time": "2011-09-27T07:54:35.521Z",
      "edition_time": "2011-09-27T07:54:35.521Z",
      "project": 3,
      "relation": 1011,
      "user": 3,
      "class_instance": 1
    }
  },
  {
    "pk": 300,
    "model": "catmaid.treenodeclassinstance",
    "fields": {
      "treenode": 299,
      "creation_time": "2011-09-27T07:54:37.211Z",
      "edition_time": "2011-09-27T07:54:37.211Z",
      "project": 3,
      "relation": 1011,
      "user": 3,
      "class_instance": 1
    }
  },
  {
    "pk": 302,
    "model": "catmaid.treenodeclassinstance",
    "fields": {
      "treenode": 301,
      "creation_time": "2011-09-27T07:54:38.863Z",
      "edition_time": "2011-09-27T07:54:38.863Z",
      "project": 3,
      "relation": 1011,
      "user": 3,
      "class_instance": 1
    }
  },
  {
    "pk": 304,
    "model": "catmaid.treenodeclassinstance",
    "fields": {
      "treenode": 303,
      "creation_time": "2011-09-27T07:54:40.603Z",
      "edition_time": "2011-09-27T07:54:40.603Z",
      "project": 3,
      "relation": 1011,
      "user": 3,
      "class_instance": 1
    }
  },
  {
    "pk": 306,
    "model": "catmaid.treenodeclassinstance",
    "fields": {
      "treenode": 305,
      "creation_time": "2011-09-27T07:54:43.902Z",
      "edition_time": "2011-09-27T07:54:43.902Z",
      "project": 3,
      "relation": 1011,
      "user": 3,
      "class_instance": 1
    }
  },
  {
    "pk": 310,
    "model": "catmaid.treenodeclassinstance",
    "fields": {
      "treenode": 309,
      "creation_time": "2011-09-27T07:55:15.319Z",
      "edition_time": "2011-09-27T07:55:15.319Z",
      "project": 3,
      "relation": 1011,
      "user": 3,
      "class_instance": 1
    }
  },
  {
    "pk": 312,
    "model": "catmaid.treenodeclassinstance",
    "fields": {
      "treenode": 311,
      "creation_time": "2011-09-27T07:55:19.502Z",
      "edition_time": "2011-09-27T07:55:19.502Z",
      "project": 3,
      "relation": 1011,
      "user": 3,
      "class_instance": 1
    }
  },
  {
    "pk": 314,
    "model": "catmaid.treenodeclassinstance",
    "fields": {
      "treenode": 313,
      "creation_time": "2011-09-27T07:55:21.329Z",
      "edition_time": "2011-09-27T07:55:21.329Z",
      "project": 3,
      "relation": 1011,
      "user": 3,
      "class_instance": 1
    }
  },
  {
    "pk": 316,
    "model": "catmaid.treenodeclassinstance",
    "fields": {
      "treenode": 315,
      "creation_time": "2011-09-27T07:55:23.334Z",
      "edition_time": "2011-09-27T07:55:23.334Z",
      "project": 3,
      "relation": 1011,
      "user": 3,
      "class_instance": 1
    }
  },
  {
    "pk": 318,
    "model": "catmaid.treenodeclassinstance",
    "fields": {
      "treenode": 317,
      "creation_time": "2011-09-27T07:55:25.134Z",
      "edition_time": "2011-09-27T07:55:25.134Z",
      "project": 3,
      "relation": 1011,
      "user": 3,
      "class_instance": 1
    }
  },
  {
    "pk": 320,
    "model": "catmaid.treenodeclassinstance",
    "fields": {
      "treenode": 319,
      "creation_time": "2011-09-27T07:55:26.647Z",
      "edition_time": "2011-09-27T07:55:26.647Z",
      "project": 3,
      "relation": 1011,
      "user": 3,
      "class_instance": 1
    }
  },
  {
    "pk": 322,
    "model": "catmaid.treenodeclassinstance",
    "fields": {
      "treenode": 321,
      "creation_time": "2011-09-27T07:55:28.081Z",
      "edition_time": "2011-09-27T07:55:28.081Z",
      "project": 3,
      "relation": 1011,
      "user": 3,
      "class_instance": 1
    }
  },
  {
    "pk": 324,
    "model": "catmaid.treenodeclassinstance",
    "fields": {
      "treenode": 323,
      "creation_time": "2011-09-27T07:55:29.498Z",
      "edition_time": "2011-09-27T07:55:29.498Z",
      "project": 3,
      "relation": 1011,
      "user": 3,
      "class_instance": 1
    }
  },
  {
    "pk": 326,
    "model": "catmaid.treenodeclassinstance",
    "fields": {
      "treenode": 325,
      "creation_time": "2011-09-27T07:55:30.721Z",
      "edition_time": "2011-09-27T07:55:30.721Z",
      "project": 3,
      "relation": 1011,
      "user": 3,
      "class_instance": 1
    }
  },
  {
    "pk": 336,
    "model": "catmaid.treenodeclassinstance",
    "fields": {
      "treenode": 335,
      "creation_time": "2011-09-27T07:56:07.198Z",
      "edition_time": "2011-09-27T07:56:07.198Z",
      "project": 3,
      "relation": 1011,
      "user": 3,
      "class_instance": 1
    }
  },
  {
    "pk": 338,
    "model": "catmaid.treenodeclassinstance",
    "fields": {
      "treenode": 337,
      "creation_time": "2011-09-27T07:56:10.196Z",
      "edition_time": "2011-09-27T07:56:10.196Z",
      "project": 3,
      "relation": 1011,
      "user": 3,
      "class_instance": 1
    }
  },
  {
    "pk": 340,
    "model": "catmaid.treenodeclassinstance",
    "fields": {
      "treenode": 339,
      "creation_time": "2011-09-27T07:56:12.174Z",
      "edition_time": "2011-09-27T07:56:12.174Z",
      "project": 3,
      "relation": 1011,
      "user": 3,
      "class_instance": 1
    }
  },
  {
    "pk": 342,
    "model": "catmaid.treenodeclassinstance",
    "fields": {
      "treenode": 341,
      "creation_time": "2011-09-27T07:56:14.347Z",
      "edition_time": "2011-09-27T07:56:14.347Z",
      "project": 3,
      "relation": 1011,
      "user": 3,
      "class_instance": 1
    }
  },
  {
    "pk": 344,
    "model": "catmaid.treenodeclassinstance",
    "fields": {
      "treenode": 343,
      "creation_time": "2011-09-27T07:56:18.238Z",
      "edition_time": "2011-09-27T07:56:18.238Z",
      "project": 3,
      "relation": 1011,
      "user": 3,
      "class_instance": 1
    }
  },
  {
    "pk": 346,
    "model": "catmaid.treenodeclassinstance",
    "fields": {
      "treenode": 345,
      "creation_time": "2011-09-27T07:56:19.960Z",
      "edition_time": "2011-09-27T07:56:19.960Z",
      "project": 3,
      "relation": 1011,
      "user": 3,
      "class_instance": 1
    }
  },
  {
    "pk": 348,
    "model": "catmaid.treenodeclassinstance",
    "fields": {
      "treenode": 347,
      "creation_time": "2011-09-27T07:56:21.927Z",
      "edition_time": "2011-09-27T07:56:21.927Z",
      "project": 3,
      "relation": 1011,
      "user": 3,
      "class_instance": 1
    }
  },
  {
    "pk": 350,
    "model": "catmaid.treenodeclassinstance",
    "fields": {
      "treenode": 349,
      "creation_time": "2011-09-27T07:56:24.082Z",
      "edition_time": "2011-09-27T07:56:24.082Z",
      "project": 3,
      "relation": 1011,
      "user": 3,
      "class_instance": 1
    }
  },
  {
    "pk": 353,
    "model": "catmaid.treenodeclassinstance",
    "fields": {
      "treenode": 349,
      "creation_time": "2011-09-27T07:56:45.996Z",
      "edition_time": "2011-09-27T07:56:45.996Z",
      "project": 3,
      "relation": 1035,
      "user": 3,
      "class_instance": 351
    }
  },
  {
    "pk": 368,
    "model": "catmaid.treenodeclassinstance",
    "fields": {
      "treenode": 367,
      "creation_time": "2011-09-27T07:57:17.808Z",
      "edition_time": "2011-09-27T07:57:17.808Z",
      "project": 3,
      "relation": 1011,
      "user": 3,
      "class_instance": 361
    }
  },
  {
    "pk": 378,
    "model": "catmaid.treenodeclassinstance",
    "fields": {
      "treenode": 377,
      "creation_time": "2011-09-27T07:57:19.447Z",
      "edition_time": "2011-09-27T07:57:19.447Z",
      "project": 3,
      "relation": 1011,
      "user": 3,
      "class_instance": 373
    }
  },
  {
    "pk": 384,
    "model": "catmaid.treenodeclassinstance",
    "fields": {
      "treenode": 383,
      "creation_time": "2011-09-27T07:57:24.747Z",
      "edition_time": "2011-09-27T07:57:24.747Z",
      "project": 3,
      "relation": 1011,
      "user": 3,
      "class_instance": 361
    }
  },
  {
    "pk": 386,
    "model": "catmaid.treenodeclassinstance",
    "fields": {
      "treenode": 385,
      "creation_time": "2011-09-27T07:57:25.555Z",
      "edition_time": "2011-09-27T07:57:25.555Z",
      "project": 3,
      "relation": 1011,
      "user": 3,
      "class_instance": 361
    }
  },
  {
    "pk": 388,
    "model": "catmaid.treenodeclassinstance",
    "fields": {
      "treenode": 387,
      "creation_time": "2011-09-27T07:57:26.310Z",
      "edition_time": "2011-09-27T07:57:26.310Z",
      "project": 3,
      "relation": 1011,
      "user": 3,
      "class_instance": 361
    }
  },
  {
    "pk": 392,
    "model": "catmaid.treenodeclassinstance",
    "fields": {
      "treenode": 391,
      "creation_time": "2011-09-27T07:57:34.626Z",
      "edition_time": "2011-09-27T07:57:34.626Z",
      "project": 3,
      "relation": 1011,
      "user": 3,
      "class_instance": 361
    }
  },
  {
    "pk": 394,
    "model": "catmaid.treenodeclassinstance",
    "fields": {
      "treenode": 393,
      "creation_time": "2011-09-27T07:57:35.676Z",
      "edition_time": "2011-09-27T07:57:35.676Z",
      "project": 3,
      "relation": 1011,
      "user": 3,
      "class_instance": 361
    }
  },
  {
    "pk": 396,
    "model": "catmaid.treenodeclassinstance",
    "fields": {
      "treenode": 395,
      "creation_time": "2011-09-27T07:57:36.318Z",
      "edition_time": "2011-09-27T07:57:36.318Z",
      "project": 3,
      "relation": 1011,
      "user": 3,
      "class_instance": 361
    }
  },
  {
    "pk": 398,
    "model": "catmaid.treenodeclassinstance",
    "fields": {
      "treenode": 397,
      "creation_time": "2011-09-27T07:57:36.995Z",
      "edition_time": "2011-09-27T07:57:36.995Z",
      "project": 3,
      "relation": 1011,
      "user": 3,
      "class_instance": 361
    }
  },
  {
    "pk": 400,
    "model": "catmaid.treenodeclassinstance",
    "fields": {
      "treenode": 399,
      "creation_time": "2011-09-27T07:57:37.518Z",
      "edition_time": "2011-09-27T07:57:37.518Z",
      "project": 3,
      "relation": 1011,
      "user": 3,
      "class_instance": 361
    }
  },
  {
    "pk": 404,
    "model": "catmaid.treenodeclassinstance",
    "fields": {
      "treenode": 403,
      "creation_time": "2011-09-27T07:57:55.026Z",
      "edition_time": "2011-09-27T07:57:55.026Z",
      "project": 3,
      "relation": 1011,
      "user": 3,
      "class_instance": 373
    }
  },
  {
    "pk": 406,
    "model": "catmaid.treenodeclassinstance",
    "fields": {
      "treenode": 405,
      "creation_time": "2011-09-27T07:57:57.310Z",
      "edition_time": "2011-09-27T07:57:57.310Z",
      "project": 3,
      "relation": 1011,
      "user": 3,
      "class_instance": 373
    }
  },
  {
    "pk": 408,
    "model": "catmaid.treenodeclassinstance",
    "fields": {
      "treenode": 407,
      "creation_time": "2011-09-27T07:57:57.976Z",
      "edition_time": "2011-09-27T07:57:57.976Z",
      "project": 3,
      "relation": 1011,
      "user": 3,
      "class_instance": 373
    }
  },
  {
    "pk": 410,
    "model": "catmaid.treenodeclassinstance",
    "fields": {
      "treenode": 409,
      "creation_time": "2011-09-27T07:57:58.454Z",
      "edition_time": "2011-09-27T07:57:58.454Z",
      "project": 3,
      "relation": 1011,
      "user": 3,
      "class_instance": 373
    }
  },
  {
    "pk": 416,
    "model": "catmaid.treenodeclassinstance",
    "fields": {
      "treenode": 415,
      "creation_time": "2011-10-07T07:02:13.511Z",
      "edition_time": "2011-10-07T07:02:13.511Z",
      "project": 3,
      "relation": 1011,
      "user": 3,
      "class_instance": 235
    }
  },
  {
    "pk": 418,
    "model": "catmaid.treenodeclassinstance",
    "fields": {
      "treenode": 417,
      "creation_time": "2011-10-07T07:02:15.176Z",
      "edition_time": "2011-10-07T07:02:15.176Z",
      "project": 3,
      "relation": 1011,
      "user": 3,
      "class_instance": 235
    }
  },
  {
    "pk": 2341,
    "model": "catmaid.treenodeclassinstance",
    "fields": {
      "treenode": 261,
      "creation_time": "2011-10-31T05:21:43.998Z",
      "edition_time": "2011-10-31T05:21:43.998Z",
      "project": 3,
      "relation": 1035,
      "user": 3,
      "class_instance": 351
    }
  },
  {
    "pk": 2357,
    "model": "catmaid.treenodeclassinstance",
    "fields": {
      "treenode": 403,
      "creation_time": "2011-10-31T05:25:15.462Z",
      "edition_time": "2011-10-31T05:25:15.462Z",
      "project": 3,
      "relation": 1035,
      "user": 3,
      "class_instance": 2342
    }
  },
  {
    "pk": 2369,
    "model": "catmaid.treenodeclassinstance",
    "fields": {
      "treenode": 2368,
      "creation_time": "2011-11-01T12:54:42.122Z",
      "edition_time": "2011-11-01T12:54:42.122Z",
      "project": 3,
      "relation": 1011,
      "user": 2,
      "class_instance": 2364
    }
  },
  {
    "pk": 2371,
    "model": "catmaid.treenodeclassinstance",
    "fields": {
      "treenode": 2370,
      "creation_time": "2011-11-01T12:54:43.555Z",
      "edition_time": "2011-11-01T12:54:43.555Z",
      "project": 3,
      "relation": 1011,
      "user": 2,
      "class_instance": 2364
    }
  },
  {
    "pk": 2373,
    "model": "catmaid.treenodeclassinstance",
    "fields": {
      "treenode": 2372,
      "creation_time": "2011-11-01T12:54:44.436Z",
      "edition_time": "2011-11-01T12:54:44.436Z",
      "project": 3,
      "relation": 1011,
      "user": 2,
      "class_instance": 2364
    }
  },
  {
    "pk": 2375,
    "model": "catmaid.treenodeclassinstance",
    "fields": {
      "treenode": 2374,
      "creation_time": "2011-11-01T12:54:45.793Z",
      "edition_time": "2011-11-01T12:54:45.793Z",
      "project": 3,
      "relation": 1011,
      "user": 2,
      "class_instance": 2364
    }
  },
  {
    "pk": 2377,
    "model": "catmaid.treenodeclassinstance",
    "fields": {
      "treenode": 2376,
      "creation_time": "2011-11-01T12:54:47.472Z",
      "edition_time": "2011-11-01T12:54:47.472Z",
      "project": 3,
      "relation": 1011,
      "user": 2,
      "class_instance": 2364
    }
  },
  {
    "pk": 2379,
    "model": "catmaid.treenodeclassinstance",
    "fields": {
      "treenode": 2378,
      "creation_time": "2011-11-01T12:54:48.503Z",
      "edition_time": "2011-11-01T12:54:48.503Z",
      "project": 3,
      "relation": 1011,
      "user": 2,
      "class_instance": 2364
    }
  },
  {
    "pk": 2393,
    "model": "catmaid.treenodeclassinstance",
    "fields": {
      "treenode": 2392,
      "creation_time": "2011-12-09T08:01:37.575Z",
      "edition_time": "2011-12-09T08:01:37.575Z",
      "project": 3,
      "relation": 1011,
      "user": 3,
      "class_instance": 2388
    }
  },
  {
    "pk": 2395,
    "model": "catmaid.treenodeclassinstance",
    "fields": {
      "treenode": 2394,
      "creation_time": "2011-12-09T08:01:39.388Z",
      "edition_time": "2011-12-09T08:01:39.388Z",
      "project": 3,
      "relation": 1011,
      "user": 3,
      "class_instance": 2388
    }
  },
  {
    "pk": 2397,
    "model": "catmaid.treenodeclassinstance",
    "fields": {
      "treenode": 2396,
      "creation_time": "2011-12-09T08:01:40.583Z",
      "edition_time": "2011-12-09T08:01:40.583Z",
      "project": 3,
      "relation": 1011,
      "user": 3,
      "class_instance": 2388
    }
  },
  {
    "pk": 2416,
    "model": "catmaid.treenodeclassinstance",
    "fields": {
      "treenode": 2415,
      "creation_time": "2011-12-09T08:01:59.149Z",
      "edition_time": "2011-12-09T08:01:59.149Z",
      "project": 3,
      "relation": 1011,
      "user": 3,
      "class_instance": 2411
    }
  },
  {
    "pk": 2418,
    "model": "catmaid.treenodeclassinstance",
    "fields": {
      "treenode": 2417,
      "creation_time": "2011-12-09T08:02:00.466Z",
      "edition_time": "2011-12-09T08:02:00.466Z",
      "project": 3,
      "relation": 1011,
      "user": 3,
      "class_instance": 2411
    }
  },
  {
    "pk": 2420,
    "model": "catmaid.treenodeclassinstance",
    "fields": {
      "treenode": 2419,
      "creation_time": "2011-12-09T08:02:01.614Z",
      "edition_time": "2011-12-09T08:02:01.614Z",
      "project": 3,
      "relation": 1011,
      "user": 3,
      "class_instance": 2411
    }
  },
  {
    "pk": 2424,
    "model": "catmaid.treenodeclassinstance",
    "fields": {
      "treenode": 2423,
      "creation_time": "2011-12-09T08:02:11.175Z",
      "edition_time": "2011-12-09T08:02:11.175Z",
      "project": 3,
      "relation": 1011,
      "user": 3,
      "class_instance": 2411
    }
  },
  {
    "pk": 2438,
    "model": "catmaid.treenodeclassinstance",
    "fields": {
      "treenode": 2437,
      "creation_time": "2012-07-22T16:50:57.758Z",
      "edition_time": "2012-07-22T16:50:57.758Z",
      "project": 3,
      "relation": 1011,
      "user": 3,
      "class_instance": 2433
    }
  },
  {
    "pk": 2445,
    "model": "catmaid.treenodeclassinstance",
    "fields": {
      "treenode": 2444,
      "creation_time": "2012-07-22T19:12:54.541Z",
      "edition_time": "2012-07-22T19:12:54.541Z",
      "project": 3,
      "relation": 1011,
      "user": 3,
      "class_instance": 2440
    }
  },
  {
    "pk": 2448,
    "model": "catmaid.treenodeclassinstance",
    "fields": {
      "treenode": 2447,
      "creation_time": "2012-07-22T19:13:08.185Z",
      "edition_time": "2012-07-22T19:13:08.185Z",
      "project": 3,
      "relation": 1011,
      "user": 3,
      "class_instance": 2440
    }
  },
  {
    "pk": 2450,
    "model": "catmaid.treenodeclassinstance",
    "fields": {
      "treenode": 2449,
      "creation_time": "2012-07-22T19:13:26.149Z",
      "edition_time": "2012-07-22T19:13:26.149Z",
      "project": 3,
      "relation": 1011,
      "user": 3,
      "class_instance": 2440
    }
  },
  {
    "pk": 2456,
    "model": "catmaid.treenodeclassinstance",
    "fields": {
      "treenode": 2455,
      "creation_time": "2012-07-22T19:15:24.010Z",
      "edition_time": "2012-07-22T19:15:24.010Z",
      "project": 3,
      "relation": 1011,
      "user": 3,
      "class_instance": 2451
    }
  },
  {
    "pk": 2354,
    "model": "catmaid.connectorclassinstance",
    "fields": {
      "connector": 432,
      "creation_time": "2011-10-31T05:24:57.406Z",
      "edition_time": "2011-10-31T05:24:57.406Z",
      "project": 3,
      "relation": 1035,
      "user": 3,
      "class_instance": 2353
    }
  },
  {
    "pk": 2355,
    "model": "catmaid.connectorclassinstance",
    "fields": {
      "connector": 432,
      "creation_time": "2011-10-31T05:24:57.406Z",
      "edition_time": "2011-10-31T05:24:57.406Z",
      "project": 3,
      "relation": 1035,
      "user": 3,
      "class_instance": 351
    }
  },
  {
    "pk": 360,
    "model": "catmaid.treenodeconnector",
    "fields": {
      "connector": 356,
      "confidence": 5,
      "treenode": 285,
      "skeleton": 235,
      "creation_time": "2011-09-27T07:57:15.967Z",
      "edition_time": "2011-12-20T10:46:01.360Z",
      "project": 3,
      "relation": 1023,
      "user": 3
    }
  },
  {
    "pk": 372,
    "model": "catmaid.treenodeconnector",
    "fields": {
      "connector": 356,
      "confidence": 5,
      "treenode": 367,
      "skeleton": 361,
      "creation_time": "2011-09-27T07:57:18.175Z",
      "edition_time": "2011-12-20T10:46:01.360Z",
      "project": 3,
      "relation": 1024,
      "user": 3
    }
  },
  {
    "pk": 382,
    "model": "catmaid.treenodeconnector",
    "fields": {
      "connector": 356,
      "confidence": 5,
      "treenode": 377,
      "skeleton": 373,
      "creation_time": "2011-09-27T07:57:19.797Z",
      "edition_time": "2011-12-20T10:46:01.360Z",
      "project": 3,
      "relation": 1024,
      "user": 3
    }
  },
  {
    "pk": 425,
    "model": "catmaid.treenodeconnector",
    "fields": {
      "connector": 421,
      "confidence": 5,
      "treenode": 415,
      "skeleton": 235,
      "creation_time": "2011-10-07T07:02:22.656Z",
      "edition_time": "2011-12-20T10:46:01.360Z",
      "project": 3,
      "relation": 1023,
      "user": 3
    }
  },
  {
    "pk": 429,
    "model": "catmaid.treenodeconnector",
    "fields": {
      "connector": 421,
      "confidence": 5,
      "treenode": 409,
      "skeleton": 373,
      "creation_time": "2011-10-07T07:02:29.728Z",
      "edition_time": "2011-12-20T10:46:01.360Z",
      "project": 3,
      "relation": 1024,
      "user": 3
    }
  },
  {
    "pk": 437,
    "model": "catmaid.treenodeconnector",
    "fields": {
      "connector": 432,
      "confidence": 5,
      "treenode": 247,
      "skeleton": 235,
      "creation_time": "2011-10-11T10:49:08.042Z",
      "edition_time": "2011-12-20T10:46:01.360Z",
      "project": 3,
      "relation": 1023,
      "user": 3
    }
  },
  {
    "pk": 2405,
    "model": "catmaid.treenodeconnector",
    "fields": {
      "connector": 2400,
      "confidence": 5,
      "treenode": 2394,
      "skeleton": 2388,
      "creation_time": "2011-12-09T08:01:43.965Z",
      "edition_time": "2011-12-20T10:46:01.360Z",
      "project": 3,
      "relation": 1023,
      "user": 3
    }
  },
  {
    "pk": 2410,
    "model": "catmaid.treenodeconnector",
    "fields": {
      "connector": 2400,
      "confidence": 5,
      "treenode": 2374,
      "skeleton": 2364,
      "creation_time": "2011-12-09T08:01:48.525Z",
      "edition_time": "2011-12-20T10:46:01.360Z",
      "project": 3,
      "relation": 1024,
      "user": 3
    }
  },
  {
    "pk": 2429,
    "model": "catmaid.treenodeconnector",
    "fields": {
      "connector": 2400,
      "confidence": 5,
      "treenode": 2415,
      "skeleton": 2411,
      "creation_time": "2011-12-09T08:02:16.949Z",
      "edition_time": "2011-12-20T10:46:01.360Z",
      "project": 3,
      "relation": 1023,
      "user": 3
    }
  },
  {
    "pk": 2466,
    "model": "catmaid.treenodeconnector",
    "fields": {
      "connector": 2463,
      "confidence": 5,
      "treenode": 2462,
      "skeleton": 2462,
      "creation_time": "2016-03-09T18:10:29.808Z",
      "edition_time": "2016-03-09T18:10:29.808Z",
      "project": 3,
      "relation": 1023,
      "user": 3
    }
  },
  {
    "pk": 2467,
    "model": "catmaid.treenodeconnector",
    "fields": {
      "connector": 2463,
      "confidence": 5,
      "treenode": 2461,
      "skeleton": 2462,
      "creation_time": "2016-03-09T18:10:33.668Z",
      "edition_time": "2016-03-09T18:10:33.669Z",
      "project": 3,
      "relation": 1024,
      "user": 3
    }
  },
  {
    "pk": 2472,
    "model": "catmaid.treenodeconnector",
    "fields": {
      "connector": 2466,
      "confidence": 5,
      "treenode": 2462,
      "skeleton": 2462,
      "creation_time": "2016-03-09T18:10:49.583Z",
      "edition_time": "2016-03-09T18:10:49.583Z",
      "project": 3,
      "relation": 1023,
      "user": 3
    }
  },
  {
    "pk": 2473,
    "model": "catmaid.treenodeconnector",
    "fields": {
      "connector": 2466,
      "confidence": 5,
      "treenode": 2464,
      "skeleton": 2468,
      "creation_time": "2016-03-09T18:10:50.846Z",
      "edition_time": "2016-03-09T18:10:50.846Z",
      "project": 3,
      "relation": 1024,
      "user": 3
    }
  },
  {
    "pk": 2439,
    "model": "catmaid.log",
    "fields": {
      "freetext": "Create neuron 2434 and skeleton 2433",
      "creation_time": "2012-07-22T16:50:57.758Z",
      "edition_time": "2012-07-22T16:50:57.758Z",
      "project": 3,
      "user": 3,
      "operation_type": "create_neuron",
      "location": "(5290.000, 3930.000, 279.000)"
    }
  },
  {
    "pk": 2446,
    "model": "catmaid.log",
    "fields": {
      "freetext": "Create neuron 2441 and skeleton 2440",
      "creation_time": "2012-07-22T19:12:54.541Z",
      "edition_time": "2012-07-22T19:12:54.541Z",
      "project": 3,
      "user": 3,
      "operation_type": "create_neuron",
      "location": "(4470.000, 2110.000, 180.000)"
    }
  },
  {
    "pk": 2457,
    "model": "catmaid.log",
    "fields": {
      "freetext": "Create neuron 2452 and skeleton 2451",
      "creation_time": "2012-07-22T19:15:24.010Z",
      "edition_time": "2012-07-22T19:15:24.010Z",
      "project": 3,
      "user": 3,
      "operation_type": "create_neuron",
      "location": "(3680.000, 2530.000, 180.000)"
    }
  }
]
