[
  {
    "pk": -1,
    "model": "auth.user",
    "fields": {
      "username": "AnonymousUser",
      "first_name": "Anonymous",
      "last_name": "User",
      "is_active": true,
      "is_superuser": false,
      "is_staff": false,
      "last_login": "2014-03-17T18:14:34.851",
      "groups": [],
      "user_permissions": [],
      "password": "",
      "email": "",
      "date_joined": "2014-03-17T18:14:34.851"
    }
  },
  {
    "pk": 1,
    "model": "auth.user",
    "fields": {
      "username": "test0",
      "first_name": "Test",
      "last_name": "User 0",
      "is_active": true,
      "is_superuser": false,
      "is_staff": false,
      "last_login": "2014-09-03T11:17:50.752",
      "groups": [],
      "user_permissions": [],
      "password": "pbkdf2_sha256$12000$CqdO6wRdSSxH$c57xXXPO8k65prBMrHTvjj/inanxDnbdoaeDIeWWrik=",
      "email": "",
      "date_joined": "2014-04-26T12:49:36"
    }
  },
  {
    "pk": 2,
    "model": "auth.user",
    "fields": {
      "username": "test1",
      "first_name": "Test",
      "last_name": "User 1",
      "is_active": true,
      "is_superuser": false,
      "is_staff": false,
      "last_login": "2014-09-03T11:17:50.752",
      "groups": [],
      "user_permissions": [],
      "password": "pbkdf2_sha256$12000$CqdO6wRdSSxH$c57xXXPO8k65prBMrHTvjj/inanxDnbdoaeDIeWWrik=",
      "email": "",
      "date_joined": "2014-03-26T17:49:36"
    }
  },
  {
    "pk": 3,
    "model": "auth.user",
    "fields": {
      "username": "test2",
      "first_name": "Test",
      "last_name": "User 2",
      "is_active": true,
      "is_superuser": false,
      "is_staff": false,
      "last_login": "2014-09-03T11:17:50.752",
      "groups": [1],
      "user_permissions": [],
      "password": "pbkdf2_sha256$12000$CqdO6wRdSSxH$c57xXXPO8k65prBMrHTvjj/inanxDnbdoaeDIeWWrik=",
      "email": "",
      "date_joined": "2014-03-26T17:49:36"
    }
  },
  {
    "pk": 4,
    "model": "auth.user",
    "fields": {
      "username": "admin",
      "first_name": "Admin",
      "last_name": "Superuser",
      "is_active": true,
      "is_superuser": true,
      "is_staff": true,
      "last_login": "2014-09-03T11:17:50.752",
      "groups": [1],
      "user_permissions": [],
      "password": "pbkdf2_sha256$12000$CqdO6wRdSSxH$c57xXXPO8k65prBMrHTvjj/inanxDnbdoaeDIeWWrik=",
      "email": "",
      "date_joined": "2014-03-26T17:49:36"
    }
  },
  {
    "pk": 1,
    "model": "auth.group",
    "fields": {
        "name": "test1",
        "permissions": []
    }
  },
  {
    "pk": 1,
    "model": "catmaid.message",
    "fields": {
        "action": "http://www.example.com/message1",
        "text": "Contents of message 1.",
        "time": "2011-12-19T16:46:01",
        "title": "Message 1",
        "read": false,
        "user": 3
    }
  },
  {
    "pk": 2,
    "model": "catmaid.message",
    "fields": {
        "action": "http://www.example.com/message2",
        "text": "Contents of message 2.",
        "time": "2011-12-20 16:46:01.360422",
        "title": "Message 2",
        "read": false,
        "user": 3
    }
  },
  {
    "pk": 3,
    "model": "catmaid.message",
    "fields": {
        "action": "",
        "text": "Contents of message 3.",
        "time": "2014-10-05 11:12:01.360422",
        "title": "Message 3",
        "read": false,
        "user": 3
    }
  },
  {
    "pk": -1, 
    "model": "catmaid.project", 
    "fields": {
      "title": "Classification dummy project"
    }
  }, 
  {
    "pk": 1, 
    "model": "catmaid.project", 
    "fields": {
      "title": "Default Project"
    }
  }, 
  {
    "pk": 2, 
    "model": "catmaid.project", 
    "fields": {
      "title": "Evaluation data set"
    }
  }, 
  {
    "pk": 3, 
    "model": "catmaid.project", 
    "fields": {
      "title": "Focussed Ion Beam (FIB)"
    }
  }, 
  {
    "pk": 5, 
    "model": "catmaid.project", 
    "fields": {
      "title": "Private version of the FIB data set"
    }
  }, 
  {
    "pk": 1, 
    "model": "catmaid.stack", 
    "fields": {
      "comment": "<p>&copy;2007 by Stephan Saalfeld.</p> <p>Rendered with <a href=\"http://www.povray.org/\">POV-Ray&nbsp;v3.6</a> using this <a href=\"http://fly.mpi-cbg.de/~saalfeld/download/volume.tar.bz2\">scene-file</a>.</p>", 
      "num_zoom_levels": -1, 
      "image_base": "http://fly.mpi-cbg.de/map/evaluation/original/", 
      "title": "Original data.", 
      "tile_width": 256, 
      "tile_height": 256, 
      "file_extension": "jpg", 
      "trakem2_project": false, 
      "tile_source_type": 1, 
      "resolution": "(3.261, 3.261, 60.000)", 
      "dimension": "(4096, 4096, 16)", 
      "metadata": ""
    }
  }, 
  {
    "pk": 3, 
    "model": "catmaid.stack", 
    "fields": {
      "comment": "<p>&copy;2009 <a href=\"http://people.epfl.ch/graham.knott\">Graham Knott</a>.</p> <p>Public INCF data set available at the <a href=\"http://www.incf.org/about/nodes/switzerland/data\">Swiss INCF Node</a>.</p>", 
      "num_zoom_levels": -1, 
      "image_base": "http://incf.ini.uzh.ch/image-stack-fib/", 
      "title": "Focussed Ion Beam (FIB) stack of Rat Striatum\t", 
      "tile_width": 256, 
      "tile_height": 256, 
      "file_extension": "jpg", 
      "trakem2_project": false, 
      "tile_source_type": 1, 
      "resolution": "(5.000, 5.000, 9.000)", 
      "dimension": "(2048, 1536, 460)", 
      "metadata": ""
    }
  }, 
  {
    "pk": 5, 
    "model": "catmaid.stack", 
    "fields": {
      "comment": "Stack 1 for testing purposes", 
      "num_zoom_levels": -1, 
      "image_base": "http://incf.ini.uzh.ch/image-stack-fib/", 
      "title": "FIB data, first stack", 
      "tile_width": 256, 
      "tile_height": 256, 
      "file_extension": "jpg", 
      "trakem2_project": false, 
      "tile_source_type": 1, 
      "resolution": "(5.000, 5.000, 9.000)", 
      "dimension": "(2048, 1536, 460)", 
      "metadata": ""
    }
  }, 
  {
    "pk": 6, 
    "model": "catmaid.stack", 
    "fields": {
      "comment": "Stack 2 for testing purposes", 
      "num_zoom_levels": -1, 
      "image_base": "http://incf.ini.uzh.ch/image-stack-fib/", 
      "title": "FIB data, second stack", 
      "tile_width": 256, 
      "tile_height": 256, 
      "file_extension": "jpg", 
      "trakem2_project": false, 
      "tile_source_type": 1, 
      "resolution": "(5.000, 5.000, 9.000)", 
      "dimension": "(2048, 1536, 460)", 
      "metadata": ""
    }
  }, 
  {
    "pk": 5, 
    "model": "catmaid.concept", 
    "fields": {
      "project": 3, 
      "creation_time": "2010-08-26T12:23:53.551", 
      "user": 1, 
      "edition_time": "2010-08-26T12:23:53.551"
    }
  }, 
  {
    "pk": 1,
    "model": "catmaid.projectstack",
    "fields": {
        "project": 1,
        "stack": 1,
        "translation": "(0.0, 0.0, 0.0)"
    }
  },
  {
    "pk": 2,
    "model": "catmaid.projectstack",
    "fields": {
        "project": 3,
        "stack": 3,
        "translation": "(0.0, 0.0, 0.0)"
    }
  },
  {
    "pk": 3,
    "model": "catmaid.projectstack",
    "fields": {
        "project": 5,
        "stack": 5,
        "translation": "(0.0, 0.0, 0.0)"
    }
  },
  {
    "pk": 4,
    "model": "catmaid.projectstack",
    "fields": {
        "project": 5,
        "stack": 6,
        "translation": "(0.0, 0.0, 0.0)"
    }
  },
  {
    "pk": 14, 
    "model": "catmaid.concept", 
    "fields": {
      "project": 3, 
      "creation_time": "2010-08-26T13:19:57.046", 
      "user": 1, 
      "edition_time": "2010-08-26T13:19:57.046"
    }
  }, 
  {
    "pk": 33, 
    "model": "catmaid.concept", 
    "fields": {
      "project": 3, 
      "creation_time": "2010-08-27T11:28:08.713", 
      "user": 3, 
      "edition_time": "2010-08-27T11:28:08.713"
    }
  }, 
  {
    "pk": 106, 
    "model": "catmaid.concept", 
    "fields": {
      "project": 3, 
      "creation_time": "2010-10-12T03:42:55.856", 
      "user": 3, 
      "edition_time": "2010-10-12T03:42:55.856"
    }
  }, 
  {
    "pk": 112, 
    "model": "catmaid.concept", 
    "fields": {
      "project": 3, 
      "creation_time": "2010-10-12T05:29:38.385", 
      "user": 3, 
      "edition_time": "2010-10-12T05:29:38.385"
    }
  }, 
  {
    "pk": 411, 
    "model": "catmaid.concept", 
    "fields": {
      "project": 3, 
      "creation_time": "2011-10-04T13:32:34.506", 
      "user": 3, 
      "edition_time": "2011-10-04T13:32:34.506"
    }
  }, 
  {
    "pk": 412, 
    "model": "catmaid.concept", 
    "fields": {
      "project": 3, 
      "creation_time": "2011-10-04T13:32:34.506", 
      "user": 3, 
      "edition_time": "2011-10-04T13:32:34.506"
    }
  }, 
  {
    "pk": 515, 
    "model": "catmaid.concept", 
    "fields": {
      "project": 4, 
      "creation_time": "2011-10-29T04:05:55.864", 
      "user": 3, 
      "edition_time": "2011-10-29T04:05:55.864"
    }
  }, 
  {
    "pk": 516, 
    "model": "catmaid.concept", 
    "fields": {
      "project": 4, 
      "creation_time": "2011-10-29T04:05:55.864", 
      "user": 3, 
      "edition_time": "2011-10-29T04:05:55.864"
    }
  }, 
  {
    "pk": 517, 
    "model": "catmaid.concept", 
    "fields": {
      "project": 4, 
      "creation_time": "2011-10-29T04:05:55.864", 
      "user": 3, 
      "edition_time": "2011-10-29T04:05:55.864"
    }
  }, 
  {
    "pk": 518, 
    "model": "catmaid.concept", 
    "fields": {
      "project": 4, 
      "creation_time": "2011-10-29T04:05:55.864", 
      "user": 3, 
      "edition_time": "2011-10-29T04:05:55.864"
    }
  }, 
  {
    "pk": 519, 
    "model": "catmaid.concept", 
    "fields": {
      "project": 4, 
      "creation_time": "2011-10-29T04:05:55.864", 
      "user": 3, 
      "edition_time": "2011-10-29T04:05:55.864"
    }
  }, 
  {
    "pk": 520, 
    "model": "catmaid.concept", 
    "fields": {
      "project": 4, 
      "creation_time": "2011-10-29T04:05:55.864", 
      "user": 3, 
      "edition_time": "2011-10-29T04:05:55.864"
    }
  }, 
  {
    "pk": 521, 
    "model": "catmaid.concept", 
    "fields": {
      "project": 4, 
      "creation_time": "2011-10-29T04:05:55.864", 
      "user": 3, 
      "edition_time": "2011-10-29T04:05:55.864"
    }
  }, 
  {
    "pk": 522, 
    "model": "catmaid.concept", 
    "fields": {
      "project": 4, 
      "creation_time": "2011-10-29T04:05:55.864", 
      "user": 3, 
      "edition_time": "2011-10-29T04:05:55.864"
    }
  }, 
  {
    "pk": 2325, 
    "model": "catmaid.concept", 
    "fields": {
      "project": 5, 
      "creation_time": "2011-10-29T04:33:34.263", 
      "user": 3, 
      "edition_time": "2011-10-29T04:33:34.263"
    }
  }, 
  {
    "pk": 2326, 
    "model": "catmaid.concept", 
    "fields": {
      "project": 5, 
      "creation_time": "2011-10-29T04:33:34.263", 
      "user": 3, 
      "edition_time": "2011-10-29T04:33:34.263"
    }
  }, 
  {
    "pk": 2327, 
    "model": "catmaid.concept", 
    "fields": {
      "project": 5, 
      "creation_time": "2011-10-29T04:33:34.263", 
      "user": 3, 
      "edition_time": "2011-10-29T04:33:34.263"
    }
  }, 
  {
    "pk": 2328, 
    "model": "catmaid.concept", 
    "fields": {
      "project": 5, 
      "creation_time": "2011-10-29T04:33:34.263", 
      "user": 3, 
      "edition_time": "2011-10-29T04:33:34.263"
    }
  }, 
  {
    "pk": 2329, 
    "model": "catmaid.concept", 
    "fields": {
      "project": 5, 
      "creation_time": "2011-10-29T04:33:34.263", 
      "user": 3, 
      "edition_time": "2011-10-29T04:33:34.263"
    }
  }, 
  {
    "pk": 1, 
    "model": "catmaid.concept", 
    "fields": {
      "project": 3, 
      "creation_time": "2011-09-04T07:53:41.243", 
      "user": 3, 
      "edition_time": "2011-09-27T07:48:37.277"
    }
  }, 
  {
    "pk": 2, 
    "model": "catmaid.concept", 
    "fields": {
      "project": 3, 
      "creation_time": "2011-09-04T07:53:41.243", 
      "user": 3, 
      "edition_time": "2011-09-27T07:48:29.997"
    }
  }, 
  {
    "pk": 4, 
    "model": "catmaid.concept", 
    "fields": {
      "project": 3, 
      "creation_time": "2011-09-04T07:53:41.243", 
      "user": 3, 
      "edition_time": "2011-09-04T07:53:41.243"
    }
  }, 
  {
    "pk": 231, 
    "model": "catmaid.concept", 
    "fields": {
      "project": 3, 
      "creation_time": "2011-09-27T07:48:43.167", 
      "user": 3, 
      "edition_time": "2011-09-27T07:48:43.167"
    }
  }, 
  {
    "pk": 233, 
    "model": "catmaid.concept", 
    "fields": {
      "project": 3, 
      "creation_time": "2011-09-27T07:48:58.901", 
      "user": 3, 
      "edition_time": "2011-09-27T07:50:32.627"
    }
  }, 
  {
    "pk": 235, 
    "model": "catmaid.concept", 
    "fields": {
      "project": 3, 
      "creation_time": "2011-09-27T07:49:15.802", 
      "user": 3, 
      "edition_time": "2011-09-27T07:49:15.802"
    }
  }, 
  {
    "pk": 351, 
    "model": "catmaid.concept", 
    "fields": {
      "project": 3, 
      "creation_time": "2011-09-27T07:56:45.641", 
      "user": 3, 
      "edition_time": "2011-09-27T07:56:45.641"
    }
  }, 
  {
    "pk": 361, 
    "model": "catmaid.concept", 
    "fields": {
      "project": 3, 
      "creation_time": "2011-09-27T07:57:17.808", 
      "user": 3, 
      "edition_time": "2011-09-27T07:57:17.808"
    }
  }, 
  {
    "pk": 362, 
    "model": "catmaid.concept", 
    "fields": {
      "project": 3, 
      "creation_time": "2011-09-27T07:57:17.808", 
      "user": 3, 
      "edition_time": "2011-09-27T07:59:24.247"
    }
  }, 
  {
    "pk": 364, 
    "model": "catmaid.concept", 
    "fields": {
      "project": 3, 
      "creation_time": "2011-09-27T07:57:17.808", 
      "user": 3, 
      "edition_time": "2011-09-27T07:57:17.808"
    }
  }, 
  {
    "pk": 373, 
    "model": "catmaid.concept", 
    "fields": {
      "project": 3, 
      "creation_time": "2011-09-27T07:57:19.447", 
      "user": 3, 
      "edition_time": "2011-09-27T07:57:19.447"
    }
  }, 
  {
    "pk": 374, 
    "model": "catmaid.concept", 
    "fields": {
      "project": 3, 
      "creation_time": "2011-09-27T07:57:19.447", 
      "user": 3, 
      "edition_time": "2011-09-27T07:59:15.325"
    }
  }, 
  {
    "pk": 439, 
    "model": "catmaid.concept", 
    "fields": {
      "project": 3, 
      "creation_time": "2011-10-11T12:08:06.575", 
      "user": 3, 
      "edition_time": "2011-10-11T12:08:06.575"
    }
  }, 
  {
    "pk": 440, 
    "model": "catmaid.concept", 
    "fields": {
      "project": 3, 
      "creation_time": "2011-10-11T12:09:59.169", 
      "user": 3, 
      "edition_time": "2011-10-11T12:09:59.169"
    }
  }, 
  {
    "pk": 442, 
    "model": "catmaid.concept", 
    "fields": {
      "project": 3, 
      "creation_time": "2011-10-11T12:10:50.221", 
      "user": 3, 
      "edition_time": "2011-10-11T12:10:50.221"
    }
  }, 
  {
    "pk": 444, 
    "model": "catmaid.concept", 
    "fields": {
      "project": 3, 
      "creation_time": "2011-10-11T12:12:49.855", 
      "user": 3, 
      "edition_time": "2011-10-11T12:12:49.855"
    }
  }, 
  {
    "pk": 446, 
    "model": "catmaid.concept", 
    "fields": {
      "project": 3, 
      "creation_time": "2011-10-11T12:13:53.305", 
      "user": 3, 
      "edition_time": "2011-10-11T12:13:53.305"
    }
  }, 
  {
    "pk": 448, 
    "model": "catmaid.concept", 
    "fields": {
      "project": 3, 
      "creation_time": "2011-10-11T12:14:46.115", 
      "user": 3, 
      "edition_time": "2011-10-11T12:14:46.115"
    }
  }, 
  {
    "pk": 450, 
    "model": "catmaid.concept", 
    "fields": {
      "project": 3, 
      "creation_time": "2011-10-11T12:14:59.661", 
      "user": 3, 
      "edition_time": "2011-10-11T12:14:59.661"
    }
  }, 
  {
    "pk": 452, 
    "model": "catmaid.concept", 
    "fields": {
      "project": 3, 
      "creation_time": "2011-10-12T05:29:11.321", 
      "user": 3, 
      "edition_time": "2011-10-12T05:29:11.321"
    }
  }, 
  {
    "pk": 454, 
    "model": "catmaid.concept", 
    "fields": {
      "project": 3, 
      "creation_time": "2011-10-12T05:29:21.459", 
      "user": 3, 
      "edition_time": "2011-10-12T05:29:21.459"
    }
  }, 
  {
    "pk": 456, 
    "model": "catmaid.concept", 
    "fields": {
      "project": 3, 
      "creation_time": "2011-10-12T05:29:27.759", 
      "user": 3, 
      "edition_time": "2011-10-12T05:29:27.759"
    }
  }, 
  {
    "pk": 458, 
    "model": "catmaid.concept", 
    "fields": {
      "project": 3, 
      "creation_time": "2011-10-12T05:45:17.870", 
      "user": 3, 
      "edition_time": "2011-10-12T05:45:17.870"
    }
  }, 
  {
    "pk": 460, 
    "model": "catmaid.concept", 
    "fields": {
      "project": 3, 
      "creation_time": "2011-10-12T05:52:35.254", 
      "user": 3, 
      "edition_time": "2011-10-12T05:52:35.254"
    }
  }, 
  {
    "pk": 462, 
    "model": "catmaid.concept", 
    "fields": {
      "project": 3, 
      "creation_time": "2011-10-12T07:08:01.761", 
      "user": 3, 
      "edition_time": "2011-10-12T07:08:01.761"
    }
  }, 
  {
    "pk": 465, 
    "model": "catmaid.concept", 
    "fields": {
      "project": 3, 
      "creation_time": "2011-10-12T14:04:21.957", 
      "user": 3, 
      "edition_time": "2011-10-12T14:04:21.957"
    }
  }, 
  {
    "pk": 485, 
    "model": "catmaid.concept", 
    "fields": {
      "project": 3, 
      "creation_time": "2011-10-14T05:01:46.885", 
      "user": 3, 
      "edition_time": "2011-10-14T05:01:46.885"
    }
  }, 
  {
    "pk": 487, 
    "model": "catmaid.concept", 
    "fields": {
      "project": 3, 
      "creation_time": "2011-10-14T05:02:09.927", 
      "user": 3, 
      "edition_time": "2011-10-14T05:02:09.928"
    }
  }, 
  {
    "pk": 523, 
    "model": "catmaid.concept", 
    "fields": {
      "project": 4, 
      "creation_time": "2011-10-29T04:05:55.864", 
      "user": 3, 
      "edition_time": "2011-10-29T04:05:55.864"
    }
  }, 
  {
    "pk": 2323, 
    "model": "catmaid.concept", 
    "fields": {
      "project": 3, 
      "creation_time": "2011-01-13T09:10:41.563", 
      "user": 3, 
      "edition_time": "2011-01-13T09:10:41.563"
    }
  }, 
  {
    "pk": 2333, 
    "model": "catmaid.concept", 
    "fields": {
      "project": 5, 
      "creation_time": "2011-10-29T04:33:34.263", 
      "user": 3, 
      "edition_time": "2011-10-29T04:33:34.263"
    }
  }, 
  {
    "pk": 2342, 
    "model": "catmaid.concept", 
    "fields": {
      "project": 3, 
      "creation_time": "2011-10-31T05:22:24.134", 
      "user": 3, 
      "edition_time": "2011-10-31T05:22:24.134"
    }
  }, 
  {
    "pk": 2345, 
    "model": "catmaid.concept", 
    "fields": {
      "project": 3, 
      "creation_time": "2011-10-31T05:22:29.999", 
      "user": 3, 
      "edition_time": "2011-10-31T05:22:29.999"
    }
  }, 
  {
    "pk": 2353, 
    "model": "catmaid.concept", 
    "fields": {
      "project": 3, 
      "creation_time": "2011-10-31T05:24:57.406", 
      "user": 3, 
      "edition_time": "2011-10-31T05:24:57.406"
    }
  }, 
  {
    "pk": 2364, 
    "model": "catmaid.concept", 
    "fields": {
      "project": 3, 
      "creation_time": "2011-11-01T12:54:42.122", 
      "user": 2, 
      "edition_time": "2011-11-01T12:54:42.122"
    }
  }, 
  {
    "pk": 2365, 
    "model": "catmaid.concept", 
    "fields": {
      "project": 3, 
      "creation_time": "2011-11-01T12:54:42.122", 
      "user": 2, 
      "edition_time": "2011-11-01T12:54:42.122"
    }
  }, 
  {
    "pk": 2381, 
    "model": "catmaid.concept", 
    "fields": {
      "project": 3, 
      "creation_time": "2011-11-26T05:35:22.961", 
      "user": 3, 
      "edition_time": "2011-11-26T05:35:22.961"
    }
  }, 
  {
    "pk": 2388, 
    "model": "catmaid.concept", 
    "fields": {
      "project": 3, 
      "creation_time": "2011-12-09T08:01:37.575", 
      "user": 3, 
      "edition_time": "2011-12-09T08:01:37.575"
    }
  }, 
  {
    "pk": 2389, 
    "model": "catmaid.concept", 
    "fields": {
      "project": 3, 
      "creation_time": "2011-12-09T08:01:37.575", 
      "user": 3, 
      "edition_time": "2011-12-09T08:01:37.575"
    }
  }, 
  {
    "pk": 2411, 
    "model": "catmaid.concept", 
    "fields": {
      "project": 3, 
      "creation_time": "2011-12-09T08:01:59.149", 
      "user": 3, 
      "edition_time": "2011-12-09T08:01:59.149"
    }
  }, 
  {
    "pk": 2412, 
    "model": "catmaid.concept", 
    "fields": {
      "project": 3, 
      "creation_time": "2011-12-09T08:01:59.149", 
      "user": 3, 
      "edition_time": "2011-12-09T08:01:59.149"
    }
  }, 
  {
    "pk": 2433, 
    "model": "catmaid.concept", 
    "fields": {
      "project": 3, 
      "creation_time": "2012-07-22T16:50:57.758", 
      "user": 3, 
      "edition_time": "2012-07-22T16:50:57.758"
    }
  }, 
  {
    "pk": 2434, 
    "model": "catmaid.concept", 
    "fields": {
      "project": 3, 
      "creation_time": "2012-07-22T16:50:57.758", 
      "user": 3, 
      "edition_time": "2012-07-22T16:50:57.758"
    }
  }, 
  {
    "pk": 2440, 
    "model": "catmaid.concept", 
    "fields": {
      "project": 3, 
      "creation_time": "2012-07-22T19:12:54.541", 
      "user": 3, 
      "edition_time": "2012-07-22T19:12:54.541"
    }
  }, 
  {
    "pk": 2441, 
    "model": "catmaid.concept", 
    "fields": {
      "project": 3, 
      "creation_time": "2012-07-22T19:12:54.541", 
      "user": 3, 
      "edition_time": "2012-07-22T19:12:54.541"
    }
  }, 
  {
    "pk": 2451, 
    "model": "catmaid.concept", 
    "fields": {
      "project": 3, 
      "creation_time": "2012-07-22T19:15:24.010", 
      "user": 3, 
      "edition_time": "2012-07-22T19:15:24.010"
    }
  }, 
  {
    "pk": 2452, 
    "model": "catmaid.concept", 
    "fields": {
      "project": 3, 
      "creation_time": "2012-07-22T19:15:24.010", 
      "user": 3, 
      "edition_time": "2012-07-22T19:15:24.010"
    }
  }, 
  {
    "pk": 2439, 
    "model": "catmaid.concept", 
    "fields": {
      "project": 3, 
      "creation_time": "2012-07-22T16:50:57.758", 
      "user": 3, 
      "edition_time": "2012-07-22T16:50:57.758"
    }
  }, 
  {
    "pk": 2446, 
    "model": "catmaid.concept", 
    "fields": {
      "project": 3, 
      "creation_time": "2012-07-22T19:12:54.541", 
      "user": 3, 
      "edition_time": "2012-07-22T19:12:54.541"
    }
  }, 
  {
    "pk": 2457, 
    "model": "catmaid.concept", 
    "fields": {
      "project": 3, 
      "creation_time": "2012-07-22T19:15:24.010", 
      "user": 3, 
      "edition_time": "2012-07-22T19:15:24.010"
    }
  }, 
  {
    "pk": 8, 
    "model": "catmaid.concept", 
    "fields": {
      "project": 3, 
      "creation_time": "2010-08-26T13:08:19.488", 
      "user": 1, 
      "edition_time": "2010-08-26T13:08:19.488"
    }
  }, 
  {
    "pk": 9, 
    "model": "catmaid.concept", 
    "fields": {
      "project": 3, 
      "creation_time": "2010-08-26T13:15:22.408", 
      "user": 1, 
      "edition_time": "2010-08-26T13:15:22.408"
    }
  }, 
  {
    "pk": 10, 
    "model": "catmaid.concept", 
    "fields": {
      "project": 3, 
      "creation_time": "2010-08-26T13:15:31.939", 
      "user": 1, 
      "edition_time": "2010-08-26T13:15:31.939"
    }
  }, 
  {
    "pk": 11, 
    "model": "catmaid.concept", 
    "fields": {
      "project": 3, 
      "creation_time": "2010-08-26T13:15:41.060", 
      "user": 1, 
      "edition_time": "2010-08-26T13:15:41.060"
    }
  }, 
  {
    "pk": 23, 
    "model": "catmaid.concept", 
    "fields": {
      "project": 3, 
      "creation_time": "2010-08-26T15:20:51.554", 
      "user": 1, 
      "edition_time": "2010-08-26T15:20:51.554"
    }
  }, 
  {
    "pk": 24, 
    "model": "catmaid.concept", 
    "fields": {
      "project": 3, 
      "creation_time": "2010-08-26T15:21:35.859", 
      "user": 1, 
      "edition_time": "2010-08-26T15:21:35.859"
    }
  }, 
  {
    "pk": 35, 
    "model": "catmaid.concept", 
    "fields": {
      "project": 3, 
      "creation_time": "2010-08-27T11:30:10.480", 
      "user": 3, 
      "edition_time": "2010-08-27T11:30:10.480"
    }
  }, 
  {
    "pk": 413, 
    "model": "catmaid.concept", 
    "fields": {
      "project": 3, 
      "creation_time": "2011-10-04T13:32:34.506", 
      "user": 3, 
      "edition_time": "2011-10-04T13:32:34.506"
    }
  }, 
  {
    "pk": 414, 
    "model": "catmaid.concept", 
    "fields": {
      "project": 3, 
      "creation_time": "2011-10-04T13:32:34.506", 
      "user": 3, 
      "edition_time": "2011-10-04T13:32:34.506"
    }
  }, 
  {
    "pk": 524, 
    "model": "catmaid.concept", 
    "fields": {
      "project": 4, 
      "creation_time": "2011-10-29T04:05:55.864", 
      "user": 3, 
      "edition_time": "2011-10-29T04:05:55.864"
    }
  }, 
  {
    "pk": 525, 
    "model": "catmaid.concept", 
    "fields": {
      "project": 4, 
      "creation_time": "2011-10-29T04:05:55.864", 
      "user": 3, 
      "edition_time": "2011-10-29T04:05:55.864"
    }
  }, 
  {
    "pk": 526, 
    "model": "catmaid.concept", 
    "fields": {
      "project": 4, 
      "creation_time": "2011-10-29T04:05:55.864", 
      "user": 3, 
      "edition_time": "2011-10-29T04:05:55.864"
    }
  }, 
  {
    "pk": 527, 
    "model": "catmaid.concept", 
    "fields": {
      "project": 4, 
      "creation_time": "2011-10-29T04:05:55.864", 
      "user": 3, 
      "edition_time": "2011-10-29T04:05:55.864"
    }
  }, 
  {
    "pk": 528, 
    "model": "catmaid.concept", 
    "fields": {
      "project": 4, 
      "creation_time": "2011-10-29T04:05:55.864", 
      "user": 3, 
      "edition_time": "2011-10-29T04:05:55.864"
    }
  }, 
  {
    "pk": 529, 
    "model": "catmaid.concept", 
    "fields": {
      "project": 4, 
      "creation_time": "2011-10-29T04:05:55.864", 
      "user": 3, 
      "edition_time": "2011-10-29T04:05:55.864"
    }
  }, 
  {
    "pk": 530, 
    "model": "catmaid.concept", 
    "fields": {
      "project": 4, 
      "creation_time": "2011-10-29T04:05:55.864", 
      "user": 3, 
      "edition_time": "2011-10-29T04:05:55.864"
    }
  }, 
  {
    "pk": 2334, 
    "model": "catmaid.concept", 
    "fields": {
      "project": 5, 
      "creation_time": "2011-10-29T04:33:34.263", 
      "user": 3, 
      "edition_time": "2011-10-29T04:33:34.263"
    }
  }, 
  {
    "pk": 2335, 
    "model": "catmaid.concept", 
    "fields": {
      "project": 5, 
      "creation_time": "2011-10-29T04:33:34.263", 
      "user": 3, 
      "edition_time": "2011-10-29T04:33:34.263"
    }
  }, 
  {
    "pk": 2336, 
    "model": "catmaid.concept", 
    "fields": {
      "project": 5, 
      "creation_time": "2011-10-29T04:33:34.263", 
      "user": 3, 
      "edition_time": "2011-10-29T04:33:34.263"
    }
  }, 
  {
    "pk": 2337, 
    "model": "catmaid.concept", 
    "fields": {
      "project": 5, 
      "creation_time": "2011-10-29T04:33:34.263", 
      "user": 3, 
      "edition_time": "2011-10-29T04:33:34.263"
    }
  }, 
  {
    "pk": 2338, 
    "model": "catmaid.concept", 
    "fields": {
      "project": 5, 
      "creation_time": "2011-10-29T04:33:34.263", 
      "user": 3, 
      "edition_time": "2011-10-29T04:33:34.263"
    }
  }, 
  {
    "pk": 2339, 
    "model": "catmaid.concept", 
    "fields": {
      "project": 5, 
      "creation_time": "2011-10-29T04:33:34.263", 
      "user": 3, 
      "edition_time": "2011-10-29T04:33:34.263"
    }
  }, 
  {
    "pk": 2340, 
    "model": "catmaid.concept", 
    "fields": {
      "project": 5, 
      "creation_time": "2011-10-29T04:33:34.263", 
      "user": 3, 
      "edition_time": "2011-10-29T04:33:34.263"
    }
  }, 
  {
    "pk": 3, 
    "model": "catmaid.concept", 
    "fields": {
      "project": 3, 
      "creation_time": "2011-09-04T07:53:41.243", 
      "user": 3, 
      "edition_time": "2011-09-04T07:53:41.243"
    }
  }, 
  {
    "pk": 5, 
    "model": "catmaid.concept", 
    "fields": {
      "project": 3, 
      "creation_time": "2011-09-04T07:53:41.243", 
      "user": 3, 
      "edition_time": "2011-09-04T07:53:41.243"
    }
  }, 
  {
    "pk": 6, 
    "model": "catmaid.concept", 
    "fields": {
      "project": 3, 
      "creation_time": "2011-09-04T07:53:41.243", 
      "user": 3, 
      "edition_time": "2011-09-04T07:53:41.243"
    }
  }, 
  {
    "pk": 232, 
    "model": "catmaid.concept", 
    "fields": {
      "project": 3, 
      "creation_time": "2011-09-27T07:48:43.167", 
      "user": 3, 
      "edition_time": "2011-09-27T07:48:43.167"
    }
  }, 
  {
    "pk": 234, 
    "model": "catmaid.concept", 
    "fields": {
      "project": 3, 
      "creation_time": "2011-09-27T07:48:58.901", 
      "user": 3, 
      "edition_time": "2011-09-27T07:48:58.901"
    }
  }, 
  {
    "pk": 236, 
    "model": "catmaid.concept", 
    "fields": {
      "project": 3, 
      "creation_time": "2011-09-27T07:49:15.802", 
      "user": 3, 
      "edition_time": "2011-09-27T07:49:15.802"
    }
  }, 
  {
    "pk": 363, 
    "model": "catmaid.concept", 
    "fields": {
      "project": 3, 
      "creation_time": "2011-09-27T07:57:17.808", 
      "user": 3, 
      "edition_time": "2011-09-27T07:57:17.808"
    }
  }, 
  {
    "pk": 365, 
    "model": "catmaid.concept", 
    "fields": {
      "project": 3, 
      "creation_time": "2011-09-27T07:57:17.808", 
      "user": 3, 
      "edition_time": "2011-09-27T07:57:17.808"
    }
  }, 
  {
    "pk": 366, 
    "model": "catmaid.concept", 
    "fields": {
      "project": 3, 
      "creation_time": "2011-09-27T07:57:17.808", 
      "user": 3, 
      "edition_time": "2011-09-27T07:57:17.808"
    }
  }, 
  {
    "pk": 375, 
    "model": "catmaid.concept", 
    "fields": {
      "project": 3, 
      "creation_time": "2011-09-27T07:57:19.447", 
      "user": 3, 
      "edition_time": "2011-09-27T07:57:19.447"
    }
  }, 
  {
    "pk": 376, 
    "model": "catmaid.concept", 
    "fields": {
      "project": 3, 
      "creation_time": "2011-09-27T07:57:19.447", 
      "user": 3, 
      "edition_time": "2011-09-27T07:57:19.447"
    }
  }, 
  {
    "pk": 459, 
    "model": "catmaid.concept", 
    "fields": {
      "project": 3, 
      "creation_time": "2011-10-12T05:45:38.932", 
      "user": 3, 
      "edition_time": "2011-10-12T05:45:38.932"
    }
  }, 
  {
    "pk": 467, 
    "model": "catmaid.concept", 
    "fields": {
      "project": 3, 
      "creation_time": "2011-10-12T14:41:38.786", 
      "user": 3, 
      "edition_time": "2011-10-12T14:41:38.786"
    }
  }, 
  {
    "pk": 486, 
    "model": "catmaid.concept", 
    "fields": {
      "project": 3, 
      "creation_time": "2011-10-14T05:01:47.280", 
      "user": 3, 
      "edition_time": "2011-10-14T05:01:47.280"
    }
  }, 
  {
    "pk": 488, 
    "model": "catmaid.concept", 
    "fields": {
      "project": 3, 
      "creation_time": "2011-10-14T05:02:09.976", 
      "user": 3, 
      "edition_time": "2011-10-14T05:02:09.976"
    }
  }, 
  {
    "pk": 514, 
    "model": "catmaid.concept", 
    "fields": {
      "project": 3, 
      "creation_time": "2011-10-28T04:57:18.966", 
      "user": 3, 
      "edition_time": "2011-10-28T04:57:18.966"
    }
  }, 
  {
    "pk": 2366, 
    "model": "catmaid.concept", 
    "fields": {
      "project": 3, 
      "creation_time": "2011-11-01T12:54:42.122", 
      "user": 2, 
      "edition_time": "2011-11-01T12:54:42.122"
    }
  }, 
  {
    "pk": 2367, 
    "model": "catmaid.concept", 
    "fields": {
      "project": 3, 
      "creation_time": "2011-11-01T12:54:42.122", 
      "user": 2, 
      "edition_time": "2011-11-01T12:54:42.122"
    }
  }, 
  {
    "pk": 2383, 
    "model": "catmaid.concept", 
    "fields": {
      "project": 3, 
      "creation_time": "2011-11-26T05:35:22.961", 
      "user": 3, 
      "edition_time": "2011-11-26T05:35:22.961"
    }
  }, 
  {
    "pk": 2390, 
    "model": "catmaid.concept", 
    "fields": {
      "project": 3, 
      "creation_time": "2011-12-09T08:01:37.575", 
      "user": 3, 
      "edition_time": "2011-12-09T08:01:37.575"
    }
  }, 
  {
    "pk": 2391, 
    "model": "catmaid.concept", 
    "fields": {
      "project": 3, 
      "creation_time": "2011-12-09T08:01:37.575", 
      "user": 3, 
      "edition_time": "2011-12-09T08:01:37.575"
    }
  }, 
  {
    "pk": 2413, 
    "model": "catmaid.concept", 
    "fields": {
      "project": 3, 
      "creation_time": "2011-12-09T08:01:59.149", 
      "user": 3, 
      "edition_time": "2011-12-09T08:01:59.149"
    }
  }, 
  {
    "pk": 2414, 
    "model": "catmaid.concept", 
    "fields": {
      "project": 3, 
      "creation_time": "2011-12-09T08:01:59.149", 
      "user": 3, 
      "edition_time": "2011-12-09T08:01:59.149"
    }
  }, 
  {
    "pk": 2435, 
    "model": "catmaid.concept", 
    "fields": {
      "project": 3, 
      "creation_time": "2012-07-22T16:50:57.758", 
      "user": 3, 
      "edition_time": "2012-07-22T16:50:57.758"
    }
  }, 
  {
    "pk": 2436, 
    "model": "catmaid.concept", 
    "fields": {
      "project": 3, 
      "creation_time": "2012-07-22T16:50:57.758", 
      "user": 3, 
      "edition_time": "2012-07-22T16:50:57.758"
    }
  }, 
  {
    "pk": 2442, 
    "model": "catmaid.concept", 
    "fields": {
      "project": 3, 
      "creation_time": "2012-07-22T19:12:54.541", 
      "user": 3, 
      "edition_time": "2012-07-22T19:12:54.541"
    }
  }, 
  {
    "pk": 2443, 
    "model": "catmaid.concept", 
    "fields": {
      "project": 3, 
      "creation_time": "2012-07-22T19:12:54.541", 
      "user": 3, 
      "edition_time": "2012-07-22T19:12:54.541"
    }
  }, 
  {
    "pk": 2453, 
    "model": "catmaid.concept", 
    "fields": {
      "project": 3, 
      "creation_time": "2012-07-22T19:15:24.010", 
      "user": 3, 
      "edition_time": "2012-07-22T19:15:24.010"
    }
  }, 
  {
    "pk": 2454, 
    "model": "catmaid.concept", 
    "fields": {
      "project": 3, 
      "creation_time": "2012-07-22T19:15:24.010", 
      "user": 3, 
      "edition_time": "2012-07-22T19:15:24.010"
    }
  }, 
  {
    "pk": 2354, 
    "model": "catmaid.concept", 
    "fields": {
      "project": 3, 
      "creation_time": "2011-10-31T05:24:57.406", 
      "user": 3, 
      "edition_time": "2011-10-31T05:24:57.406"
    }
  }, 
  {
    "pk": 2355, 
    "model": "catmaid.concept", 
    "fields": {
      "project": 3, 
      "creation_time": "2011-10-31T05:24:57.406", 
      "user": 3, 
      "edition_time": "2011-10-31T05:24:57.406"
    }
  }, 
  {
    "pk": 8, 
    "model": "catmaid.concept", 
    "fields": {
      "project": 3, 
      "creation_time": "2011-09-04T07:53:41.243", 
      "user": 3, 
      "edition_time": "2011-09-04T07:53:41.243"
    }
  }, 
  {
    "pk": 12, 
    "model": "catmaid.concept", 
    "fields": {
      "project": 3, 
      "creation_time": "2011-09-04T07:54:16.301", 
      "user": 3, 
      "edition_time": "2011-09-04T07:54:16.301"
    }
  }, 
  {
    "pk": 14, 
    "model": "catmaid.concept", 
    "fields": {
      "project": 3, 
      "creation_time": "2011-09-04T07:54:24.528", 
      "user": 3, 
      "edition_time": "2011-09-04T07:54:24.528"
    }
  }, 
  {
    "pk": 16, 
    "model": "catmaid.concept", 
    "fields": {
      "project": 3, 
      "creation_time": "2011-09-04T07:54:26.464", 
      "user": 3, 
      "edition_time": "2011-09-04T07:54:26.464"
    }
  }, 
  {
    "pk": 18, 
    "model": "catmaid.concept", 
    "fields": {
      "project": 3, 
      "creation_time": "2011-09-04T07:54:28.523", 
      "user": 3, 
      "edition_time": "2011-09-04T07:54:28.523"
    }
  }, 
  {
    "pk": 238, 
    "model": "catmaid.concept", 
    "fields": {
      "project": 3, 
      "creation_time": "2011-09-27T07:49:15.802", 
      "user": 3, 
      "edition_time": "2011-09-27T07:49:15.802"
    }
  }, 
  {
    "pk": 240, 
    "model": "catmaid.concept", 
    "fields": {
      "project": 3, 
      "creation_time": "2011-09-27T07:49:16.553", 
      "user": 3, 
      "edition_time": "2011-09-27T07:49:16.553"
    }
  }, 
  {
    "pk": 242, 
    "model": "catmaid.concept", 
    "fields": {
      "project": 3, 
      "creation_time": "2011-09-27T07:49:17.217", 
      "user": 3, 
      "edition_time": "2011-09-27T07:49:17.217"
    }
  }, 
  {
    "pk": 244, 
    "model": "catmaid.concept", 
    "fields": {
      "project": 3, 
      "creation_time": "2011-09-27T07:49:17.660", 
      "user": 3, 
      "edition_time": "2011-09-27T07:49:17.660"
    }
  }, 
  {
    "pk": 246, 
    "model": "catmaid.concept", 
    "fields": {
      "project": 3, 
      "creation_time": "2011-09-27T07:49:18.343", 
      "user": 3, 
      "edition_time": "2011-09-27T07:49:18.343"
    }
  }, 
  {
    "pk": 248, 
    "model": "catmaid.concept", 
    "fields": {
      "project": 3, 
      "creation_time": "2011-09-27T07:49:19.012", 
      "user": 3, 
      "edition_time": "2011-09-27T07:49:19.012"
    }
  }, 
  {
    "pk": 250, 
    "model": "catmaid.concept", 
    "fields": {
      "project": 3, 
      "creation_time": "2011-09-27T07:49:19.887", 
      "user": 3, 
      "edition_time": "2011-09-27T07:49:19.887"
    }
  }, 
  {
    "pk": 252, 
    "model": "catmaid.concept", 
    "fields": {
      "project": 3, 
      "creation_time": "2011-09-27T07:49:20.514", 
      "user": 3, 
      "edition_time": "2011-09-27T07:49:20.514"
    }
  }, 
  {
    "pk": 254, 
    "model": "catmaid.concept", 
    "fields": {
      "project": 3, 
      "creation_time": "2011-09-27T07:49:21.493", 
      "user": 3, 
      "edition_time": "2011-09-27T07:49:21.493"
    }
  }, 
  {
    "pk": 256, 
    "model": "catmaid.concept", 
    "fields": {
      "project": 3, 
      "creation_time": "2011-09-27T07:49:22.835", 
      "user": 3, 
      "edition_time": "2011-09-27T07:49:22.835"
    }
  }, 
  {
    "pk": 258, 
    "model": "catmaid.concept", 
    "fields": {
      "project": 3, 
      "creation_time": "2011-09-27T07:49:23.591", 
      "user": 3, 
      "edition_time": "2011-09-27T07:49:23.591"
    }
  }, 
  {
    "pk": 260, 
    "model": "catmaid.concept", 
    "fields": {
      "project": 3, 
      "creation_time": "2011-09-27T07:49:24.879", 
      "user": 3, 
      "edition_time": "2011-09-27T07:49:24.879"
    }
  }, 
  {
    "pk": 262, 
    "model": "catmaid.concept", 
    "fields": {
      "project": 3, 
      "creation_time": "2011-09-27T07:49:25.549", 
      "user": 3, 
      "edition_time": "2011-09-27T07:49:25.549"
    }
  }, 
  {
    "pk": 264, 
    "model": "catmaid.concept", 
    "fields": {
      "project": 3, 
      "creation_time": "2011-09-27T07:49:27.637", 
      "user": 3, 
      "edition_time": "2011-09-27T07:49:27.637"
    }
  }, 
  {
    "pk": 266, 
    "model": "catmaid.concept", 
    "fields": {
      "project": 3, 
      "creation_time": "2011-09-27T07:49:28.080", 
      "user": 3, 
      "edition_time": "2011-09-27T07:49:28.080"
    }
  }, 
  {
    "pk": 268, 
    "model": "catmaid.concept", 
    "fields": {
      "project": 3, 
      "creation_time": "2011-09-27T07:49:28.515", 
      "user": 3, 
      "edition_time": "2011-09-27T07:49:28.515"
    }
  }, 
  {
    "pk": 270, 
    "model": "catmaid.concept", 
    "fields": {
      "project": 3, 
      "creation_time": "2011-09-27T07:49:31.952", 
      "user": 3, 
      "edition_time": "2011-09-27T07:49:31.952"
    }
  }, 
  {
    "pk": 272, 
    "model": "catmaid.concept", 
    "fields": {
      "project": 3, 
      "creation_time": "2011-09-27T07:49:32.376", 
      "user": 3, 
      "edition_time": "2011-09-27T07:49:32.376"
    }
  }, 
  {
    "pk": 274, 
    "model": "catmaid.concept", 
    "fields": {
      "project": 3, 
      "creation_time": "2011-09-27T07:49:32.824", 
      "user": 3, 
      "edition_time": "2011-09-27T07:49:32.824"
    }
  }, 
  {
    "pk": 276, 
    "model": "catmaid.concept", 
    "fields": {
      "project": 3, 
      "creation_time": "2011-09-27T07:49:33.254", 
      "user": 3, 
      "edition_time": "2011-09-27T07:49:33.254"
    }
  }, 
  {
    "pk": 278, 
    "model": "catmaid.concept", 
    "fields": {
      "project": 3, 
      "creation_time": "2011-09-27T07:49:33.770", 
      "user": 3, 
      "edition_time": "2011-09-27T07:49:33.770"
    }
  }, 
  {
    "pk": 280, 
    "model": "catmaid.concept", 
    "fields": {
      "project": 3, 
      "creation_time": "2011-09-27T07:49:35.689", 
      "user": 3, 
      "edition_time": "2011-09-27T07:49:35.689"
    }
  }, 
  {
    "pk": 282, 
    "model": "catmaid.concept", 
    "fields": {
      "project": 3, 
      "creation_time": "2011-09-27T07:49:36.374", 
      "user": 3, 
      "edition_time": "2011-09-27T07:49:36.374"
    }
  }, 
  {
    "pk": 284, 
    "model": "catmaid.concept", 
    "fields": {
      "project": 3, 
      "creation_time": "2011-09-27T07:49:36.843", 
      "user": 3, 
      "edition_time": "2011-09-27T07:49:36.843"
    }
  }, 
  {
    "pk": 286, 
    "model": "catmaid.concept", 
    "fields": {
      "project": 3, 
      "creation_time": "2011-09-27T07:49:37.269", 
      "user": 3, 
      "edition_time": "2011-09-27T07:49:37.269"
    }
  }, 
  {
    "pk": 290, 
    "model": "catmaid.concept", 
    "fields": {
      "project": 3, 
      "creation_time": "2011-09-27T07:49:38.607", 
      "user": 3, 
      "edition_time": "2011-09-27T07:49:38.607"
    }
  }, 
  {
    "pk": 294, 
    "model": "catmaid.concept", 
    "fields": {
      "project": 3, 
      "creation_time": "2011-09-27T07:54:31.891", 
      "user": 3, 
      "edition_time": "2011-09-27T07:54:31.891"
    }
  }, 
  {
    "pk": 296, 
    "model": "catmaid.concept", 
    "fields": {
      "project": 3, 
      "creation_time": "2011-09-27T07:54:33.793", 
      "user": 3, 
      "edition_time": "2011-09-27T07:54:33.793"
    }
  }, 
  {
    "pk": 298, 
    "model": "catmaid.concept", 
    "fields": {
      "project": 3, 
      "creation_time": "2011-09-27T07:54:35.521", 
      "user": 3, 
      "edition_time": "2011-09-27T07:54:35.521"
    }
  }, 
  {
    "pk": 300, 
    "model": "catmaid.concept", 
    "fields": {
      "project": 3, 
      "creation_time": "2011-09-27T07:54:37.211", 
      "user": 3, 
      "edition_time": "2011-09-27T07:54:37.211"
    }
  }, 
  {
    "pk": 302, 
    "model": "catmaid.concept", 
    "fields": {
      "project": 3, 
      "creation_time": "2011-09-27T07:54:38.863", 
      "user": 3, 
      "edition_time": "2011-09-27T07:54:38.863"
    }
  }, 
  {
    "pk": 304, 
    "model": "catmaid.concept", 
    "fields": {
      "project": 3, 
      "creation_time": "2011-09-27T07:54:40.603", 
      "user": 3, 
      "edition_time": "2011-09-27T07:54:40.603"
    }
  }, 
  {
    "pk": 306, 
    "model": "catmaid.concept", 
    "fields": {
      "project": 3, 
      "creation_time": "2011-09-27T07:54:43.902", 
      "user": 3, 
      "edition_time": "2011-09-27T07:54:43.902"
    }
  }, 
  {
    "pk": 310, 
    "model": "catmaid.concept", 
    "fields": {
      "project": 3, 
      "creation_time": "2011-09-27T07:55:15.319", 
      "user": 3, 
      "edition_time": "2011-09-27T07:55:15.319"
    }
  }, 
  {
    "pk": 312, 
    "model": "catmaid.concept", 
    "fields": {
      "project": 3, 
      "creation_time": "2011-09-27T07:55:19.502", 
      "user": 3, 
      "edition_time": "2011-09-27T07:55:19.502"
    }
  }, 
  {
    "pk": 314, 
    "model": "catmaid.concept", 
    "fields": {
      "project": 3, 
      "creation_time": "2011-09-27T07:55:21.329", 
      "user": 3, 
      "edition_time": "2011-09-27T07:55:21.329"
    }
  }, 
  {
    "pk": 316, 
    "model": "catmaid.concept", 
    "fields": {
      "project": 3, 
      "creation_time": "2011-09-27T07:55:23.334", 
      "user": 3, 
      "edition_time": "2011-09-27T07:55:23.334"
    }
  }, 
  {
    "pk": 318, 
    "model": "catmaid.concept", 
    "fields": {
      "project": 3, 
      "creation_time": "2011-09-27T07:55:25.134", 
      "user": 3, 
      "edition_time": "2011-09-27T07:55:25.134"
    }
  }, 
  {
    "pk": 320, 
    "model": "catmaid.concept", 
    "fields": {
      "project": 3, 
      "creation_time": "2011-09-27T07:55:26.647", 
      "user": 3, 
      "edition_time": "2011-09-27T07:55:26.647"
    }
  }, 
  {
    "pk": 322, 
    "model": "catmaid.concept", 
    "fields": {
      "project": 3, 
      "creation_time": "2011-09-27T07:55:28.081", 
      "user": 3, 
      "edition_time": "2011-09-27T07:55:28.081"
    }
  }, 
  {
    "pk": 324, 
    "model": "catmaid.concept", 
    "fields": {
      "project": 3, 
      "creation_time": "2011-09-27T07:55:29.498", 
      "user": 3, 
      "edition_time": "2011-09-27T07:55:29.498"
    }
  }, 
  {
    "pk": 326, 
    "model": "catmaid.concept", 
    "fields": {
      "project": 3, 
      "creation_time": "2011-09-27T07:55:30.721", 
      "user": 3, 
      "edition_time": "2011-09-27T07:55:30.721"
    }
  }, 
  {
    "pk": 336, 
    "model": "catmaid.concept", 
    "fields": {
      "project": 3, 
      "creation_time": "2011-09-27T07:56:07.198", 
      "user": 3, 
      "edition_time": "2011-09-27T07:56:07.198"
    }
  }, 
  {
    "pk": 338, 
    "model": "catmaid.concept", 
    "fields": {
      "project": 3, 
      "creation_time": "2011-09-27T07:56:10.196", 
      "user": 3, 
      "edition_time": "2011-09-27T07:56:10.196"
    }
  }, 
  {
    "pk": 340, 
    "model": "catmaid.concept", 
    "fields": {
      "project": 3, 
      "creation_time": "2011-09-27T07:56:12.174", 
      "user": 3, 
      "edition_time": "2011-09-27T07:56:12.174"
    }
  }, 
  {
    "pk": 342, 
    "model": "catmaid.concept", 
    "fields": {
      "project": 3, 
      "creation_time": "2011-09-27T07:56:14.347", 
      "user": 3, 
      "edition_time": "2011-09-27T07:56:14.347"
    }
  }, 
  {
    "pk": 344, 
    "model": "catmaid.concept", 
    "fields": {
      "project": 3, 
      "creation_time": "2011-09-27T07:56:18.238", 
      "user": 3, 
      "edition_time": "2011-09-27T07:56:18.238"
    }
  }, 
  {
    "pk": 346, 
    "model": "catmaid.concept", 
    "fields": {
      "project": 3, 
      "creation_time": "2011-09-27T07:56:19.960", 
      "user": 3, 
      "edition_time": "2011-09-27T07:56:19.960"
    }
  }, 
  {
    "pk": 348, 
    "model": "catmaid.concept", 
    "fields": {
      "project": 3, 
      "creation_time": "2011-09-27T07:56:21.927", 
      "user": 3, 
      "edition_time": "2011-09-27T07:56:21.927"
    }
  }, 
  {
    "pk": 350, 
    "model": "catmaid.concept", 
    "fields": {
      "project": 3, 
      "creation_time": "2011-09-27T07:56:24.082", 
      "user": 3, 
      "edition_time": "2011-09-27T07:56:24.082"
    }
  }, 
  {
    "pk": 353, 
    "model": "catmaid.concept", 
    "fields": {
      "project": 3, 
      "creation_time": "2011-09-27T07:56:45.996", 
      "user": 3, 
      "edition_time": "2011-09-27T07:56:45.996"
    }
  }, 
  {
    "pk": 368, 
    "model": "catmaid.concept", 
    "fields": {
      "project": 3, 
      "creation_time": "2011-09-27T07:57:17.808", 
      "user": 3, 
      "edition_time": "2011-09-27T07:57:17.808"
    }
  }, 
  {
    "pk": 378, 
    "model": "catmaid.concept", 
    "fields": {
      "project": 3, 
      "creation_time": "2011-09-27T07:57:19.447", 
      "user": 3, 
      "edition_time": "2011-09-27T07:57:19.447"
    }
  }, 
  {
    "pk": 384, 
    "model": "catmaid.concept", 
    "fields": {
      "project": 3, 
      "creation_time": "2011-09-27T07:57:24.747", 
      "user": 3, 
      "edition_time": "2011-09-27T07:57:24.747"
    }
  }, 
  {
    "pk": 386, 
    "model": "catmaid.concept", 
    "fields": {
      "project": 3, 
      "creation_time": "2011-09-27T07:57:25.555", 
      "user": 3, 
      "edition_time": "2011-09-27T07:57:25.555"
    }
  }, 
  {
    "pk": 388, 
    "model": "catmaid.concept", 
    "fields": {
      "project": 3, 
      "creation_time": "2011-09-27T07:57:26.310", 
      "user": 3, 
      "edition_time": "2011-09-27T07:57:26.310"
    }
  }, 
  {
    "pk": 392, 
    "model": "catmaid.concept", 
    "fields": {
      "project": 3, 
      "creation_time": "2011-09-27T07:57:34.626", 
      "user": 3, 
      "edition_time": "2011-09-27T07:57:34.626"
    }
  }, 
  {
    "pk": 394, 
    "model": "catmaid.concept", 
    "fields": {
      "project": 3, 
      "creation_time": "2011-09-27T07:57:35.676", 
      "user": 3, 
      "edition_time": "2011-09-27T07:57:35.676"
    }
  }, 
  {
    "pk": 396, 
    "model": "catmaid.concept", 
    "fields": {
      "project": 3, 
      "creation_time": "2011-09-27T07:57:36.318", 
      "user": 3, 
      "edition_time": "2011-09-27T07:57:36.318"
    }
  }, 
  {
    "pk": 398, 
    "model": "catmaid.concept", 
    "fields": {
      "project": 3, 
      "creation_time": "2011-09-27T07:57:36.995", 
      "user": 3, 
      "edition_time": "2011-09-27T07:57:36.995"
    }
  }, 
  {
    "pk": 400, 
    "model": "catmaid.concept", 
    "fields": {
      "project": 3, 
      "creation_time": "2011-09-27T07:57:37.518", 
      "user": 3, 
      "edition_time": "2011-09-27T07:57:37.518"
    }
  }, 
  {
    "pk": 404, 
    "model": "catmaid.concept", 
    "fields": {
      "project": 3, 
      "creation_time": "2011-09-27T07:57:55.026", 
      "user": 3, 
      "edition_time": "2011-09-27T07:57:55.026"
    }
  }, 
  {
    "pk": 406, 
    "model": "catmaid.concept", 
    "fields": {
      "project": 3, 
      "creation_time": "2011-09-27T07:57:57.310", 
      "user": 3, 
      "edition_time": "2011-09-27T07:57:57.310"
    }
  }, 
  {
    "pk": 408, 
    "model": "catmaid.concept", 
    "fields": {
      "project": 3, 
      "creation_time": "2011-09-27T07:57:57.976", 
      "user": 3, 
      "edition_time": "2011-09-27T07:57:57.976"
    }
  }, 
  {
    "pk": 410, 
    "model": "catmaid.concept", 
    "fields": {
      "project": 3, 
      "creation_time": "2011-09-27T07:57:58.454", 
      "user": 3, 
      "edition_time": "2011-09-27T07:57:58.454"
    }
  }, 
  {
    "pk": 416, 
    "model": "catmaid.concept", 
    "fields": {
      "project": 3, 
      "creation_time": "2011-10-07T07:02:13.511", 
      "user": 3, 
      "edition_time": "2011-10-07T07:02:13.511"
    }
  }, 
  {
    "pk": 418, 
    "model": "catmaid.concept", 
    "fields": {
      "project": 3, 
      "creation_time": "2011-10-07T07:02:15.176", 
      "user": 3, 
      "edition_time": "2011-10-07T07:02:15.176"
    }
  }, 
  {
    "pk": 2341, 
    "model": "catmaid.concept", 
    "fields": {
      "project": 3, 
      "creation_time": "2011-10-31T05:21:43.998", 
      "user": 3, 
      "edition_time": "2011-10-31T05:21:43.998"
    }
  }, 
  {
    "pk": 2357, 
    "model": "catmaid.concept", 
    "fields": {
      "project": 3, 
      "creation_time": "2011-10-31T05:25:15.462", 
      "user": 3, 
      "edition_time": "2011-10-31T05:25:15.462"
    }
  }, 
  {
    "pk": 2369, 
    "model": "catmaid.concept", 
    "fields": {
      "project": 3, 
      "creation_time": "2011-11-01T12:54:42.122", 
      "user": 2, 
      "edition_time": "2011-11-01T12:54:42.122"
    }
  }, 
  {
    "pk": 2371, 
    "model": "catmaid.concept", 
    "fields": {
      "project": 3, 
      "creation_time": "2011-11-01T12:54:43.555", 
      "user": 2, 
      "edition_time": "2011-11-01T12:54:43.555"
    }
  }, 
  {
    "pk": 2373, 
    "model": "catmaid.concept", 
    "fields": {
      "project": 3, 
      "creation_time": "2011-11-01T12:54:44.436", 
      "user": 2, 
      "edition_time": "2011-11-01T12:54:44.436"
    }
  }, 
  {
    "pk": 2375, 
    "model": "catmaid.concept", 
    "fields": {
      "project": 3, 
      "creation_time": "2011-11-01T12:54:45.793", 
      "user": 2, 
      "edition_time": "2011-11-01T12:54:45.793"
    }
  }, 
  {
    "pk": 2377, 
    "model": "catmaid.concept", 
    "fields": {
      "project": 3, 
      "creation_time": "2011-11-01T12:54:47.472", 
      "user": 2, 
      "edition_time": "2011-11-01T12:54:47.472"
    }
  }, 
  {
    "pk": 2379, 
    "model": "catmaid.concept", 
    "fields": {
      "project": 3, 
      "creation_time": "2011-11-01T12:54:48.503", 
      "user": 2, 
      "edition_time": "2011-11-01T12:54:48.503"
    }
  }, 
  {
    "pk": 2393, 
    "model": "catmaid.concept", 
    "fields": {
      "project": 3, 
      "creation_time": "2011-12-09T08:01:37.575", 
      "user": 3, 
      "edition_time": "2011-12-09T08:01:37.575"
    }
  }, 
  {
    "pk": 2395, 
    "model": "catmaid.concept", 
    "fields": {
      "project": 3, 
      "creation_time": "2011-12-09T08:01:39.388", 
      "user": 3, 
      "edition_time": "2011-12-09T08:01:39.388"
    }
  }, 
  {
    "pk": 2397, 
    "model": "catmaid.concept", 
    "fields": {
      "project": 3, 
      "creation_time": "2011-12-09T08:01:40.583", 
      "user": 3, 
      "edition_time": "2011-12-09T08:01:40.583"
    }
  }, 
  {
    "pk": 2416, 
    "model": "catmaid.concept", 
    "fields": {
      "project": 3, 
      "creation_time": "2011-12-09T08:01:59.149", 
      "user": 3, 
      "edition_time": "2011-12-09T08:01:59.149"
    }
  }, 
  {
    "pk": 2418, 
    "model": "catmaid.concept", 
    "fields": {
      "project": 3, 
      "creation_time": "2011-12-09T08:02:00.466", 
      "user": 3, 
      "edition_time": "2011-12-09T08:02:00.466"
    }
  }, 
  {
    "pk": 2420, 
    "model": "catmaid.concept", 
    "fields": {
      "project": 3, 
      "creation_time": "2011-12-09T08:02:01.614", 
      "user": 3, 
      "edition_time": "2011-12-09T08:02:01.614"
    }
  }, 
  {
    "pk": 2424, 
    "model": "catmaid.concept", 
    "fields": {
      "project": 3, 
      "creation_time": "2011-12-09T08:02:11.175", 
      "user": 3, 
      "edition_time": "2011-12-09T08:02:11.175"
    }
  }, 
  {
    "pk": 2438, 
    "model": "catmaid.concept", 
    "fields": {
      "project": 3, 
      "creation_time": "2012-07-22T16:50:57.758", 
      "user": 3, 
      "edition_time": "2012-07-22T16:50:57.758"
    }
  }, 
  {
    "pk": 2445, 
    "model": "catmaid.concept", 
    "fields": {
      "project": 3, 
      "creation_time": "2012-07-22T19:12:54.541", 
      "user": 3, 
      "edition_time": "2012-07-22T19:12:54.541"
    }
  }, 
  {
    "pk": 2448, 
    "model": "catmaid.concept", 
    "fields": {
      "project": 3, 
      "creation_time": "2012-07-22T19:13:08.185", 
      "user": 3, 
      "edition_time": "2012-07-22T19:13:08.185"
    }
  }, 
  {
    "pk": 2450, 
    "model": "catmaid.concept", 
    "fields": {
      "project": 3, 
      "creation_time": "2012-07-22T19:13:26.149", 
      "user": 3, 
      "edition_time": "2012-07-22T19:13:26.149"
    }
  }, 
  {
    "pk": 2456, 
    "model": "catmaid.concept", 
    "fields": {
      "project": 3, 
      "creation_time": "2012-07-22T19:15:24.010", 
      "user": 3, 
      "edition_time": "2012-07-22T19:15:24.010"
    }
  }, 
  {
    "pk": 2457, 
    "model": "catmaid.concept", 
    "fields": {
      "project": 3, 
      "creation_time": "2012-07-22T19:15:24.010", 
      "user": 3, 
      "edition_time": "2012-07-22T19:15:24.010"
    }
  }, 
  {
    "pk": 360, 
    "model": "catmaid.concept", 
    "fields": {
      "project": 3, 
      "creation_time": "2011-09-27T07:57:15.967", 
      "user": 3, 
      "edition_time": "2011-12-20T10:46:01.360"
    }
  }, 
  {
    "pk": 372, 
    "model": "catmaid.concept", 
    "fields": {
      "project": 3, 
      "creation_time": "2011-09-27T07:57:18.175", 
      "user": 3, 
      "edition_time": "2011-12-20T10:46:01.360"
    }
  }, 
  {
    "pk": 382, 
    "model": "catmaid.concept", 
    "fields": {
      "project": 3, 
      "creation_time": "2011-09-27T07:57:19.797", 
      "user": 3, 
      "edition_time": "2011-12-20T10:46:01.360"
    }
  }, 
  {
    "pk": 425, 
    "model": "catmaid.concept", 
    "fields": {
      "project": 3, 
      "creation_time": "2011-10-07T07:02:22.656", 
      "user": 3, 
      "edition_time": "2011-12-20T10:46:01.360"
    }
  }, 
  {
    "pk": 429, 
    "model": "catmaid.concept", 
    "fields": {
      "project": 3, 
      "creation_time": "2011-10-07T07:02:29.728", 
      "user": 3, 
      "edition_time": "2011-12-20T10:46:01.360"
    }
  }, 
  {
    "pk": 437, 
    "model": "catmaid.concept", 
    "fields": {
      "project": 3, 
      "creation_time": "2011-10-11T10:49:08.042", 
      "user": 3, 
      "edition_time": "2011-12-20T10:46:01.360"
    }
  }, 
  {
    "pk": 2405, 
    "model": "catmaid.concept", 
    "fields": {
      "project": 3, 
      "creation_time": "2011-12-09T08:01:43.965", 
      "user": 3, 
      "edition_time": "2011-12-20T10:46:01.360"
    }
  }, 
  {
    "pk": 2410, 
    "model": "catmaid.concept", 
    "fields": {
      "project": 3, 
      "creation_time": "2011-12-09T08:01:48.525", 
      "user": 3, 
      "edition_time": "2011-12-20T10:46:01.360"
    }
  }, 
  {
    "pk": 2429, 
    "model": "catmaid.concept", 
    "fields": {
      "project": 3, 
      "creation_time": "2011-12-09T08:02:16.949", 
      "user": 3, 
      "edition_time": "2011-12-20T10:46:01.360"
    }
  }, 
  {
    "pk": 356, 
    "model": "catmaid.concept", 
    "fields": {
      "project": 3, 
      "creation_time": "2011-09-27T07:57:15.967", 
      "user": 3, 
      "edition_time": "2011-10-27T10:45:09.870"
    }
  }, 
  {
    "pk": 421, 
    "model": "catmaid.concept", 
    "fields": {
      "project": 3, 
      "creation_time": "2011-10-07T07:02:22.656", 
      "user": 3, 
      "edition_time": "2011-10-07T07:02:30.396"
    }
  }, 
  {
    "pk": 432, 
    "model": "catmaid.concept", 
    "fields": {
      "project": 3, 
      "creation_time": "2011-10-11T10:49:08.042", 
      "user": 3, 
      "edition_time": "2011-10-31T05:22:37.263"
    }
  }, 
  {
    "pk": 2400, 
    "model": "catmaid.concept", 
    "fields": {
      "project": 3, 
      "creation_time": "2011-12-09T08:01:43.965", 
      "user": 3, 
      "edition_time": "2011-12-09T08:01:43.965"
    }
  }, 
  {
    "pk": 2458, 
    "model": "catmaid.concept", 
    "fields": {
      "project": 3, 
      "creation_time": "2012-07-23T21:54:02.486", 
      "user": 3, 
      "edition_time": "2012-07-23T21:54:02.486"
    }
  }, 
  {
    "pk": 7, 
    "model": "catmaid.concept", 
    "fields": {
      "project": 3, 
      "creation_time": "2011-09-04T07:53:41.243", 
      "user": 3, 
      "edition_time": "2011-12-05T13:51:36.955"
    }
  }, 
  {
    "pk": 11, 
    "model": "catmaid.concept", 
    "fields": {
      "project": 3, 
      "creation_time": "2011-09-04T07:54:16.301", 
      "user": 3, 
      "edition_time": "2011-12-05T13:51:36.955"
    }
  }, 
  {
    "pk": 13, 
    "model": "catmaid.concept", 
    "fields": {
      "project": 3, 
      "creation_time": "2011-09-04T07:54:24.528", 
      "user": 3, 
      "edition_time": "2011-12-05T13:51:36.955"
    }
  }, 
  {
    "pk": 15, 
    "model": "catmaid.concept", 
    "fields": {
      "project": 3, 
      "creation_time": "2011-09-04T07:54:26.464", 
      "user": 3, 
      "edition_time": "2011-12-05T13:51:36.955"
    }
  }, 
  {
    "pk": 17, 
    "model": "catmaid.concept", 
    "fields": {
      "project": 3, 
      "creation_time": "2011-09-04T07:54:28.523", 
      "user": 3, 
      "edition_time": "2011-12-05T13:51:36.955"
    }
  }, 
  {
    "pk": 237, 
    "model": "catmaid.concept", 
    "fields": {
      "project": 3, 
      "creation_time": "2011-09-27T07:49:15.802", 
      "user": 3, 
      "edition_time": "2011-12-05T13:51:36.955"
    }
  }, 
  {
    "pk": 239, 
    "model": "catmaid.concept", 
    "fields": {
      "project": 3, 
      "creation_time": "2011-09-27T07:49:16.553", 
      "user": 3, 
      "edition_time": "2011-12-05T13:51:36.955"
    }
  }, 
  {
    "pk": 241, 
    "model": "catmaid.concept", 
    "fields": {
      "project": 3, 
      "creation_time": "2011-09-27T07:49:17.217", 
      "user": 3, 
      "edition_time": "2011-12-05T13:51:36.955"
    }
  }, 
  {
    "pk": 243, 
    "model": "catmaid.concept", 
    "fields": {
      "project": 3, 
      "creation_time": "2011-09-27T07:49:17.660", 
      "user": 3, 
      "edition_time": "2011-12-05T13:51:36.955"
    }
  }, 
  {
    "pk": 245, 
    "model": "catmaid.concept", 
    "fields": {
      "project": 3, 
      "creation_time": "2011-09-27T07:49:18.343", 
      "user": 3, 
      "edition_time": "2011-12-05T13:51:36.955"
    }
  }, 
  {
    "pk": 247, 
    "model": "catmaid.concept", 
    "fields": {
      "project": 3, 
      "creation_time": "2011-09-27T07:49:19.012", 
      "user": 3, 
      "edition_time": "2011-12-05T13:51:36.955"
    }
  }, 
  {
    "pk": 249, 
    "model": "catmaid.concept", 
    "fields": {
      "project": 3, 
      "creation_time": "2011-09-27T07:49:19.887", 
      "user": 3, 
      "edition_time": "2011-12-05T13:51:36.955"
    }
  }, 
  {
    "pk": 251, 
    "model": "catmaid.concept", 
    "fields": {
      "project": 3, 
      "creation_time": "2011-09-27T07:49:20.514", 
      "user": 3, 
      "edition_time": "2011-12-05T13:51:36.955"
    }
  }, 
  {
    "pk": 253, 
    "model": "catmaid.concept", 
    "fields": {
      "project": 3, 
      "creation_time": "2011-09-27T07:49:21.493", 
      "user": 3, 
      "edition_time": "2011-12-05T13:51:36.955"
    }
  }, 
  {
    "pk": 255, 
    "model": "catmaid.concept", 
    "fields": {
      "project": 3, 
      "creation_time": "2011-09-27T07:49:22.835", 
      "user": 3, 
      "edition_time": "2011-12-05T13:51:36.955"
    }
  }, 
  {
    "pk": 257, 
    "model": "catmaid.concept", 
    "fields": {
      "project": 3, 
      "creation_time": "2011-09-27T07:49:23.591", 
      "user": 3, 
      "edition_time": "2011-12-05T13:51:36.955"
    }
  }, 
  {
    "pk": 259, 
    "model": "catmaid.concept", 
    "fields": {
      "project": 3, 
      "creation_time": "2011-09-27T07:49:24.879", 
      "user": 3, 
      "edition_time": "2011-12-05T13:51:36.955"
    }
  }, 
  {
    "pk": 261, 
    "model": "catmaid.concept", 
    "fields": {
      "project": 3, 
      "creation_time": "2011-09-27T07:49:25.549", 
      "user": 3, 
      "edition_time": "2011-12-05T13:51:36.955"
    }
  }, 
  {
    "pk": 263, 
    "model": "catmaid.concept", 
    "fields": {
      "project": 3, 
      "creation_time": "2011-09-27T07:49:27.637", 
      "user": 3, 
      "edition_time": "2011-12-05T13:51:36.955"
    }
  }, 
  {
    "pk": 265, 
    "model": "catmaid.concept", 
    "fields": {
      "project": 3, 
      "creation_time": "2011-09-27T07:49:28.080", 
      "user": 3, 
      "edition_time": "2011-12-05T13:51:36.955"
    }
  }, 
  {
    "pk": 267, 
    "model": "catmaid.concept", 
    "fields": {
      "project": 3, 
      "creation_time": "2011-09-27T07:49:28.515", 
      "user": 3, 
      "edition_time": "2011-12-05T13:51:36.955"
    }
  }, 
  {
    "pk": 269, 
    "model": "catmaid.concept", 
    "fields": {
      "project": 3, 
      "creation_time": "2011-09-27T07:49:31.952", 
      "user": 3, 
      "edition_time": "2011-12-05T13:51:36.955"
    }
  }, 
  {
    "pk": 271, 
    "model": "catmaid.concept", 
    "fields": {
      "project": 3, 
      "creation_time": "2011-09-27T07:49:32.376", 
      "user": 3, 
      "edition_time": "2011-12-05T13:51:36.955"
    }
  }, 
  {
    "pk": 273, 
    "model": "catmaid.concept", 
    "fields": {
      "project": 3, 
      "creation_time": "2011-09-27T07:49:32.824", 
      "user": 3, 
      "edition_time": "2011-12-05T13:51:36.955"
    }
  }, 
  {
    "pk": 275, 
    "model": "catmaid.concept", 
    "fields": {
      "project": 3, 
      "creation_time": "2011-09-27T07:49:33.254", 
      "user": 3, 
      "edition_time": "2011-12-05T13:51:36.955"
    }
  }, 
  {
    "pk": 277, 
    "model": "catmaid.concept", 
    "fields": {
      "project": 3, 
      "creation_time": "2011-09-27T07:49:33.770", 
      "user": 3, 
      "edition_time": "2011-12-05T13:51:36.955"
    }
  }, 
  {
    "pk": 279, 
    "model": "catmaid.concept", 
    "fields": {
      "project": 3, 
      "creation_time": "2011-09-27T07:49:35.689", 
      "user": 3, 
      "edition_time": "2011-12-05T13:51:36.955"
    }
  }, 
  {
    "pk": 281, 
    "model": "catmaid.concept", 
    "fields": {
      "project": 3, 
      "creation_time": "2011-09-27T07:49:36.374", 
      "user": 3, 
      "edition_time": "2011-12-05T13:51:36.955"
    }
  }, 
  {
    "pk": 283, 
    "model": "catmaid.concept", 
    "fields": {
      "project": 3, 
      "creation_time": "2011-09-27T07:49:36.843", 
      "user": 3, 
      "edition_time": "2011-12-05T13:51:36.955"
    }
  }, 
  {
    "pk": 285, 
    "model": "catmaid.concept", 
    "fields": {
      "project": 3, 
      "creation_time": "2011-09-27T07:49:37.269", 
      "user": 3, 
      "edition_time": "2011-12-05T13:51:36.955"
    }
  }, 
  {
    "pk": 289, 
    "model": "catmaid.concept", 
    "fields": {
      "project": 3, 
      "creation_time": "2011-09-27T07:49:38.607", 
      "user": 3, 
      "edition_time": "2011-12-05T13:51:36.955"
    }
  }, 
  {
    "pk": 293, 
    "model": "catmaid.concept", 
    "fields": {
      "project": 3, 
      "creation_time": "2011-09-27T07:54:31.891", 
      "user": 3, 
      "edition_time": "2011-12-05T13:51:36.955"
    }
  }, 
  {
    "pk": 295, 
    "model": "catmaid.concept", 
    "fields": {
      "project": 3, 
      "creation_time": "2011-09-27T07:54:33.793", 
      "user": 3, 
      "edition_time": "2011-12-05T13:51:36.955"
    }
  }, 
  {
    "pk": 297, 
    "model": "catmaid.concept", 
    "fields": {
      "project": 3, 
      "creation_time": "2011-09-27T07:54:35.521", 
      "user": 3, 
      "edition_time": "2011-12-05T13:51:36.955"
    }
  }, 
  {
    "pk": 299, 
    "model": "catmaid.concept", 
    "fields": {
      "project": 3, 
      "creation_time": "2011-09-27T07:54:37.211", 
      "user": 3, 
      "edition_time": "2011-12-05T13:51:36.955"
    }
  }, 
  {
    "pk": 301, 
    "model": "catmaid.concept", 
    "fields": {
      "project": 3, 
      "creation_time": "2011-09-27T07:54:38.863", 
      "user": 3, 
      "edition_time": "2011-12-05T13:51:36.955"
    }
  }, 
  {
    "pk": 303, 
    "model": "catmaid.concept", 
    "fields": {
      "project": 3, 
      "creation_time": "2011-09-27T07:54:40.603", 
      "user": 3, 
      "edition_time": "2011-12-05T13:51:36.955"
    }
  }, 
  {
    "pk": 305, 
    "model": "catmaid.concept", 
    "fields": {
      "project": 3, 
      "creation_time": "2011-09-27T07:54:43.902", 
      "user": 3, 
      "edition_time": "2011-12-05T13:51:36.955"
    }
  }, 
  {
    "pk": 309, 
    "model": "catmaid.concept", 
    "fields": {
      "project": 3, 
      "creation_time": "2011-09-27T07:55:15.319", 
      "user": 3, 
      "edition_time": "2011-12-05T13:51:36.955"
    }
  }, 
  {
    "pk": 311, 
    "model": "catmaid.concept", 
    "fields": {
      "project": 3, 
      "creation_time": "2011-09-27T07:55:19.502", 
      "user": 3, 
      "edition_time": "2011-12-05T13:51:36.955"
    }
  }, 
  {
    "pk": 313, 
    "model": "catmaid.concept", 
    "fields": {
      "project": 3, 
      "creation_time": "2011-09-27T07:55:21.329", 
      "user": 3, 
      "edition_time": "2011-12-05T13:51:36.955"
    }
  }, 
  {
    "pk": 315, 
    "model": "catmaid.concept", 
    "fields": {
      "project": 3, 
      "creation_time": "2011-09-27T07:55:23.334", 
      "user": 3, 
      "edition_time": "2011-12-05T13:51:36.955"
    }
  }, 
  {
    "pk": 317, 
    "model": "catmaid.concept", 
    "fields": {
      "project": 3, 
      "creation_time": "2011-09-27T07:55:25.134", 
      "user": 3, 
      "edition_time": "2011-12-05T13:51:36.955"
    }
  }, 
  {
    "pk": 319, 
    "model": "catmaid.concept", 
    "fields": {
      "project": 3, 
      "creation_time": "2011-09-27T07:55:26.647", 
      "user": 3, 
      "edition_time": "2011-12-05T13:51:36.955"
    }
  }, 
  {
    "pk": 321, 
    "model": "catmaid.concept", 
    "fields": {
      "project": 3, 
      "creation_time": "2011-09-27T07:55:28.081", 
      "user": 3, 
      "edition_time": "2011-12-05T13:51:36.955"
    }
  }, 
  {
    "pk": 323, 
    "model": "catmaid.concept", 
    "fields": {
      "project": 3, 
      "creation_time": "2011-09-27T07:55:29.498", 
      "user": 3, 
      "edition_time": "2011-12-05T13:51:36.955"
    }
  }, 
  {
    "pk": 325, 
    "model": "catmaid.concept", 
    "fields": {
      "project": 3, 
      "creation_time": "2011-09-27T07:55:30.721", 
      "user": 3, 
      "edition_time": "2011-12-05T13:51:36.955"
    }
  }, 
  {
    "pk": 335, 
    "model": "catmaid.concept", 
    "fields": {
      "project": 3, 
      "creation_time": "2011-09-27T07:56:07.198", 
      "user": 3, 
      "edition_time": "2011-12-05T13:51:36.955"
    }
  }, 
  {
    "pk": 337, 
    "model": "catmaid.concept", 
    "fields": {
      "project": 3, 
      "creation_time": "2011-09-27T07:56:10.196", 
      "user": 3, 
      "edition_time": "2011-12-05T13:51:36.955"
    }
  }, 
  {
    "pk": 339, 
    "model": "catmaid.concept", 
    "fields": {
      "project": 3, 
      "creation_time": "2011-09-27T07:56:12.174", 
      "user": 3, 
      "edition_time": "2011-12-05T13:51:36.955"
    }
  }, 
  {
    "pk": 341, 
    "model": "catmaid.concept", 
    "fields": {
      "project": 3, 
      "creation_time": "2011-09-27T07:56:14.347", 
      "user": 3, 
      "edition_time": "2011-12-05T13:51:36.955"
    }
  }, 
  {
    "pk": 343, 
    "model": "catmaid.concept", 
    "fields": {
      "project": 3, 
      "creation_time": "2011-09-27T07:56:18.238", 
      "user": 3, 
      "edition_time": "2011-12-05T13:51:36.955"
    }
  }, 
  {
    "pk": 345, 
    "model": "catmaid.concept", 
    "fields": {
      "project": 3, 
      "creation_time": "2011-09-27T07:56:19.960", 
      "user": 3, 
      "edition_time": "2011-12-05T13:51:36.955"
    }
  }, 
  {
    "pk": 347, 
    "model": "catmaid.concept", 
    "fields": {
      "project": 3, 
      "creation_time": "2011-09-27T07:56:21.927", 
      "user": 3, 
      "edition_time": "2011-12-05T13:51:36.955"
    }
  }, 
  {
    "pk": 349, 
    "model": "catmaid.concept", 
    "fields": {
      "project": 3, 
      "creation_time": "2011-09-27T07:56:24.082", 
      "user": 3, 
      "edition_time": "2011-12-05T13:51:36.955"
    }
  }, 
  {
    "pk": 367, 
    "model": "catmaid.concept", 
    "fields": {
      "project": 3, 
      "creation_time": "2011-09-27T07:57:17.808", 
      "user": 3, 
      "edition_time": "2011-12-05T13:51:36.955"
    }
  }, 
  {
    "pk": 377, 
    "model": "catmaid.concept", 
    "fields": {
      "project": 3, 
      "creation_time": "2011-09-27T07:57:19.447", 
      "user": 3, 
      "edition_time": "2011-12-05T13:51:36.955"
    }
  }, 
  {
    "pk": 383, 
    "model": "catmaid.concept", 
    "fields": {
      "project": 3, 
      "creation_time": "2011-09-27T07:57:24.747", 
      "user": 3, 
      "edition_time": "2011-12-05T13:51:36.955"
    }
  }, 
  {
    "pk": 385, 
    "model": "catmaid.concept", 
    "fields": {
      "project": 3, 
      "creation_time": "2011-09-27T07:57:25.555", 
      "user": 3, 
      "edition_time": "2011-12-05T13:51:36.955"
    }
  }, 
  {
    "pk": 387, 
    "model": "catmaid.concept", 
    "fields": {
      "project": 3, 
      "creation_time": "2011-09-27T07:57:26.310", 
      "user": 3, 
      "edition_time": "2011-12-05T13:51:36.955"
    }
  }, 
  {
    "pk": 391, 
    "model": "catmaid.concept", 
    "fields": {
      "project": 3, 
      "creation_time": "2011-09-27T07:57:34.626", 
      "user": 3, 
      "edition_time": "2011-12-05T13:51:36.955"
    }
  }, 
  {
    "pk": 393, 
    "model": "catmaid.concept", 
    "fields": {
      "project": 3, 
      "creation_time": "2011-09-27T07:57:35.676", 
      "user": 3, 
      "edition_time": "2011-12-05T13:51:36.955"
    }
  }, 
  {
    "pk": 395, 
    "model": "catmaid.concept", 
    "fields": {
      "project": 3, 
      "creation_time": "2011-09-27T07:57:36.318", 
      "user": 3, 
      "edition_time": "2011-12-05T13:51:36.955"
    }
  }, 
  {
    "pk": 397, 
    "model": "catmaid.concept", 
    "fields": {
      "project": 3, 
      "creation_time": "2011-09-27T07:57:36.995", 
      "user": 3, 
      "edition_time": "2011-12-05T13:51:36.955"
    }
  }, 
  {
    "pk": 399, 
    "model": "catmaid.concept", 
    "fields": {
      "project": 3, 
      "creation_time": "2011-09-27T07:57:37.518", 
      "user": 3, 
      "edition_time": "2011-12-05T13:51:36.955"
    }
  }, 
  {
    "pk": 403, 
    "model": "catmaid.concept", 
    "fields": {
      "project": 3, 
      "creation_time": "2011-09-27T07:57:55.026", 
      "user": 3, 
      "edition_time": "2011-12-05T13:51:36.955"
    }
  }, 
  {
    "pk": 405, 
    "model": "catmaid.concept", 
    "fields": {
      "project": 3, 
      "creation_time": "2011-09-27T07:57:57.310", 
      "user": 3, 
      "edition_time": "2011-12-05T13:51:36.955"
    }
  }, 
  {
    "pk": 407, 
    "model": "catmaid.concept", 
    "fields": {
      "project": 3, 
      "creation_time": "2011-09-27T07:57:57.976", 
      "user": 3, 
      "edition_time": "2011-12-05T13:51:36.955"
    }
  }, 
  {
    "pk": 409, 
    "model": "catmaid.concept", 
    "fields": {
      "project": 3, 
      "creation_time": "2011-09-27T07:57:58.454", 
      "user": 3, 
      "edition_time": "2011-12-05T13:51:36.955"
    }
  }, 
  {
    "pk": 415, 
    "model": "catmaid.concept", 
    "fields": {
      "project": 3, 
      "creation_time": "2011-10-07T07:02:13.511", 
      "user": 3, 
      "edition_time": "2011-12-05T13:51:36.955"
    }
  }, 
  {
    "pk": 417, 
    "model": "catmaid.concept", 
    "fields": {
      "project": 3, 
      "creation_time": "2011-10-07T07:02:15.176", 
      "user": 3, 
      "edition_time": "2011-12-05T13:51:36.955"
    }
  }, 
  {
    "pk": 2368, 
    "model": "catmaid.concept", 
    "fields": {
      "project": 3, 
      "creation_time": "2011-11-01T12:54:42.122", 
      "user": 2, 
      "edition_time": "2011-12-05T13:51:36.955"
    }
  }, 
  {
    "pk": 2370, 
    "model": "catmaid.concept", 
    "fields": {
      "project": 3, 
      "creation_time": "2011-11-01T12:54:43.555", 
      "user": 2, 
      "edition_time": "2011-12-05T13:51:36.955"
    }
  }, 
  {
    "pk": 2372, 
    "model": "catmaid.concept", 
    "fields": {
      "project": 3, 
      "creation_time": "2011-11-01T12:54:44.436", 
      "user": 1, 
      "edition_time": "2011-12-05T13:51:36.955"
    }
  }, 
  {
    "pk": 2374, 
    "model": "catmaid.concept", 
    "fields": {
      "project": 3, 
      "creation_time": "2011-11-01T12:54:45.793", 
      "user": 1, 
      "edition_time": "2011-12-05T13:51:36.955"
    }
  }, 
  {
    "pk": 2376, 
    "model": "catmaid.concept", 
    "fields": {
      "project": 3, 
      "creation_time": "2011-11-01T12:54:47.472", 
      "user": 1, 
      "edition_time": "2011-12-05T13:51:36.955"
    }
  }, 
  {
    "pk": 2378, 
    "model": "catmaid.concept", 
    "fields": {
      "project": 3, 
      "creation_time": "2011-11-01T12:54:48.503", 
      "user": 1, 
      "edition_time": "2011-12-05T13:51:36.955"
    }
  }, 
  {
    "pk": 2392, 
    "model": "catmaid.concept", 
    "fields": {
      "project": 3, 
      "creation_time": "2011-12-09T08:01:37.575", 
      "user": 3, 
      "edition_time": "2011-12-09T08:01:37.575"
    }
  }, 
  {
    "pk": 2394, 
    "model": "catmaid.concept", 
    "fields": {
      "project": 3, 
      "creation_time": "2011-12-09T08:01:39.388", 
      "user": 3, 
      "edition_time": "2011-12-09T08:01:48.933"
    }
  }, 
  {
    "pk": 2396, 
    "model": "catmaid.concept", 
    "fields": {
      "project": 3, 
      "creation_time": "2011-12-09T08:01:40.583", 
      "user": 3, 
      "edition_time": "2011-12-09T08:01:40.583"
    }
  }, 
  {
    "pk": 2415, 
    "model": "catmaid.concept", 
    "fields": {
      "project": 3, 
      "creation_time": "2011-12-09T08:01:59.149", 
      "user": 3, 
      "edition_time": "2011-12-09T08:01:59.149"
    }
  }, 
  {
    "pk": 2417, 
    "model": "catmaid.concept", 
    "fields": {
      "project": 3, 
      "creation_time": "2011-12-09T08:02:00.466", 
      "user": 3, 
      "edition_time": "2011-12-09T08:02:00.466"
    }
  }, 
  {
    "pk": 2419, 
    "model": "catmaid.concept", 
    "fields": {
      "project": 3, 
      "creation_time": "2011-12-09T08:02:01.614", 
      "user": 3, 
      "edition_time": "2011-12-09T08:02:01.614"
    }
  }, 
  {
    "pk": 2423, 
    "model": "catmaid.concept", 
    "fields": {
      "project": 3, 
      "creation_time": "2011-12-09T08:02:11.175", 
      "user": 3, 
      "edition_time": "2011-12-09T08:02:11.175"
    }
  }, 
  {
    "pk": 2437, 
    "model": "catmaid.concept", 
    "fields": {
      "project": 3, 
      "creation_time": "2012-07-22T16:50:57.758", 
      "user": 3, 
      "edition_time": "2012-07-22T16:50:57.758"
    }
  }, 
  {
    "pk": 2444, 
    "model": "catmaid.concept", 
    "fields": {
      "project": 3, 
      "creation_time": "2012-07-22T19:12:54.541", 
      "user": 3, 
      "edition_time": "2012-07-22T19:12:54.541"
    }
  }, 
  {
    "pk": 2447, 
    "model": "catmaid.concept", 
    "fields": {
      "project": 3, 
      "creation_time": "2012-07-22T19:13:08.185", 
      "user": 3, 
      "edition_time": "2012-07-22T19:13:08.185"
    }
  }, 
  {
    "pk": 2449, 
    "model": "catmaid.concept", 
    "fields": {
      "project": 3, 
      "creation_time": "2012-07-22T19:13:26.149", 
      "user": 3, 
      "edition_time": "2012-07-22T19:13:26.149"
    }
  }, 
  {
    "pk": 2455, 
    "model": "catmaid.concept", 
    "fields": {
      "project": 3, 
      "creation_time": "2012-07-22T19:15:24.010", 
      "user": 3, 
      "edition_time": "2012-07-22T19:15:24.010"
    }
  }, 
  {
    "pk": 2456, 
    "model": "catmaid.concept", 
    "fields": {
      "project": 3, 
      "creation_time": "2011-10-04T13:32:34.506", 
      "user": 3, 
      "edition_time": "2011-10-04T13:32:34.506"
    }
  }, 
  {
    "pk": 5, 
    "model": "catmaid.class", 
    "fields": {
      "description": null, 
      "class_name": "neuron", 
      "creation_time": "2010-08-26T12:23:53.551", 
      "edition_time": "2010-08-26T12:23:53.551", 
      "project": 3, 
      "user": 1
    }
  }, 
  {
    "pk": 14, 
    "model": "catmaid.class", 
    "fields": {
      "description": null, 
      "class_name": "skeleton", 
      "creation_time": "2010-08-26T13:19:57.046", 
      "edition_time": "2010-08-26T13:19:57.046", 
      "project": 3, 
      "user": 1
    }
  }, 
  {
    "pk": 33, 
    "model": "catmaid.class", 
    "fields": {
      "description": null, 
      "class_name": "label", 
      "creation_time": "2010-08-27T11:28:08.713", 
      "edition_time": "2010-08-27T11:28:08.713", 
      "project": 3, 
      "user": 3
    }
  }, 
  {
    "pk": 106, 
    "model": "catmaid.class", 
    "fields": {
      "description": "A group helps to organize the data, i.e. it can contain neuron or other groups.", 
      "class_name": "group", 
      "creation_time": "2010-10-12T03:42:55.856", 
      "edition_time": "2010-10-12T03:42:55.856", 
      "project": 3, 
      "user": 3
    }
  }, 
  {
    "pk": 112, 
    "model": "catmaid.class", 
    "fields": {
      "description": null, 
      "class_name": "root", 
      "creation_time": "2010-10-12T05:29:38.385", 
      "edition_time": "2010-10-12T05:29:38.385", 
      "project": 3, 
      "user": 3
    }
  }, 
  {
    "pk": 411, 
    "model": "catmaid.class", 
    "fields": {
      "description": null, 
      "class_name": "driver_line", 
      "creation_time": "2011-10-04T13:32:34.506", 
      "edition_time": "2011-10-04T13:32:34.506", 
      "project": 3, 
      "user": 3
    }
  }, 
  {
    "pk": 412, 
    "model": "catmaid.class", 
    "fields": {
      "description": null, 
      "class_name": "cell_body_location", 
      "creation_time": "2011-10-04T13:32:34.506", 
      "edition_time": "2011-10-04T13:32:34.506", 
      "project": 3, 
      "user": 3
    }
  }, 
  {
    "pk": 515, 
    "model": "catmaid.class", 
    "fields": {
      "description": null, 
      "class_name": "skeleton", 
      "creation_time": "2011-10-29T04:05:55.864", 
      "edition_time": "2011-10-29T04:05:55.864", 
      "project": 4, 
      "user": 3
    }
  }, 
  {
    "pk": 516, 
    "model": "catmaid.class", 
    "fields": {
      "description": null, 
      "class_name": "neuron", 
      "creation_time": "2011-10-29T04:05:55.864", 
      "edition_time": "2011-10-29T04:05:55.864", 
      "project": 4, 
      "user": 3
    }
  }, 
  {
    "pk": 517, 
    "model": "catmaid.class", 
    "fields": {
      "description": null, 
      "class_name": "group", 
      "creation_time": "2011-10-29T04:05:55.864", 
      "edition_time": "2011-10-29T04:05:55.864", 
      "project": 4, 
      "user": 3
    }
  }, 
  {
    "pk": 518, 
    "model": "catmaid.class", 
    "fields": {
      "description": null, 
      "class_name": "label", 
      "creation_time": "2011-10-29T04:05:55.864", 
      "edition_time": "2011-10-29T04:05:55.864", 
      "project": 4, 
      "user": 3
    }
  }, 
  {
    "pk": 519, 
    "model": "catmaid.class", 
    "fields": {
      "description": null, 
      "class_name": "root", 
      "creation_time": "2011-10-29T04:05:55.864", 
      "edition_time": "2011-10-29T04:05:55.864", 
      "project": 4, 
      "user": 3
    }
  }, 
  {
    "pk": 520, 
    "model": "catmaid.class", 
    "fields": {
      "description": null, 
      "class_name": "synapse", 
      "creation_time": "2011-10-29T04:05:55.864", 
      "edition_time": "2011-10-29T04:05:55.864", 
      "project": 4, 
      "user": 3
    }
  }, 
  {
    "pk": 521, 
    "model": "catmaid.class", 
    "fields": {
      "description": null, 
      "class_name": "presynaptic terminal", 
      "creation_time": "2011-10-29T04:05:55.864", 
      "edition_time": "2011-10-29T04:05:55.864", 
      "project": 4, 
      "user": 3
    }
  }, 
  {
    "pk": 522, 
    "model": "catmaid.class", 
    "fields": {
      "description": null, 
      "class_name": "postsynaptic terminal", 
      "creation_time": "2011-10-29T04:05:55.864", 
      "edition_time": "2011-10-29T04:05:55.864", 
      "project": 4, 
      "user": 3
    }
  }, 
  {
    "pk": 2325, 
    "model": "catmaid.class", 
    "fields": {
      "description": null, 
      "class_name": "skeleton", 
      "creation_time": "2011-10-29T04:33:34.263", 
      "edition_time": "2011-10-29T04:33:34.263", 
      "project": 5, 
      "user": 3
    }
  }, 
  {
    "pk": 2326, 
    "model": "catmaid.class", 
    "fields": {
      "description": null, 
      "class_name": "neuron", 
      "creation_time": "2011-10-29T04:33:34.263", 
      "edition_time": "2011-10-29T04:33:34.263", 
      "project": 5, 
      "user": 3
    }
  }, 
  {
    "pk": 2327, 
    "model": "catmaid.class", 
    "fields": {
      "description": null, 
      "class_name": "group", 
      "creation_time": "2011-10-29T04:33:34.263", 
      "edition_time": "2011-10-29T04:33:34.263", 
      "project": 5, 
      "user": 3
    }
  }, 
  {
    "pk": 2328, 
    "model": "catmaid.class", 
    "fields": {
      "description": null, 
      "class_name": "label", 
      "creation_time": "2011-10-29T04:33:34.263", 
      "edition_time": "2011-10-29T04:33:34.263", 
      "project": 5, 
      "user": 3
    }
  }, 
  {
    "pk": 2329, 
    "model": "catmaid.class", 
    "fields": {
      "description": null, 
      "class_name": "root", 
      "creation_time": "2011-10-29T04:33:34.263", 
      "edition_time": "2011-10-29T04:33:34.263", 
      "project": 5, 
      "user": 3
    }
  }, 
  {
    "pk": 2457, 
    "model": "catmaid.class", 
    "fields": {
      "description": null, 
      "class_name": "annotation", 
      "creation_time": "2012-07-22T19:15:24.010", 
      "edition_time": "2012-07-22T19:15:24.010", 
      "project": 3, 
      "user": 1
    }
  }, 
  {
    "pk": 1, 
    "model": "catmaid.classinstance", 
    "fields": {
      "class_column": 14, 
      "name": "dull skeleton", 
      "creation_time": "2011-09-04T07:53:41.243", 
      "edition_time": "2011-09-27T07:48:37.277", 
      "project": 3, 
      "user": 3
    }
  }, 
  {
    "pk": 2, 
    "model": "catmaid.classinstance", 
    "fields": {
      "class_column": 5, 
      "name": "dull neuron", 
      "creation_time": "2011-09-04T07:53:41.243", 
      "edition_time": "2011-09-27T07:48:29.997", 
      "project": 3, 
      "user": 3
    }
  }, 
  {
    "pk": 4, 
    "model": "catmaid.classinstance", 
    "fields": {
      "class_column": 106, 
      "name": "Fragments", 
      "creation_time": "2011-09-04T07:53:41.243", 
      "edition_time": "2011-09-04T07:53:41.243", 
      "project": 3, 
      "user": 3
    }
  }, 
  {
    "pk": 231, 
    "model": "catmaid.classinstance", 
    "fields": {
      "class_column": 106, 
      "name": "group", 
      "creation_time": "2011-09-27T07:48:43.167", 
      "edition_time": "2011-09-27T07:48:43.167", 
      "project": 3, 
      "user": 3
    }
  }, 
  {
    "pk": 233, 
    "model": "catmaid.classinstance", 
    "fields": {
      "class_column": 5, 
      "name": "branched neuron", 
      "creation_time": "2011-09-27T07:48:58.901", 
      "edition_time": "2011-09-27T07:50:32.627", 
      "project": 3, 
      "user": 3
    }
  }, 
  {
    "pk": 235, 
    "model": "catmaid.classinstance", 
    "fields": {
      "class_column": 14, 
      "name": "skeleton 235", 
      "creation_time": "2011-09-27T07:49:15.802", 
      "edition_time": "2011-09-27T07:49:15.802", 
      "project": 3, 
      "user": 3
    }
  }, 
  {
    "pk": 351, 
    "model": "catmaid.classinstance", 
    "fields": {
      "class_column": 33, 
      "name": "TODO", 
      "creation_time": "2011-09-27T07:56:45.641", 
      "edition_time": "2011-09-27T07:56:45.641", 
      "project": 3, 
      "user": 3
    }
  }, 
  {
    "pk": 361, 
    "model": "catmaid.classinstance", 
    "fields": {
      "class_column": 14, 
      "name": "skeleton 361", 
      "creation_time": "2011-09-27T07:57:17.808", 
      "edition_time": "2011-09-27T07:57:17.808", 
      "project": 3, 
      "user": 3
    }
  }, 
  {
    "pk": 362, 
    "model": "catmaid.classinstance", 
    "fields": {
      "class_column": 5, 
      "name": "downstream-B", 
      "creation_time": "2011-09-27T07:57:17.808", 
      "edition_time": "2011-09-27T07:59:24.247", 
      "project": 3, 
      "user": 3
    }
  }, 
  {
    "pk": 364, 
    "model": "catmaid.classinstance", 
    "fields": {
      "class_column": 106, 
      "name": "Isolated synaptic terminals", 
      "creation_time": "2011-09-27T07:57:17.808", 
      "edition_time": "2011-09-27T07:57:17.808", 
      "project": 3, 
      "user": 3
    }
  }, 
  {
    "pk": 373, 
    "model": "catmaid.classinstance", 
    "fields": {
      "class_column": 14, 
      "name": "skeleton 373", 
      "creation_time": "2011-09-27T07:57:19.447", 
      "edition_time": "2011-09-27T07:57:19.447", 
      "project": 3, 
      "user": 3
    }
  }, 
  {
    "pk": 374, 
    "model": "catmaid.classinstance", 
    "fields": {
      "class_column": 5, 
      "name": "downstream-A", 
      "creation_time": "2011-09-27T07:57:19.447", 
      "edition_time": "2011-09-27T07:59:15.325", 
      "project": 3, 
      "user": 3
    }
  }, 
  {
    "pk": 439, 
    "model": "catmaid.classinstance", 
    "fields": {
      "class_column": 411, 
      "name": "", 
      "creation_time": "2011-10-11T12:08:06.575", 
      "edition_time": "2011-10-11T12:08:06.575", 
      "project": 3, 
      "user": 3
    }
  }, 
  {
    "pk": 440, 
    "model": "catmaid.classinstance", 
    "fields": {
      "class_column": 411, 
      "name": "", 
      "creation_time": "2011-10-11T12:09:59.169", 
      "edition_time": "2011-10-11T12:09:59.169", 
      "project": 3, 
      "user": 3
    }
  }, 
  {
    "pk": 442, 
    "model": "catmaid.classinstance", 
    "fields": {
      "class_column": 411, 
      "name": "", 
      "creation_time": "2011-10-11T12:10:50.221", 
      "edition_time": "2011-10-11T12:10:50.221", 
      "project": 3, 
      "user": 3
    }
  }, 
  {
    "pk": 444, 
    "model": "catmaid.classinstance", 
    "fields": {
      "class_column": 411, 
      "name": "", 
      "creation_time": "2011-10-11T12:12:49.855", 
      "edition_time": "2011-10-11T12:12:49.855", 
      "project": 3, 
      "user": 3
    }
  }, 
  {
    "pk": 446, 
    "model": "catmaid.classinstance", 
    "fields": {
      "class_column": 411, 
      "name": "", 
      "creation_time": "2011-10-11T12:13:53.305", 
      "edition_time": "2011-10-11T12:13:53.305", 
      "project": 3, 
      "user": 3
    }
  }, 
  {
    "pk": 448, 
    "model": "catmaid.classinstance", 
    "fields": {
      "class_column": 411, 
      "name": "", 
      "creation_time": "2011-10-11T12:14:46.115", 
      "edition_time": "2011-10-11T12:14:46.115", 
      "project": 3, 
      "user": 3
    }
  }, 
  {
    "pk": 450, 
    "model": "catmaid.classinstance", 
    "fields": {
      "class_column": 411, 
      "name": "", 
      "creation_time": "2011-10-11T12:14:59.661", 
      "edition_time": "2011-10-11T12:14:59.661", 
      "project": 3, 
      "user": 3
    }
  }, 
  {
    "pk": 452, 
    "model": "catmaid.classinstance", 
    "fields": {
      "class_column": 411, 
      "name": "bye", 
      "creation_time": "2011-10-12T05:29:11.321", 
      "edition_time": "2011-10-12T05:29:11.321", 
      "project": 3, 
      "user": 3
    }
  }, 
  {
    "pk": 454, 
    "model": "catmaid.classinstance", 
    "fields": {
      "class_column": 411, 
      "name": "and", 
      "creation_time": "2011-10-12T05:29:21.459", 
      "edition_time": "2011-10-12T05:29:21.459", 
      "project": 3, 
      "user": 3
    }
  }, 
  {
    "pk": 456, 
    "model": "catmaid.classinstance", 
    "fields": {
      "class_column": 411, 
      "name": "more", 
      "creation_time": "2011-10-12T05:29:27.759", 
      "edition_time": "2011-10-12T05:29:27.759", 
      "project": 3, 
      "user": 3
    }
  }, 
  {
    "pk": 458, 
    "model": "catmaid.classinstance", 
    "fields": {
      "class_column": 411, 
      "name": "c005", 
      "creation_time": "2011-10-12T05:45:17.870", 
      "edition_time": "2011-10-12T05:45:17.870", 
      "project": 3, 
      "user": 3
    }
  }, 
  {
    "pk": 460, 
    "model": "catmaid.classinstance", 
    "fields": {
      "class_column": 411, 
      "name": "hello", 
      "creation_time": "2011-10-12T05:52:35.254", 
      "edition_time": "2011-10-12T05:52:35.254", 
      "project": 3, 
      "user": 3
    }
  }, 
  {
    "pk": 462, 
    "model": "catmaid.classinstance", 
    "fields": {
      "class_column": 411, 
      "name": "foo", 
      "creation_time": "2011-10-12T07:08:01.761", 
      "edition_time": "2011-10-12T07:08:01.761", 
      "project": 3, 
      "user": 3
    }
  }, 
  {
    "pk": 465, 
    "model": "catmaid.classinstance", 
    "fields": {
      "class_column": 411, 
      "name": "tubby bye bye", 
      "creation_time": "2011-10-12T14:04:21.957", 
      "edition_time": "2011-10-12T14:04:21.957", 
      "project": 3, 
      "user": 3
    }
  }, 
  {
    "pk": 485, 
    "model": "catmaid.classinstance", 
    "fields": {
      "class_column": 412, 
      "name": "Local", 
      "creation_time": "2011-10-14T05:01:46.885", 
      "edition_time": "2011-10-14T05:01:46.885", 
      "project": 3, 
      "user": 3
    }
  }, 
  {
    "pk": 487, 
    "model": "catmaid.classinstance", 
    "fields": {
      "class_column": 412, 
      "name": "Non-Local", 
      "creation_time": "2011-10-14T05:02:09.927", 
      "edition_time": "2011-10-14T05:02:09.928", 
      "project": 3, 
      "user": 3
    }
  }, 
  {
    "pk": 523, 
    "model": "catmaid.classinstance", 
    "fields": {
      "class_column": 519, 
      "name": "neuropile", 
      "creation_time": "2011-10-29T04:05:55.864", 
      "edition_time": "2011-10-29T04:05:55.864", 
      "project": 4, 
      "user": 3
    }
  }, 
  {
    "pk": 2323, 
    "model": "catmaid.classinstance", 
    "fields": {
      "class_column": 112, 
      "name": "neuropile", 
      "creation_time": "2011-01-13T09:10:41.563", 
      "edition_time": "2011-01-13T09:10:41.563", 
      "project": 3, 
      "user": 3
    }
  }, 
  {
    "pk": 2333, 
    "model": "catmaid.classinstance", 
    "fields": {
      "class_column": 2329, 
      "name": "neuropile", 
      "creation_time": "2011-10-29T04:33:34.263", 
      "edition_time": "2011-10-29T04:33:34.263", 
      "project": 5, 
      "user": 3
    }
  }, 
  {
    "pk": 2342, 
    "model": "catmaid.classinstance", 
    "fields": {
      "class_column": 33, 
      "name": "uncertain end", 
      "creation_time": "2011-10-31T05:22:24.134", 
      "edition_time": "2011-10-31T05:22:24.134", 
      "project": 3, 
      "user": 3
    }
  }, 
  {
    "pk": 2345, 
    "model": "catmaid.classinstance", 
    "fields": {
      "class_column": 33, 
      "name": "t", 
      "creation_time": "2011-10-31T05:22:29.999", 
      "edition_time": "2011-10-31T05:22:29.999", 
      "project": 3, 
      "user": 3
    }
  }, 
  {
    "pk": 2353, 
    "model": "catmaid.classinstance", 
    "fields": {
      "class_column": 33, 
      "name": "synapse with more targets", 
      "creation_time": "2011-10-31T05:24:57.406", 
      "edition_time": "2011-10-31T05:24:57.406", 
      "project": 3, 
      "user": 3
    }
  }, 
  {
    "pk": 2364, 
    "model": "catmaid.classinstance", 
    "fields": {
      "class_column": 14, 
      "name": "skeleton 2364", 
      "creation_time": "2011-11-01T12:54:42.122", 
      "edition_time": "2011-11-01T12:54:42.122", 
      "project": 3, 
      "user": 2
    }
  }, 
  {
    "pk": 2365, 
    "model": "catmaid.classinstance", 
    "fields": {
      "class_column": 5, 
      "name": "neuron 2365", 
      "creation_time": "2011-11-01T12:54:42.122", 
      "edition_time": "2011-11-01T12:54:42.122", 
      "project": 3, 
      "user": 2
    }
  }, 
  {
    "pk": 2381, 
    "model": "catmaid.classinstance", 
    "fields": {
      "class_column": 5, 
      "name": "neuron 2381", 
      "creation_time": "2011-11-26T05:35:22.961", 
      "edition_time": "2011-11-26T05:35:22.961", 
      "project": 3, 
      "user": 3
    }
  }, 
  {
    "pk": 2388, 
    "model": "catmaid.classinstance", 
    "fields": {
      "class_column": 14, 
      "name": "skeleton 2388", 
      "creation_time": "2011-12-09T08:01:37.575", 
      "edition_time": "2011-12-09T08:01:37.575", 
      "project": 3, 
      "user": 3
    }
  }, 
  {
    "pk": 2389, 
    "model": "catmaid.classinstance", 
    "fields": {
      "class_column": 5, 
      "name": "neuron 2389", 
      "creation_time": "2011-12-09T08:01:37.575", 
      "edition_time": "2011-12-09T08:01:37.575", 
      "project": 3, 
      "user": 3
    }
  }, 
  {
    "pk": 2411, 
    "model": "catmaid.classinstance", 
    "fields": {
      "class_column": 14, 
      "name": "skeleton 2411", 
      "creation_time": "2011-12-09T08:01:59.149", 
      "edition_time": "2011-12-09T08:01:59.149", 
      "project": 3, 
      "user": 3
    }
  }, 
  {
    "pk": 2412, 
    "model": "catmaid.classinstance", 
    "fields": {
      "class_column": 5, 
      "name": "neuron 2412", 
      "creation_time": "2011-12-09T08:01:59.149", 
      "edition_time": "2011-12-09T08:01:59.149", 
      "project": 3, 
      "user": 3
    }
  }, 
  {
    "pk": 2433, 
    "model": "catmaid.classinstance", 
    "fields": {
      "class_column": 14, 
      "name": "skeleton 2433", 
      "creation_time": "2012-07-22T16:50:57.758", 
      "edition_time": "2012-07-22T16:50:57.758", 
      "project": 3, 
      "user": 3
    }
  }, 
  {
    "pk": 2434, 
    "model": "catmaid.classinstance", 
    "fields": {
      "class_column": 5, 
      "name": "neuron 2434", 
      "creation_time": "2012-07-22T16:50:57.758", 
      "edition_time": "2012-07-22T16:50:57.758", 
      "project": 3, 
      "user": 3
    }
  }, 
  {
    "pk": 2440, 
    "model": "catmaid.classinstance", 
    "fields": {
      "class_column": 14, 
      "name": "skeleton 2440", 
      "creation_time": "2012-07-22T19:12:54.541", 
      "edition_time": "2012-07-22T19:12:54.541", 
      "project": 3, 
      "user": 3
    }
  }, 
  {
    "pk": 2441, 
    "model": "catmaid.classinstance", 
    "fields": {
      "class_column": 5, 
      "name": "neuron 2441", 
      "creation_time": "2012-07-22T19:12:54.541", 
      "edition_time": "2012-07-22T19:12:54.541", 
      "project": 3, 
      "user": 3
    }
  }, 
  {
    "pk": 2451, 
    "model": "catmaid.classinstance", 
    "fields": {
      "class_column": 14, 
      "name": "skeleton 2451", 
      "creation_time": "2012-07-22T19:15:24.010", 
      "edition_time": "2012-07-22T19:15:24.010", 
      "project": 3, 
      "user": 3
    }
  }, 
  {
    "pk": 2452, 
    "model": "catmaid.classinstance", 
    "fields": {
      "class_column": 5, 
      "name": "neuron 2452", 
      "creation_time": "2012-07-22T19:15:24.010", 
      "edition_time": "2012-07-22T19:15:24.010", 
      "project": 3, 
      "user": 3
    }
  }, 
  {
    "pk": 8, 
    "model": "catmaid.relation", 
    "fields": {
      "description": null, 
      "isreciprocal": false, 
      "creation_time": "2010-08-26T13:08:19.488", 
      "uri": null, 
      "edition_time": "2010-08-26T13:08:19.488", 
      "project": 3, 
      "relation_name": "is_a", 
      "user": 1
    }
  }, 
  {
    "pk": 9, 
    "model": "catmaid.relation", 
    "fields": {
      "description": null, 
      "isreciprocal": false, 
      "creation_time": "2010-08-26T13:15:22.408", 
      "uri": null, 
      "edition_time": "2010-08-26T13:15:22.408", 
      "project": 3, 
      "relation_name": "part_of", 
      "user": 1
    }
  }, 
  {
    "pk": 10, 
    "model": "catmaid.relation", 
    "fields": {
      "description": null, 
      "isreciprocal": false, 
      "creation_time": "2010-08-26T13:15:31.939", 
      "uri": null, 
      "edition_time": "2010-08-26T13:15:31.939", 
      "project": 3, 
      "relation_name": "model_of", 
      "user": 1
    }
  }, 
  {
    "pk": 11, 
    "model": "catmaid.relation", 
    "fields": {
      "description": null, 
      "isreciprocal": false, 
      "creation_time": "2010-08-26T13:15:41.060", 
      "uri": null, 
      "edition_time": "2010-08-26T13:15:41.060", 
      "project": 3, 
      "relation_name": "element_of", 
      "user": 1
    }
  }, 
  {
    "pk": 23, 
    "model": "catmaid.relation", 
    "fields": {
      "description": null, 
      "isreciprocal": false, 
      "creation_time": "2010-08-26T15:20:51.554", 
      "uri": null, 
      "edition_time": "2010-08-26T15:20:51.554", 
      "project": 3, 
      "relation_name": "presynaptic_to", 
      "user": 1
    }
  }, 
  {
    "pk": 24, 
    "model": "catmaid.relation", 
    "fields": {
      "description": null, 
      "isreciprocal": false, 
      "creation_time": "2010-08-26T15:21:35.859", 
      "uri": null, 
      "edition_time": "2010-08-26T15:21:35.859", 
      "project": 3, 
      "relation_name": "postsynaptic_to", 
      "user": 1
    }
  }, 
  {
    "pk": 35, 
    "model": "catmaid.relation", 
    "fields": {
      "description": null, 
      "isreciprocal": false, 
      "creation_time": "2010-08-27T11:30:10.480", 
      "uri": null, 
      "edition_time": "2010-08-27T11:30:10.480", 
      "project": 3, 
      "relation_name": "labeled_as", 
      "user": 3
    }
  }, 
  {
    "pk": 413, 
    "model": "catmaid.relation", 
    "fields": {
      "description": null, 
      "isreciprocal": false, 
      "creation_time": "2011-10-04T13:32:34.506", 
      "uri": null, 
      "edition_time": "2011-10-04T13:32:34.506", 
      "project": 3, 
      "relation_name": "expresses_in", 
      "user": 3
    }
  }, 
  {
    "pk": 414, 
    "model": "catmaid.relation", 
    "fields": {
      "description": null, 
      "isreciprocal": false, 
      "creation_time": "2011-10-04T13:32:34.506", 
      "uri": null, 
      "edition_time": "2011-10-04T13:32:34.506", 
      "project": 3, 
      "relation_name": "has_cell_body", 
      "user": 3
    }
  }, 
  {
    "pk": 2456, 
    "model": "catmaid.relation", 
    "fields": {
      "description": null, 
      "isreciprocal": false, 
      "creation_time": "2011-10-04T13:32:34.506", 
      "uri": null, 
      "edition_time": "2011-10-04T13:32:34.506", 
      "project": 3, 
      "relation_name": "annotated_with", 
      "user": 3
    }
  }, 
  {
    "pk": 2461, 
    "model": "catmaid.relation", 
    "fields": {
      "description": null, 
      "isreciprocal": false, 
      "creation_time": "2011-10-29T04:33:34.263", 
      "uri": null, 
      "edition_time": "2011-10-29T04:33:34.263", 
      "project": 3, 
      "relation_name": "abutting", 
      "user": 3
    }
  }, 
  {
    "pk": 524, 
    "model": "catmaid.relation", 
    "fields": {
      "description": null, 
      "isreciprocal": false, 
      "creation_time": "2011-10-29T04:05:55.864", 
      "uri": null, 
      "edition_time": "2011-10-29T04:05:55.864", 
      "project": 4, 
      "relation_name": "labeled_as", 
      "user": 3
    }
  }, 
  {
    "pk": 525, 
    "model": "catmaid.relation", 
    "fields": {
      "description": null, 
      "isreciprocal": false, 
      "creation_time": "2011-10-29T04:05:55.864", 
      "uri": null, 
      "edition_time": "2011-10-29T04:05:55.864", 
      "project": 4, 
      "relation_name": "postsynaptic_to", 
      "user": 3
    }
  }, 
  {
    "pk": 526, 
    "model": "catmaid.relation", 
    "fields": {
      "description": null, 
      "isreciprocal": false, 
      "creation_time": "2011-10-29T04:05:55.864", 
      "uri": null, 
      "edition_time": "2011-10-29T04:05:55.864", 
      "project": 4, 
      "relation_name": "presynaptic_to", 
      "user": 3
    }
  }, 
  {
    "pk": 527, 
    "model": "catmaid.relation", 
    "fields": {
      "description": null, 
      "isreciprocal": false, 
      "creation_time": "2011-10-29T04:05:55.864", 
      "uri": null, 
      "edition_time": "2011-10-29T04:05:55.864", 
      "project": 4, 
      "relation_name": "element_of", 
      "user": 3
    }
  }, 
  {
    "pk": 528, 
    "model": "catmaid.relation", 
    "fields": {
      "description": null, 
      "isreciprocal": false, 
      "creation_time": "2011-10-29T04:05:55.864", 
      "uri": null, 
      "edition_time": "2011-10-29T04:05:55.864", 
      "project": 4, 
      "relation_name": "model_of", 
      "user": 3
    }
  }, 
  {
    "pk": 529, 
    "model": "catmaid.relation", 
    "fields": {
      "description": null, 
      "isreciprocal": false, 
      "creation_time": "2011-10-29T04:05:55.864", 
      "uri": null, 
      "edition_time": "2011-10-29T04:05:55.864", 
      "project": 4, 
      "relation_name": "part_of", 
      "user": 3
    }
  }, 
  {
    "pk": 530, 
    "model": "catmaid.relation", 
    "fields": {
      "description": null, 
      "isreciprocal": false, 
      "creation_time": "2011-10-29T04:05:55.864", 
      "uri": null, 
      "edition_time": "2011-10-29T04:05:55.864", 
      "project": 4, 
      "relation_name": "is_a", 
      "user": 3
    }
  }, 
  {
    "pk": 2460, 
    "model": "catmaid.relation", 
    "fields": {
      "description": null, 
      "isreciprocal": false, 
      "creation_time": "2011-10-29T04:33:34.263", 
      "uri": null, 
      "edition_time": "2011-10-29T04:33:34.263", 
      "project": 4, 
      "relation_name": "abutting", 
      "user": 3
    }
  }, 
  {
    "pk": 2334, 
    "model": "catmaid.relation", 
    "fields": {
      "description": null, 
      "isreciprocal": false, 
      "creation_time": "2011-10-29T04:33:34.263", 
      "uri": null, 
      "edition_time": "2011-10-29T04:33:34.263", 
      "project": 5, 
      "relation_name": "labeled_as", 
      "user": 3
    }
  }, 
  {
    "pk": 2335, 
    "model": "catmaid.relation", 
    "fields": {
      "description": null, 
      "isreciprocal": false, 
      "creation_time": "2011-10-29T04:33:34.263", 
      "uri": null, 
      "edition_time": "2011-10-29T04:33:34.263", 
      "project": 5, 
      "relation_name": "postsynaptic_to", 
      "user": 3
    }
  }, 
  {
    "pk": 2336, 
    "model": "catmaid.relation", 
    "fields": {
      "description": null, 
      "isreciprocal": false, 
      "creation_time": "2011-10-29T04:33:34.263", 
      "uri": null, 
      "edition_time": "2011-10-29T04:33:34.263", 
      "project": 5, 
      "relation_name": "presynaptic_to", 
      "user": 3
    }
  }, 
  {
    "pk": 2337, 
    "model": "catmaid.relation", 
    "fields": {
      "description": null, 
      "isreciprocal": false, 
      "creation_time": "2011-10-29T04:33:34.263", 
      "uri": null, 
      "edition_time": "2011-10-29T04:33:34.263", 
      "project": 5, 
      "relation_name": "element_of", 
      "user": 3
    }
  }, 
  {
    "pk": 2338, 
    "model": "catmaid.relation", 
    "fields": {
      "description": null, 
      "isreciprocal": false, 
      "creation_time": "2011-10-29T04:33:34.263", 
      "uri": null, 
      "edition_time": "2011-10-29T04:33:34.263", 
      "project": 5, 
      "relation_name": "model_of", 
      "user": 3
    }
  }, 
  {
    "pk": 2339, 
    "model": "catmaid.relation", 
    "fields": {
      "description": null, 
      "isreciprocal": false, 
      "creation_time": "2011-10-29T04:33:34.263", 
      "uri": null, 
      "edition_time": "2011-10-29T04:33:34.263", 
      "project": 5, 
      "relation_name": "part_of", 
      "user": 3
    }
  }, 
  {
    "pk": 2340, 
    "model": "catmaid.relation", 
    "fields": {
      "description": null, 
      "isreciprocal": false, 
      "creation_time": "2011-10-29T04:33:34.263", 
      "uri": null, 
      "edition_time": "2011-10-29T04:33:34.263", 
      "project": 5, 
      "relation_name": "is_a", 
      "user": 3
    }
  }, 
  {
    "pk": 2459, 
    "model": "catmaid.relation", 
    "fields": {
      "description": null, 
      "isreciprocal": false, 
      "creation_time": "2011-10-29T04:33:34.263", 
      "uri": null, 
      "edition_time": "2011-10-29T04:33:34.263", 
      "project": 5, 
      "relation_name": "abutting", 
      "user": 3
    }
  }, 
  {
    "pk": 3, 
    "model": "catmaid.relationinstance", 
    "fields": {
      "project": 3, 
      "relation": 10, 
      "creation_time": "2011-09-04T07:53:41.243", 
      "user": 3, 
      "edition_time": "2011-09-04T07:53:41.243"
    }
  }, 
  {
    "pk": 5, 
    "model": "catmaid.relationinstance", 
    "fields": {
      "project": 3, 
      "relation": 9, 
      "creation_time": "2011-09-04T07:53:41.243", 
      "user": 3, 
      "edition_time": "2011-09-04T07:53:41.243"
    }
  }, 
  {
    "pk": 6, 
    "model": "catmaid.relationinstance", 
    "fields": {
      "project": 3, 
      "relation": 9, 
      "creation_time": "2011-09-04T07:53:41.243", 
      "user": 3, 
      "edition_time": "2011-09-04T07:53:41.243"
    }
  }, 
  {
    "pk": 232, 
    "model": "catmaid.relationinstance", 
    "fields": {
      "project": 3, 
      "relation": 9, 
      "creation_time": "2011-09-27T07:48:43.167", 
      "user": 3, 
      "edition_time": "2011-09-27T07:48:43.167"
    }
  }, 
  {
    "pk": 234, 
    "model": "catmaid.relationinstance", 
    "fields": {
      "project": 3, 
      "relation": 9, 
      "creation_time": "2011-09-27T07:48:58.901", 
      "user": 3, 
      "edition_time": "2011-09-27T07:48:58.901"
    }
  }, 
  {
    "pk": 236, 
    "model": "catmaid.relationinstance", 
    "fields": {
      "project": 3, 
      "relation": 10, 
      "creation_time": "2011-09-27T07:49:15.802", 
      "user": 3, 
      "edition_time": "2011-09-27T07:49:15.802"
    }
  }, 
  {
    "pk": 363, 
    "model": "catmaid.relationinstance", 
    "fields": {
      "project": 3, 
      "relation": 10, 
      "creation_time": "2011-09-27T07:57:17.808", 
      "user": 3, 
      "edition_time": "2011-09-27T07:57:17.808"
    }
  }, 
  {
    "pk": 365, 
    "model": "catmaid.relationinstance", 
    "fields": {
      "project": 3, 
      "relation": 9, 
      "creation_time": "2011-09-27T07:57:17.808", 
      "user": 3, 
      "edition_time": "2011-09-27T07:57:17.808"
    }
  }, 
  {
    "pk": 366, 
    "model": "catmaid.relationinstance", 
    "fields": {
      "project": 3, 
      "relation": 9, 
      "creation_time": "2011-09-27T07:57:17.808", 
      "user": 3, 
      "edition_time": "2011-09-27T07:57:17.808"
    }
  }, 
  {
    "pk": 375, 
    "model": "catmaid.relationinstance", 
    "fields": {
      "project": 3, 
      "relation": 10, 
      "creation_time": "2011-09-27T07:57:19.447", 
      "user": 3, 
      "edition_time": "2011-09-27T07:57:19.447"
    }
  }, 
  {
    "pk": 376, 
    "model": "catmaid.relationinstance", 
    "fields": {
      "project": 3, 
      "relation": 9, 
      "creation_time": "2011-09-27T07:57:19.447", 
      "user": 3, 
      "edition_time": "2011-09-27T07:57:19.447"
    }
  }, 
  {
    "pk": 459, 
    "model": "catmaid.relationinstance", 
    "fields": {
      "project": 3, 
      "relation": 413, 
      "creation_time": "2011-10-12T05:45:38.932", 
      "user": 3, 
      "edition_time": "2011-10-12T05:45:38.932"
    }
  }, 
  {
    "pk": 467, 
    "model": "catmaid.relationinstance", 
    "fields": {
      "project": 3, 
      "relation": 413, 
      "creation_time": "2011-10-12T14:41:38.786", 
      "user": 3, 
      "edition_time": "2011-10-12T14:41:38.786"
    }
  }, 
  {
    "pk": 486, 
    "model": "catmaid.relationinstance", 
    "fields": {
      "project": 3, 
      "relation": 414, 
      "creation_time": "2011-10-14T05:01:47.280", 
      "user": 3, 
      "edition_time": "2011-10-14T05:01:47.280"
    }
  }, 
  {
    "pk": 488, 
    "model": "catmaid.relationinstance", 
    "fields": {
      "project": 3, 
      "relation": 414, 
      "creation_time": "2011-10-14T05:02:09.976", 
      "user": 3, 
      "edition_time": "2011-10-14T05:02:09.976"
    }
  }, 
  {
    "pk": 514, 
    "model": "catmaid.relationinstance", 
    "fields": {
      "project": 3, 
      "relation": 413, 
      "creation_time": "2011-10-28T04:57:18.966", 
      "user": 3, 
      "edition_time": "2011-10-28T04:57:18.966"
    }
  }, 
  {
    "pk": 2366, 
    "model": "catmaid.relationinstance", 
    "fields": {
      "project": 3, 
      "relation": 10, 
      "creation_time": "2011-11-01T12:54:42.122", 
      "user": 2, 
      "edition_time": "2011-11-01T12:54:42.122"
    }
  }, 
  {
    "pk": 2367, 
    "model": "catmaid.relationinstance", 
    "fields": {
      "project": 3, 
      "relation": 9, 
      "creation_time": "2011-11-01T12:54:42.122", 
      "user": 2, 
      "edition_time": "2011-11-01T12:54:42.122"
    }
  }, 
  {
    "pk": 2383, 
    "model": "catmaid.relationinstance", 
    "fields": {
      "project": 3, 
      "relation": 9, 
      "creation_time": "2011-11-26T05:35:22.961", 
      "user": 3, 
      "edition_time": "2011-11-26T05:35:22.961"
    }
  }, 
  {
    "pk": 2390, 
    "model": "catmaid.relationinstance", 
    "fields": {
      "project": 3, 
      "relation": 10, 
      "creation_time": "2011-12-09T08:01:37.575", 
      "user": 3, 
      "edition_time": "2011-12-09T08:01:37.575"
    }
  }, 
  {
    "pk": 2391, 
    "model": "catmaid.relationinstance", 
    "fields": {
      "project": 3, 
      "relation": 9, 
      "creation_time": "2011-12-09T08:01:37.575", 
      "user": 3, 
      "edition_time": "2011-12-09T08:01:37.575"
    }
  }, 
  {
    "pk": 2413, 
    "model": "catmaid.relationinstance", 
    "fields": {
      "project": 3, 
      "relation": 10, 
      "creation_time": "2011-12-09T08:01:59.149", 
      "user": 3, 
      "edition_time": "2011-12-09T08:01:59.149"
    }
  }, 
  {
    "pk": 2414, 
    "model": "catmaid.relationinstance", 
    "fields": {
      "project": 3, 
      "relation": 9, 
      "creation_time": "2011-12-09T08:01:59.149", 
      "user": 3, 
      "edition_time": "2011-12-09T08:01:59.149"
    }
  }, 
  {
    "pk": 2435, 
    "model": "catmaid.relationinstance", 
    "fields": {
      "project": 3, 
      "relation": 10, 
      "creation_time": "2012-07-22T16:50:57.758", 
      "user": 3, 
      "edition_time": "2012-07-22T16:50:57.758"
    }
  }, 
  {
    "pk": 2436, 
    "model": "catmaid.relationinstance", 
    "fields": {
      "project": 3, 
      "relation": 9, 
      "creation_time": "2012-07-22T16:50:57.758", 
      "user": 3, 
      "edition_time": "2012-07-22T16:50:57.758"
    }
  }, 
  {
    "pk": 2442, 
    "model": "catmaid.relationinstance", 
    "fields": {
      "project": 3, 
      "relation": 10, 
      "creation_time": "2012-07-22T19:12:54.541", 
      "user": 3, 
      "edition_time": "2012-07-22T19:12:54.541"
    }
  }, 
  {
    "pk": 2443, 
    "model": "catmaid.relationinstance", 
    "fields": {
      "project": 3, 
      "relation": 9, 
      "creation_time": "2012-07-22T19:12:54.541", 
      "user": 3, 
      "edition_time": "2012-07-22T19:12:54.541"
    }
  }, 
  {
    "pk": 2453, 
    "model": "catmaid.relationinstance", 
    "fields": {
      "project": 3, 
      "relation": 10, 
      "creation_time": "2012-07-22T19:15:24.010", 
      "user": 3, 
      "edition_time": "2012-07-22T19:15:24.010"
    }
  }, 
  {
    "pk": 2454, 
    "model": "catmaid.relationinstance", 
    "fields": {
      "project": 3, 
      "relation": 9, 
      "creation_time": "2012-07-22T19:15:24.010", 
      "user": 3, 
      "edition_time": "2012-07-22T19:15:24.010"
    }
  }, 
  {
    "pk": 2354, 
    "model": "catmaid.relationinstance", 
    "fields": {
      "project": 3, 
      "relation": 35, 
      "creation_time": "2011-10-31T05:24:57.406", 
      "user": 3, 
      "edition_time": "2011-10-31T05:24:57.406"
    }
  }, 
  {
    "pk": 2355, 
    "model": "catmaid.relationinstance", 
    "fields": {
      "project": 3, 
      "relation": 35, 
      "creation_time": "2011-10-31T05:24:57.406", 
      "user": 3, 
      "edition_time": "2011-10-31T05:24:57.406"
    }
  }, 
  {
    "pk": 8, 
    "model": "catmaid.relationinstance", 
    "fields": {
      "project": 3, 
      "relation": 11, 
      "creation_time": "2011-09-04T07:53:41.243", 
      "user": 3, 
      "edition_time": "2011-09-04T07:53:41.243"
    }
  }, 
  {
    "pk": 12, 
    "model": "catmaid.relationinstance", 
    "fields": {
      "project": 3, 
      "relation": 11, 
      "creation_time": "2011-09-04T07:54:16.301", 
      "user": 3, 
      "edition_time": "2011-09-04T07:54:16.301"
    }
  }, 
  {
    "pk": 14, 
    "model": "catmaid.relationinstance", 
    "fields": {
      "project": 3, 
      "relation": 11, 
      "creation_time": "2011-09-04T07:54:24.528", 
      "user": 3, 
      "edition_time": "2011-09-04T07:54:24.528"
    }
  }, 
  {
    "pk": 16, 
    "model": "catmaid.relationinstance", 
    "fields": {
      "project": 3, 
      "relation": 11, 
      "creation_time": "2011-09-04T07:54:26.464", 
      "user": 3, 
      "edition_time": "2011-09-04T07:54:26.464"
    }
  }, 
  {
    "pk": 18, 
    "model": "catmaid.relationinstance", 
    "fields": {
      "project": 3, 
      "relation": 11, 
      "creation_time": "2011-09-04T07:54:28.523", 
      "user": 3, 
      "edition_time": "2011-09-04T07:54:28.523"
    }
  }, 
  {
    "pk": 238, 
    "model": "catmaid.relationinstance", 
    "fields": {
      "project": 3, 
      "relation": 11, 
      "creation_time": "2011-09-27T07:49:15.802", 
      "user": 3, 
      "edition_time": "2011-09-27T07:49:15.802"
    }
  }, 
  {
    "pk": 240, 
    "model": "catmaid.relationinstance", 
    "fields": {
      "project": 3, 
      "relation": 11, 
      "creation_time": "2011-09-27T07:49:16.553", 
      "user": 3, 
      "edition_time": "2011-09-27T07:49:16.553"
    }
  }, 
  {
    "pk": 242, 
    "model": "catmaid.relationinstance", 
    "fields": {
      "project": 3, 
      "relation": 11, 
      "creation_time": "2011-09-27T07:49:17.217", 
      "user": 3, 
      "edition_time": "2011-09-27T07:49:17.217"
    }
  }, 
  {
    "pk": 244, 
    "model": "catmaid.relationinstance", 
    "fields": {
      "project": 3, 
      "relation": 11, 
      "creation_time": "2011-09-27T07:49:17.660", 
      "user": 3, 
      "edition_time": "2011-09-27T07:49:17.660"
    }
  }, 
  {
    "pk": 246, 
    "model": "catmaid.relationinstance", 
    "fields": {
      "project": 3, 
      "relation": 11, 
      "creation_time": "2011-09-27T07:49:18.343", 
      "user": 3, 
      "edition_time": "2011-09-27T07:49:18.343"
    }
  }, 
  {
    "pk": 248, 
    "model": "catmaid.relationinstance", 
    "fields": {
      "project": 3, 
      "relation": 11, 
      "creation_time": "2011-09-27T07:49:19.012", 
      "user": 3, 
      "edition_time": "2011-09-27T07:49:19.012"
    }
  }, 
  {
    "pk": 250, 
    "model": "catmaid.relationinstance", 
    "fields": {
      "project": 3, 
      "relation": 11, 
      "creation_time": "2011-09-27T07:49:19.887", 
      "user": 3, 
      "edition_time": "2011-09-27T07:49:19.887"
    }
  }, 
  {
    "pk": 252, 
    "model": "catmaid.relationinstance", 
    "fields": {
      "project": 3, 
      "relation": 11, 
      "creation_time": "2011-09-27T07:49:20.514", 
      "user": 3, 
      "edition_time": "2011-09-27T07:49:20.514"
    }
  }, 
  {
    "pk": 254, 
    "model": "catmaid.relationinstance", 
    "fields": {
      "project": 3, 
      "relation": 11, 
      "creation_time": "2011-09-27T07:49:21.493", 
      "user": 3, 
      "edition_time": "2011-09-27T07:49:21.493"
    }
  }, 
  {
    "pk": 256, 
    "model": "catmaid.relationinstance", 
    "fields": {
      "project": 3, 
      "relation": 11, 
      "creation_time": "2011-09-27T07:49:22.835", 
      "user": 3, 
      "edition_time": "2011-09-27T07:49:22.835"
    }
  }, 
  {
    "pk": 258, 
    "model": "catmaid.relationinstance", 
    "fields": {
      "project": 3, 
      "relation": 11, 
      "creation_time": "2011-09-27T07:49:23.591", 
      "user": 3, 
      "edition_time": "2011-09-27T07:49:23.591"
    }
  }, 
  {
    "pk": 260, 
    "model": "catmaid.relationinstance", 
    "fields": {
      "project": 3, 
      "relation": 11, 
      "creation_time": "2011-09-27T07:49:24.879", 
      "user": 3, 
      "edition_time": "2011-09-27T07:49:24.879"
    }
  }, 
  {
    "pk": 262, 
    "model": "catmaid.relationinstance", 
    "fields": {
      "project": 3, 
      "relation": 11, 
      "creation_time": "2011-09-27T07:49:25.549", 
      "user": 3, 
      "edition_time": "2011-09-27T07:49:25.549"
    }
  }, 
  {
    "pk": 264, 
    "model": "catmaid.relationinstance", 
    "fields": {
      "project": 3, 
      "relation": 11, 
      "creation_time": "2011-09-27T07:49:27.637", 
      "user": 3, 
      "edition_time": "2011-09-27T07:49:27.637"
    }
  }, 
  {
    "pk": 266, 
    "model": "catmaid.relationinstance", 
    "fields": {
      "project": 3, 
      "relation": 11, 
      "creation_time": "2011-09-27T07:49:28.080", 
      "user": 3, 
      "edition_time": "2011-09-27T07:49:28.080"
    }
  }, 
  {
    "pk": 268, 
    "model": "catmaid.relationinstance", 
    "fields": {
      "project": 3, 
      "relation": 11, 
      "creation_time": "2011-09-27T07:49:28.515", 
      "user": 3, 
      "edition_time": "2011-09-27T07:49:28.515"
    }
  }, 
  {
    "pk": 270, 
    "model": "catmaid.relationinstance", 
    "fields": {
      "project": 3, 
      "relation": 11, 
      "creation_time": "2011-09-27T07:49:31.952", 
      "user": 3, 
      "edition_time": "2011-09-27T07:49:31.952"
    }
  }, 
  {
    "pk": 272, 
    "model": "catmaid.relationinstance", 
    "fields": {
      "project": 3, 
      "relation": 11, 
      "creation_time": "2011-09-27T07:49:32.376", 
      "user": 3, 
      "edition_time": "2011-09-27T07:49:32.376"
    }
  }, 
  {
    "pk": 274, 
    "model": "catmaid.relationinstance", 
    "fields": {
      "project": 3, 
      "relation": 11, 
      "creation_time": "2011-09-27T07:49:32.824", 
      "user": 3, 
      "edition_time": "2011-09-27T07:49:32.824"
    }
  }, 
  {
    "pk": 276, 
    "model": "catmaid.relationinstance", 
    "fields": {
      "project": 3, 
      "relation": 11, 
      "creation_time": "2011-09-27T07:49:33.254", 
      "user": 3, 
      "edition_time": "2011-09-27T07:49:33.254"
    }
  }, 
  {
    "pk": 278, 
    "model": "catmaid.relationinstance", 
    "fields": {
      "project": 3, 
      "relation": 11, 
      "creation_time": "2011-09-27T07:49:33.770", 
      "user": 3, 
      "edition_time": "2011-09-27T07:49:33.770"
    }
  }, 
  {
    "pk": 280, 
    "model": "catmaid.relationinstance", 
    "fields": {
      "project": 3, 
      "relation": 11, 
      "creation_time": "2011-09-27T07:49:35.689", 
      "user": 3, 
      "edition_time": "2011-09-27T07:49:35.689"
    }
  }, 
  {
    "pk": 282, 
    "model": "catmaid.relationinstance", 
    "fields": {
      "project": 3, 
      "relation": 11, 
      "creation_time": "2011-09-27T07:49:36.374", 
      "user": 3, 
      "edition_time": "2011-09-27T07:49:36.374"
    }
  }, 
  {
    "pk": 284, 
    "model": "catmaid.relationinstance", 
    "fields": {
      "project": 3, 
      "relation": 11, 
      "creation_time": "2011-09-27T07:49:36.843", 
      "user": 3, 
      "edition_time": "2011-09-27T07:49:36.843"
    }
  }, 
  {
    "pk": 286, 
    "model": "catmaid.relationinstance", 
    "fields": {
      "project": 3, 
      "relation": 11, 
      "creation_time": "2011-09-27T07:49:37.269", 
      "user": 3, 
      "edition_time": "2011-09-27T07:49:37.269"
    }
  }, 
  {
    "pk": 290, 
    "model": "catmaid.relationinstance", 
    "fields": {
      "project": 3, 
      "relation": 11, 
      "creation_time": "2011-09-27T07:49:38.607", 
      "user": 3, 
      "edition_time": "2011-09-27T07:49:38.607"
    }
  }, 
  {
    "pk": 294, 
    "model": "catmaid.relationinstance", 
    "fields": {
      "project": 3, 
      "relation": 11, 
      "creation_time": "2011-09-27T07:54:31.891", 
      "user": 3, 
      "edition_time": "2011-09-27T07:54:31.891"
    }
  }, 
  {
    "pk": 296, 
    "model": "catmaid.relationinstance", 
    "fields": {
      "project": 3, 
      "relation": 11, 
      "creation_time": "2011-09-27T07:54:33.793", 
      "user": 3, 
      "edition_time": "2011-09-27T07:54:33.793"
    }
  }, 
  {
    "pk": 298, 
    "model": "catmaid.relationinstance", 
    "fields": {
      "project": 3, 
      "relation": 11, 
      "creation_time": "2011-09-27T07:54:35.521", 
      "user": 3, 
      "edition_time": "2011-09-27T07:54:35.521"
    }
  }, 
  {
    "pk": 300, 
    "model": "catmaid.relationinstance", 
    "fields": {
      "project": 3, 
      "relation": 11, 
      "creation_time": "2011-09-27T07:54:37.211", 
      "user": 3, 
      "edition_time": "2011-09-27T07:54:37.211"
    }
  }, 
  {
    "pk": 302, 
    "model": "catmaid.relationinstance", 
    "fields": {
      "project": 3, 
      "relation": 11, 
      "creation_time": "2011-09-27T07:54:38.863", 
      "user": 3, 
      "edition_time": "2011-09-27T07:54:38.863"
    }
  }, 
  {
    "pk": 304, 
    "model": "catmaid.relationinstance", 
    "fields": {
      "project": 3, 
      "relation": 11, 
      "creation_time": "2011-09-27T07:54:40.603", 
      "user": 3, 
      "edition_time": "2011-09-27T07:54:40.603"
    }
  }, 
  {
    "pk": 306, 
    "model": "catmaid.relationinstance", 
    "fields": {
      "project": 3, 
      "relation": 11, 
      "creation_time": "2011-09-27T07:54:43.902", 
      "user": 3, 
      "edition_time": "2011-09-27T07:54:43.902"
    }
  }, 
  {
    "pk": 310, 
    "model": "catmaid.relationinstance", 
    "fields": {
      "project": 3, 
      "relation": 11, 
      "creation_time": "2011-09-27T07:55:15.319", 
      "user": 3, 
      "edition_time": "2011-09-27T07:55:15.319"
    }
  }, 
  {
    "pk": 312, 
    "model": "catmaid.relationinstance", 
    "fields": {
      "project": 3, 
      "relation": 11, 
      "creation_time": "2011-09-27T07:55:19.502", 
      "user": 3, 
      "edition_time": "2011-09-27T07:55:19.502"
    }
  }, 
  {
    "pk": 314, 
    "model": "catmaid.relationinstance", 
    "fields": {
      "project": 3, 
      "relation": 11, 
      "creation_time": "2011-09-27T07:55:21.329", 
      "user": 3, 
      "edition_time": "2011-09-27T07:55:21.329"
    }
  }, 
  {
    "pk": 316, 
    "model": "catmaid.relationinstance", 
    "fields": {
      "project": 3, 
      "relation": 11, 
      "creation_time": "2011-09-27T07:55:23.334", 
      "user": 3, 
      "edition_time": "2011-09-27T07:55:23.334"
    }
  }, 
  {
    "pk": 318, 
    "model": "catmaid.relationinstance", 
    "fields": {
      "project": 3, 
      "relation": 11, 
      "creation_time": "2011-09-27T07:55:25.134", 
      "user": 3, 
      "edition_time": "2011-09-27T07:55:25.134"
    }
  }, 
  {
    "pk": 320, 
    "model": "catmaid.relationinstance", 
    "fields": {
      "project": 3, 
      "relation": 11, 
      "creation_time": "2011-09-27T07:55:26.647", 
      "user": 3, 
      "edition_time": "2011-09-27T07:55:26.647"
    }
  }, 
  {
    "pk": 322, 
    "model": "catmaid.relationinstance", 
    "fields": {
      "project": 3, 
      "relation": 11, 
      "creation_time": "2011-09-27T07:55:28.081", 
      "user": 3, 
      "edition_time": "2011-09-27T07:55:28.081"
    }
  }, 
  {
    "pk": 324, 
    "model": "catmaid.relationinstance", 
    "fields": {
      "project": 3, 
      "relation": 11, 
      "creation_time": "2011-09-27T07:55:29.498", 
      "user": 3, 
      "edition_time": "2011-09-27T07:55:29.498"
    }
  }, 
  {
    "pk": 326, 
    "model": "catmaid.relationinstance", 
    "fields": {
      "project": 3, 
      "relation": 11, 
      "creation_time": "2011-09-27T07:55:30.721", 
      "user": 3, 
      "edition_time": "2011-09-27T07:55:30.721"
    }
  }, 
  {
    "pk": 336, 
    "model": "catmaid.relationinstance", 
    "fields": {
      "project": 3, 
      "relation": 11, 
      "creation_time": "2011-09-27T07:56:07.198", 
      "user": 3, 
      "edition_time": "2011-09-27T07:56:07.198"
    }
  }, 
  {
    "pk": 338, 
    "model": "catmaid.relationinstance", 
    "fields": {
      "project": 3, 
      "relation": 11, 
      "creation_time": "2011-09-27T07:56:10.196", 
      "user": 3, 
      "edition_time": "2011-09-27T07:56:10.196"
    }
  }, 
  {
    "pk": 340, 
    "model": "catmaid.relationinstance", 
    "fields": {
      "project": 3, 
      "relation": 11, 
      "creation_time": "2011-09-27T07:56:12.174", 
      "user": 3, 
      "edition_time": "2011-09-27T07:56:12.174"
    }
  }, 
  {
    "pk": 342, 
    "model": "catmaid.relationinstance", 
    "fields": {
      "project": 3, 
      "relation": 11, 
      "creation_time": "2011-09-27T07:56:14.347", 
      "user": 3, 
      "edition_time": "2011-09-27T07:56:14.347"
    }
  }, 
  {
    "pk": 344, 
    "model": "catmaid.relationinstance", 
    "fields": {
      "project": 3, 
      "relation": 11, 
      "creation_time": "2011-09-27T07:56:18.238", 
      "user": 3, 
      "edition_time": "2011-09-27T07:56:18.238"
    }
  }, 
  {
    "pk": 346, 
    "model": "catmaid.relationinstance", 
    "fields": {
      "project": 3, 
      "relation": 11, 
      "creation_time": "2011-09-27T07:56:19.960", 
      "user": 3, 
      "edition_time": "2011-09-27T07:56:19.960"
    }
  }, 
  {
    "pk": 348, 
    "model": "catmaid.relationinstance", 
    "fields": {
      "project": 3, 
      "relation": 11, 
      "creation_time": "2011-09-27T07:56:21.927", 
      "user": 3, 
      "edition_time": "2011-09-27T07:56:21.927"
    }
  }, 
  {
    "pk": 350, 
    "model": "catmaid.relationinstance", 
    "fields": {
      "project": 3, 
      "relation": 11, 
      "creation_time": "2011-09-27T07:56:24.082", 
      "user": 3, 
      "edition_time": "2011-09-27T07:56:24.082"
    }
  }, 
  {
    "pk": 353, 
    "model": "catmaid.relationinstance", 
    "fields": {
      "project": 3, 
      "relation": 35, 
      "creation_time": "2011-09-27T07:56:45.996", 
      "user": 3, 
      "edition_time": "2011-09-27T07:56:45.996"
    }
  }, 
  {
    "pk": 368, 
    "model": "catmaid.relationinstance", 
    "fields": {
      "project": 3, 
      "relation": 11, 
      "creation_time": "2011-09-27T07:57:17.808", 
      "user": 3, 
      "edition_time": "2011-09-27T07:57:17.808"
    }
  }, 
  {
    "pk": 378, 
    "model": "catmaid.relationinstance", 
    "fields": {
      "project": 3, 
      "relation": 11, 
      "creation_time": "2011-09-27T07:57:19.447", 
      "user": 3, 
      "edition_time": "2011-09-27T07:57:19.447"
    }
  }, 
  {
    "pk": 384, 
    "model": "catmaid.relationinstance", 
    "fields": {
      "project": 3, 
      "relation": 11, 
      "creation_time": "2011-09-27T07:57:24.747", 
      "user": 3, 
      "edition_time": "2011-09-27T07:57:24.747"
    }
  }, 
  {
    "pk": 386, 
    "model": "catmaid.relationinstance", 
    "fields": {
      "project": 3, 
      "relation": 11, 
      "creation_time": "2011-09-27T07:57:25.555", 
      "user": 3, 
      "edition_time": "2011-09-27T07:57:25.555"
    }
  }, 
  {
    "pk": 388, 
    "model": "catmaid.relationinstance", 
    "fields": {
      "project": 3, 
      "relation": 11, 
      "creation_time": "2011-09-27T07:57:26.310", 
      "user": 3, 
      "edition_time": "2011-09-27T07:57:26.310"
    }
  }, 
  {
    "pk": 392, 
    "model": "catmaid.relationinstance", 
    "fields": {
      "project": 3, 
      "relation": 11, 
      "creation_time": "2011-09-27T07:57:34.626", 
      "user": 3, 
      "edition_time": "2011-09-27T07:57:34.626"
    }
  }, 
  {
    "pk": 394, 
    "model": "catmaid.relationinstance", 
    "fields": {
      "project": 3, 
      "relation": 11, 
      "creation_time": "2011-09-27T07:57:35.676", 
      "user": 3, 
      "edition_time": "2011-09-27T07:57:35.676"
    }
  }, 
  {
    "pk": 396, 
    "model": "catmaid.relationinstance", 
    "fields": {
      "project": 3, 
      "relation": 11, 
      "creation_time": "2011-09-27T07:57:36.318", 
      "user": 3, 
      "edition_time": "2011-09-27T07:57:36.318"
    }
  }, 
  {
    "pk": 398, 
    "model": "catmaid.relationinstance", 
    "fields": {
      "project": 3, 
      "relation": 11, 
      "creation_time": "2011-09-27T07:57:36.995", 
      "user": 3, 
      "edition_time": "2011-09-27T07:57:36.995"
    }
  }, 
  {
    "pk": 400, 
    "model": "catmaid.relationinstance", 
    "fields": {
      "project": 3, 
      "relation": 11, 
      "creation_time": "2011-09-27T07:57:37.518", 
      "user": 3, 
      "edition_time": "2011-09-27T07:57:37.518"
    }
  }, 
  {
    "pk": 404, 
    "model": "catmaid.relationinstance", 
    "fields": {
      "project": 3, 
      "relation": 11, 
      "creation_time": "2011-09-27T07:57:55.026", 
      "user": 3, 
      "edition_time": "2011-09-27T07:57:55.026"
    }
  }, 
  {
    "pk": 406, 
    "model": "catmaid.relationinstance", 
    "fields": {
      "project": 3, 
      "relation": 11, 
      "creation_time": "2011-09-27T07:57:57.310", 
      "user": 3, 
      "edition_time": "2011-09-27T07:57:57.310"
    }
  }, 
  {
    "pk": 408, 
    "model": "catmaid.relationinstance", 
    "fields": {
      "project": 3, 
      "relation": 11, 
      "creation_time": "2011-09-27T07:57:57.976", 
      "user": 3, 
      "edition_time": "2011-09-27T07:57:57.976"
    }
  }, 
  {
    "pk": 410, 
    "model": "catmaid.relationinstance", 
    "fields": {
      "project": 3, 
      "relation": 11, 
      "creation_time": "2011-09-27T07:57:58.454", 
      "user": 3, 
      "edition_time": "2011-09-27T07:57:58.454"
    }
  }, 
  {
    "pk": 416, 
    "model": "catmaid.relationinstance", 
    "fields": {
      "project": 3, 
      "relation": 11, 
      "creation_time": "2011-10-07T07:02:13.511", 
      "user": 3, 
      "edition_time": "2011-10-07T07:02:13.511"
    }
  }, 
  {
    "pk": 418, 
    "model": "catmaid.relationinstance", 
    "fields": {
      "project": 3, 
      "relation": 11, 
      "creation_time": "2011-10-07T07:02:15.176", 
      "user": 3, 
      "edition_time": "2011-10-07T07:02:15.176"
    }
  }, 
  {
    "pk": 2341, 
    "model": "catmaid.relationinstance", 
    "fields": {
      "project": 3, 
      "relation": 35, 
      "creation_time": "2011-10-31T05:21:43.998", 
      "user": 3, 
      "edition_time": "2011-10-31T05:21:43.998"
    }
  }, 
  {
    "pk": 2357, 
    "model": "catmaid.relationinstance", 
    "fields": {
      "project": 3, 
      "relation": 35, 
      "creation_time": "2011-10-31T05:25:15.462", 
      "user": 3, 
      "edition_time": "2011-10-31T05:25:15.462"
    }
  }, 
  {
    "pk": 2369, 
    "model": "catmaid.relationinstance", 
    "fields": {
      "project": 3, 
      "relation": 11, 
      "creation_time": "2011-11-01T12:54:42.122", 
      "user": 2, 
      "edition_time": "2011-11-01T12:54:42.122"
    }
  }, 
  {
    "pk": 2371, 
    "model": "catmaid.relationinstance", 
    "fields": {
      "project": 3, 
      "relation": 11, 
      "creation_time": "2011-11-01T12:54:43.555", 
      "user": 2, 
      "edition_time": "2011-11-01T12:54:43.555"
    }
  }, 
  {
    "pk": 2373, 
    "model": "catmaid.relationinstance", 
    "fields": {
      "project": 3, 
      "relation": 11, 
      "creation_time": "2011-11-01T12:54:44.436", 
      "user": 2, 
      "edition_time": "2011-11-01T12:54:44.436"
    }
  }, 
  {
    "pk": 2375, 
    "model": "catmaid.relationinstance", 
    "fields": {
      "project": 3, 
      "relation": 11, 
      "creation_time": "2011-11-01T12:54:45.793", 
      "user": 2, 
      "edition_time": "2011-11-01T12:54:45.793"
    }
  }, 
  {
    "pk": 2377, 
    "model": "catmaid.relationinstance", 
    "fields": {
      "project": 3, 
      "relation": 11, 
      "creation_time": "2011-11-01T12:54:47.472", 
      "user": 2, 
      "edition_time": "2011-11-01T12:54:47.472"
    }
  }, 
  {
    "pk": 2379, 
    "model": "catmaid.relationinstance", 
    "fields": {
      "project": 3, 
      "relation": 11, 
      "creation_time": "2011-11-01T12:54:48.503", 
      "user": 2, 
      "edition_time": "2011-11-01T12:54:48.503"
    }
  }, 
  {
    "pk": 2393, 
    "model": "catmaid.relationinstance", 
    "fields": {
      "project": 3, 
      "relation": 11, 
      "creation_time": "2011-12-09T08:01:37.575", 
      "user": 3, 
      "edition_time": "2011-12-09T08:01:37.575"
    }
  }, 
  {
    "pk": 2395, 
    "model": "catmaid.relationinstance", 
    "fields": {
      "project": 3, 
      "relation": 11, 
      "creation_time": "2011-12-09T08:01:39.388", 
      "user": 3, 
      "edition_time": "2011-12-09T08:01:39.388"
    }
  }, 
  {
    "pk": 2397, 
    "model": "catmaid.relationinstance", 
    "fields": {
      "project": 3, 
      "relation": 11, 
      "creation_time": "2011-12-09T08:01:40.583", 
      "user": 3, 
      "edition_time": "2011-12-09T08:01:40.583"
    }
  }, 
  {
    "pk": 2416, 
    "model": "catmaid.relationinstance", 
    "fields": {
      "project": 3, 
      "relation": 11, 
      "creation_time": "2011-12-09T08:01:59.149", 
      "user": 3, 
      "edition_time": "2011-12-09T08:01:59.149"
    }
  }, 
  {
    "pk": 2418, 
    "model": "catmaid.relationinstance", 
    "fields": {
      "project": 3, 
      "relation": 11, 
      "creation_time": "2011-12-09T08:02:00.466", 
      "user": 3, 
      "edition_time": "2011-12-09T08:02:00.466"
    }
  }, 
  {
    "pk": 2420, 
    "model": "catmaid.relationinstance", 
    "fields": {
      "project": 3, 
      "relation": 11, 
      "creation_time": "2011-12-09T08:02:01.614", 
      "user": 3, 
      "edition_time": "2011-12-09T08:02:01.614"
    }
  }, 
  {
    "pk": 2424, 
    "model": "catmaid.relationinstance", 
    "fields": {
      "project": 3, 
      "relation": 11, 
      "creation_time": "2011-12-09T08:02:11.175", 
      "user": 3, 
      "edition_time": "2011-12-09T08:02:11.175"
    }
  }, 
  {
    "pk": 2438, 
    "model": "catmaid.relationinstance", 
    "fields": {
      "project": 3, 
      "relation": 11, 
      "creation_time": "2012-07-22T16:50:57.758", 
      "user": 3, 
      "edition_time": "2012-07-22T16:50:57.758"
    }
  }, 
  {
    "pk": 2445, 
    "model": "catmaid.relationinstance", 
    "fields": {
      "project": 3, 
      "relation": 11, 
      "creation_time": "2012-07-22T19:12:54.541", 
      "user": 3, 
      "edition_time": "2012-07-22T19:12:54.541"
    }
  }, 
  {
    "pk": 2448, 
    "model": "catmaid.relationinstance", 
    "fields": {
      "project": 3, 
      "relation": 11, 
      "creation_time": "2012-07-22T19:13:08.185", 
      "user": 3, 
      "edition_time": "2012-07-22T19:13:08.185"
    }
  }, 
  {
    "pk": 2450, 
    "model": "catmaid.relationinstance", 
    "fields": {
      "project": 3, 
      "relation": 11, 
      "creation_time": "2012-07-22T19:13:26.149", 
      "user": 3, 
      "edition_time": "2012-07-22T19:13:26.149"
    }
  }, 
  {
    "pk": 2456, 
    "model": "catmaid.relationinstance", 
    "fields": {
      "project": 3, 
      "relation": 11, 
      "creation_time": "2012-07-22T19:15:24.010", 
      "user": 3, 
      "edition_time": "2012-07-22T19:15:24.010"
    }
  }, 
  {
    "pk": 360, 
    "model": "catmaid.relationinstance", 
    "fields": {
      "project": 3, 
      "relation": 23, 
      "creation_time": "2011-09-27T07:57:15.967", 
      "user": 3, 
      "edition_time": "2011-12-20T10:46:01.360"
    }
  }, 
  {
    "pk": 372, 
    "model": "catmaid.relationinstance", 
    "fields": {
      "project": 3, 
      "relation": 24, 
      "creation_time": "2011-09-27T07:57:18.175", 
      "user": 3, 
      "edition_time": "2011-12-20T10:46:01.360"
    }
  }, 
  {
    "pk": 382, 
    "model": "catmaid.relationinstance", 
    "fields": {
      "project": 3, 
      "relation": 24, 
      "creation_time": "2011-09-27T07:57:19.797", 
      "user": 3, 
      "edition_time": "2011-12-20T10:46:01.360"
    }
  }, 
  {
    "pk": 425, 
    "model": "catmaid.relationinstance", 
    "fields": {
      "project": 3, 
      "relation": 23, 
      "creation_time": "2011-10-07T07:02:22.656", 
      "user": 3, 
      "edition_time": "2011-12-20T10:46:01.360"
    }
  }, 
  {
    "pk": 429, 
    "model": "catmaid.relationinstance", 
    "fields": {
      "project": 3, 
      "relation": 24, 
      "creation_time": "2011-10-07T07:02:29.728", 
      "user": 3, 
      "edition_time": "2011-12-20T10:46:01.360"
    }
  }, 
  {
    "pk": 437, 
    "model": "catmaid.relationinstance", 
    "fields": {
      "project": 3, 
      "relation": 23, 
      "creation_time": "2011-10-11T10:49:08.042", 
      "user": 3, 
      "edition_time": "2011-12-20T10:46:01.360"
    }
  }, 
  {
    "pk": 2405, 
    "model": "catmaid.relationinstance", 
    "fields": {
      "project": 3, 
      "relation": 23, 
      "creation_time": "2011-12-09T08:01:43.965", 
      "user": 3, 
      "edition_time": "2011-12-20T10:46:01.360"
    }
  }, 
  {
    "pk": 2410, 
    "model": "catmaid.relationinstance", 
    "fields": {
      "project": 3, 
      "relation": 24, 
      "creation_time": "2011-12-09T08:01:48.525", 
      "user": 3, 
      "edition_time": "2011-12-20T10:46:01.360"
    }
  }, 
  {
    "pk": 2429, 
    "model": "catmaid.relationinstance", 
    "fields": {
      "project": 3, 
      "relation": 23, 
      "creation_time": "2011-12-09T08:02:16.949", 
      "user": 3, 
      "edition_time": "2011-12-20T10:46:01.360"
    }
  }, 
  {
    "pk": 3, 
    "model": "catmaid.classinstanceclassinstance", 
    "fields": {
      "class_instance_b": 2, 
      "class_instance_a": 1, 
      "creation_time": "2011-09-04T07:53:41.243", 
      "edition_time": "2011-09-04T07:53:41.243", 
      "project": 3, 
      "relation": 10, 
      "user": 3
    }
  }, 
  {
    "pk": 5, 
    "model": "catmaid.classinstanceclassinstance", 
    "fields": {
      "class_instance_b": 2323, 
      "class_instance_a": 4, 
      "creation_time": "2011-09-04T07:53:41.243", 
      "edition_time": "2011-09-04T07:53:41.243", 
      "project": 3, 
      "relation": 9, 
      "user": 3
    }
  }, 
  {
    "pk": 6, 
    "model": "catmaid.classinstanceclassinstance", 
    "fields": {
      "class_instance_b": 4, 
      "class_instance_a": 2, 
      "creation_time": "2011-09-04T07:53:41.243", 
      "edition_time": "2011-09-04T07:53:41.243", 
      "project": 3, 
      "relation": 9, 
      "user": 3
    }
  }, 
  {
    "pk": 232, 
    "model": "catmaid.classinstanceclassinstance", 
    "fields": {
      "class_instance_b": 2323, 
      "class_instance_a": 231, 
      "creation_time": "2011-09-27T07:48:43.167", 
      "edition_time": "2011-09-27T07:48:43.167", 
      "project": 3, 
      "relation": 9, 
      "user": 3
    }
  }, 
  {
    "pk": 234, 
    "model": "catmaid.classinstanceclassinstance", 
    "fields": {
      "class_instance_b": 231, 
      "class_instance_a": 233, 
      "creation_time": "2011-09-27T07:48:58.901", 
      "edition_time": "2011-09-27T07:48:58.901", 
      "project": 3, 
      "relation": 9, 
      "user": 3
    }
  }, 
  {
    "pk": 236, 
    "model": "catmaid.classinstanceclassinstance", 
    "fields": {
      "class_instance_b": 233, 
      "class_instance_a": 235, 
      "creation_time": "2011-09-27T07:49:15.802", 
      "edition_time": "2011-09-27T07:49:15.802", 
      "project": 3, 
      "relation": 10, 
      "user": 3
    }
  }, 
  {
    "pk": 363, 
    "model": "catmaid.classinstanceclassinstance", 
    "fields": {
      "class_instance_b": 362, 
      "class_instance_a": 361, 
      "creation_time": "2011-09-27T07:57:17.808", 
      "edition_time": "2011-09-27T07:57:17.808", 
      "project": 3, 
      "relation": 10, 
      "user": 3
    }
  }, 
  {
    "pk": 365, 
    "model": "catmaid.classinstanceclassinstance", 
    "fields": {
      "class_instance_b": 2323, 
      "class_instance_a": 364, 
      "creation_time": "2011-09-27T07:57:17.808", 
      "edition_time": "2011-09-27T07:57:17.808", 
      "project": 3, 
      "relation": 9, 
      "user": 3
    }
  }, 
  {
    "pk": 366, 
    "model": "catmaid.classinstanceclassinstance", 
    "fields": {
      "class_instance_b": 364, 
      "class_instance_a": 362, 
      "creation_time": "2011-09-27T07:57:17.808", 
      "edition_time": "2011-09-27T07:57:17.808", 
      "project": 3, 
      "relation": 9, 
      "user": 3
    }
  }, 
  {
    "pk": 375, 
    "model": "catmaid.classinstanceclassinstance", 
    "fields": {
      "class_instance_b": 374, 
      "class_instance_a": 373, 
      "creation_time": "2011-09-27T07:57:19.447", 
      "edition_time": "2011-09-27T07:57:19.447", 
      "project": 3, 
      "relation": 10, 
      "user": 3
    }
  }, 
  {
    "pk": 376, 
    "model": "catmaid.classinstanceclassinstance", 
    "fields": {
      "class_instance_b": 364, 
      "class_instance_a": 374, 
      "creation_time": "2011-09-27T07:57:19.447", 
      "edition_time": "2011-09-27T07:57:19.447", 
      "project": 3, 
      "relation": 9, 
      "user": 3
    }
  }, 
  {
    "pk": 459, 
    "model": "catmaid.classinstanceclassinstance", 
    "fields": {
      "class_instance_b": 233, 
      "class_instance_a": 458, 
      "creation_time": "2011-10-12T05:45:38.932", 
      "edition_time": "2011-10-12T05:45:38.932", 
      "project": 3, 
      "relation": 413, 
      "user": 3
    }
  }, 
  {
    "pk": 467, 
    "model": "catmaid.classinstanceclassinstance", 
    "fields": {
      "class_instance_b": 362, 
      "class_instance_a": 462, 
      "creation_time": "2011-10-12T14:41:38.786", 
      "edition_time": "2011-10-12T14:41:38.786", 
      "project": 3, 
      "relation": 413, 
      "user": 3
    }
  }, 
  {
    "pk": 486, 
    "model": "catmaid.classinstanceclassinstance", 
    "fields": {
      "class_instance_b": 485, 
      "class_instance_a": 233, 
      "creation_time": "2011-10-14T05:01:47.280", 
      "edition_time": "2011-10-14T05:01:47.280", 
      "project": 3, 
      "relation": 414, 
      "user": 3
    }
  }, 
  {
    "pk": 488, 
    "model": "catmaid.classinstanceclassinstance", 
    "fields": {
      "class_instance_b": 487, 
      "class_instance_a": 374, 
      "creation_time": "2011-10-14T05:02:09.976", 
      "edition_time": "2011-10-14T05:02:09.976", 
      "project": 3, 
      "relation": 414, 
      "user": 3
    }
  }, 
  {
    "pk": 514, 
    "model": "catmaid.classinstanceclassinstance", 
    "fields": {
      "class_instance_b": 374, 
      "class_instance_a": 462, 
      "creation_time": "2011-10-28T04:57:18.966", 
      "edition_time": "2011-10-28T04:57:18.966", 
      "project": 3, 
      "relation": 413, 
      "user": 3
    }
  }, 
  {
    "pk": 2366, 
    "model": "catmaid.classinstanceclassinstance", 
    "fields": {
      "class_instance_b": 2365, 
      "class_instance_a": 2364, 
      "creation_time": "2011-11-01T12:54:42.122", 
      "edition_time": "2011-11-01T12:54:42.122", 
      "project": 3, 
      "relation": 10, 
      "user": 2
    }
  }, 
  {
    "pk": 2367, 
    "model": "catmaid.classinstanceclassinstance", 
    "fields": {
      "class_instance_b": 4, 
      "class_instance_a": 2365, 
      "creation_time": "2011-11-01T12:54:42.122", 
      "edition_time": "2011-11-01T12:54:42.122", 
      "project": 3, 
      "relation": 9, 
      "user": 2
    }
  }, 
  {
    "pk": 2383, 
    "model": "catmaid.classinstanceclassinstance", 
    "fields": {
      "class_instance_b": 4, 
      "class_instance_a": 2381, 
      "creation_time": "2011-11-26T05:35:22.961", 
      "edition_time": "2011-11-26T05:35:22.961", 
      "project": 3, 
      "relation": 9, 
      "user": 3
    }
  }, 
  {
    "pk": 2390, 
    "model": "catmaid.classinstanceclassinstance", 
    "fields": {
      "class_instance_b": 2389, 
      "class_instance_a": 2388, 
      "creation_time": "2011-12-09T08:01:37.575", 
      "edition_time": "2011-12-09T08:01:37.575", 
      "project": 3, 
      "relation": 10, 
      "user": 3
    }
  }, 
  {
    "pk": 2391, 
    "model": "catmaid.classinstanceclassinstance", 
    "fields": {
      "class_instance_b": 4, 
      "class_instance_a": 2389, 
      "creation_time": "2011-12-09T08:01:37.575", 
      "edition_time": "2011-12-09T08:01:37.575", 
      "project": 3, 
      "relation": 9, 
      "user": 3
    }
  }, 
  {
    "pk": 2413, 
    "model": "catmaid.classinstanceclassinstance", 
    "fields": {
      "class_instance_b": 2412, 
      "class_instance_a": 2411, 
      "creation_time": "2011-12-09T08:01:59.149", 
      "edition_time": "2011-12-09T08:01:59.149", 
      "project": 3, 
      "relation": 10, 
      "user": 3
    }
  }, 
  {
    "pk": 2414, 
    "model": "catmaid.classinstanceclassinstance", 
    "fields": {
      "class_instance_b": 4, 
      "class_instance_a": 2412, 
      "creation_time": "2011-12-09T08:01:59.149", 
      "edition_time": "2011-12-09T08:01:59.149", 
      "project": 3, 
      "relation": 9, 
      "user": 3
    }
  }, 
  {
    "pk": 2435, 
    "model": "catmaid.classinstanceclassinstance", 
    "fields": {
      "class_instance_b": 2434, 
      "class_instance_a": 2433, 
      "creation_time": "2012-07-22T16:50:57.758", 
      "edition_time": "2012-07-22T16:50:57.758", 
      "project": 3, 
      "relation": 10, 
      "user": 3
    }
  }, 
  {
    "pk": 2436, 
    "model": "catmaid.classinstanceclassinstance", 
    "fields": {
      "class_instance_b": 4, 
      "class_instance_a": 2434, 
      "creation_time": "2012-07-22T16:50:57.758", 
      "edition_time": "2012-07-22T16:50:57.758", 
      "project": 3, 
      "relation": 9, 
      "user": 3
    }
  }, 
  {
    "pk": 2442, 
    "model": "catmaid.classinstanceclassinstance", 
    "fields": {
      "class_instance_b": 2441, 
      "class_instance_a": 2440, 
      "creation_time": "2012-07-22T19:12:54.541", 
      "edition_time": "2012-07-22T19:12:54.541", 
      "project": 3, 
      "relation": 10, 
      "user": 3
    }
  }, 
  {
    "pk": 2443, 
    "model": "catmaid.classinstanceclassinstance", 
    "fields": {
      "class_instance_b": 4, 
      "class_instance_a": 2441, 
      "creation_time": "2012-07-22T19:12:54.541", 
      "edition_time": "2012-07-22T19:12:54.541", 
      "project": 3, 
      "relation": 9, 
      "user": 3
    }
  }, 
  {
    "pk": 2453, 
    "model": "catmaid.classinstanceclassinstance", 
    "fields": {
      "class_instance_b": 2452, 
      "class_instance_a": 2451, 
      "creation_time": "2012-07-22T19:15:24.010", 
      "edition_time": "2012-07-22T19:15:24.010", 
      "project": 3, 
      "relation": 10, 
      "user": 3
    }
  }, 
  {
    "pk": 2454, 
    "model": "catmaid.classinstanceclassinstance", 
    "fields": {
      "class_instance_b": 4, 
      "class_instance_a": 2452, 
      "creation_time": "2012-07-22T19:15:24.010", 
      "edition_time": "2012-07-22T19:15:24.010", 
      "project": 3, 
      "relation": 9, 
      "user": 3
    }
  }, 
  {
    "pk": 1, 
    "model": "catmaid.textlabel", 
    "fields": {
      "scaling": true, 
      "font_style": "bold", 
      "font_size": 160.0, 
      "deleted": false, 
      "text": "World.", 
      "colour": "(1.000, 0.498, 0.000, 1.000)", 
      "creation_time": "2012-08-01T21:05:39.457", 
      "edition_time": "2012-08-01T21:06:08.930", 
      "project": 3, 
      "type": "text", 
      "font_name": null
    }
  }, 
  {
    "pk": 2, 
    "model": "catmaid.textlabel", 
    "fields": {
      "scaling": true, 
      "font_style": "bold", 
      "font_size": 160.0, 
      "deleted": false, 
      "text": "Helo.", 
      "colour": "(1.000, 0.498, 0.000, 1.000)", 
      "creation_time": "2012-08-01T21:05:51.030", 
      "edition_time": "2012-08-01T21:06:18.351", 
      "project": 3, 
      "type": "text", 
      "font_name": null
    }
  }, 
  {
    "pk": 1, 
    "model": "catmaid.textlabellocation", 
    "fields": {
      "deleted": false, 
      "textlabel": 1, 
      "location": "(3155.000, 1775.000, 27.000)"
    }
  }, 
  {
    "pk": 2, 
    "model": "catmaid.textlabellocation", 
    "fields": {
      "deleted": false, 
      "textlabel": 2, 
      "location": "(2345.000, 1785.000, 27.000)"
    }
  }, 
  {
    "pk": 356, 
    "model": "catmaid.location", 
    "fields": {
      "creation_time": "2011-09-27T07:57:15.967", 
      "edition_time": "2011-10-27T10:45:09.870", 
      "project": 3, 
      "location_x": 6730.000,
      "location_y": 2700.000,
      "location_z": 0.000,
      "editor": 3,
      "user": 3
    }
  }, 
  {
    "pk": 421, 
    "model": "catmaid.location", 
    "fields": {
      "creation_time": "2011-10-07T07:02:22.656", 
      "edition_time": "2011-10-07T07:02:30.396", 
      "project": 3, 
      "location_x": 6260.000,
      "location_y": 3990.000,
      "location_z": 0.000,
      "editor": 3,
      "user": 3
    }
  }, 
  {
    "pk": 432, 
    "model": "catmaid.location", 
    "fields": {
      "creation_time": "2011-10-11T10:49:08.042", 
      "edition_time": "2011-10-31T05:22:37.263", 
      "project": 3, 
      "location_x": 2640.000,
      "location_y": 3450.000,
      "location_z": 0.000,
      "editor": 3,
      "user": 3
    }
  }, 
  {
    "pk": 2400, 
    "model": "catmaid.location", 
    "fields": {
      "creation_time": "2011-12-09T08:01:43.965", 
      "edition_time": "2011-12-09T08:01:43.965", 
      "project": 3, 
      "location_x": 3400.000,
      "location_y": 5620.000,
      "location_z": 0.000,
      "editor": 3,
      "user": 3
    }
  }, 
  {
    "pk": 2458, 
    "model": "catmaid.location", 
    "fields": {
      "creation_time": "2012-07-23T21:54:02.486", 
      "edition_time": "2012-07-23T21:54:02.486", 
      "project": 3, 
      "location_x": 5870.000,
      "location_y": 3460.000,
      "location_z": 243.000,
      "editor": 3,
      "user": 3
    }
  }, 
  {
    "pk": 7, 
    "model": "catmaid.location", 
    "fields": {
      "creation_time": "2011-09-04T07:53:41.243", 
      "edition_time": "2011-12-05T13:51:36.955", 
      "project": 3, 
      "location_x": 3590.000,
      "location_y": 3240.000,
      "location_z": 0.000,
      "editor": 3,
      "user": 3
    }
  }, 
  {
    "pk": 11, 
    "model": "catmaid.location", 
    "fields": {
      "creation_time": "2011-09-04T07:54:16.301", 
      "edition_time": "2011-12-05T13:51:36.955", 
      "project": 3, 
      "location_x": 3600.000,
      "location_y": 3250.000,
      "location_z": 9.000,
      "editor": 3,
      "user": 3
    }
  }, 
  {
    "pk": 13, 
    "model": "catmaid.location", 
    "fields": {
      "creation_time": "2011-09-04T07:54:24.528", 
      "edition_time": "2011-12-05T13:51:36.955", 
      "project": 3, 
      "location_x": 3600.000,
      "location_y": 3250.000,
      "location_z": 18.000,
      "editor": 3,
      "user": 3
    }
  }, 
  {
    "pk": 15, 
    "model": "catmaid.location", 
    "fields": {
      "creation_time": "2011-09-04T07:54:26.464", 
      "edition_time": "2011-12-05T13:51:36.955", 
      "project": 3, 
      "location_x": 3590.000,
      "location_y": 3250.000,
      "location_z": 27.000,
      "editor": 3,
      "user": 3
    }
  }, 
  {
    "pk": 17, 
    "model": "catmaid.location", 
    "fields": {
      "creation_time": "2011-09-04T07:54:28.523", 
      "edition_time": "2011-12-05T13:51:36.955", 
      "project": 3, 
      "location_x": 3590.000,
      "location_y": 3250.000,
      "location_z": 36.000,
      "editor": 3,
      "user": 3
    }
  }, 
  {
    "pk": 237, 
    "model": "catmaid.location", 
    "fields": {
      "creation_time": "2011-09-27T07:49:15.802", 
      "edition_time": "2011-12-05T13:51:36.955", 
      "project": 3, 
      "location_x": 1065.000,
      "location_y": 3035.000,
      "location_z": 0.000,
      "editor": 3,
      "user": 3
    }
  }, 
  {
    "pk": 239, 
    "model": "catmaid.location", 
    "fields": {
      "creation_time": "2011-09-27T07:49:16.553", 
      "edition_time": "2011-12-05T13:51:36.955", 
      "project": 3, 
      "location_x": 1135.000,
      "location_y": 2800.000,
      "location_z": 0.000,
      "editor": 3,
      "user": 3
    }
  }, 
  {
    "pk": 241, 
    "model": "catmaid.location", 
    "fields": {
      "creation_time": "2011-09-27T07:49:17.217", 
      "edition_time": "2011-12-05T13:51:36.955", 
      "project": 3, 
      "location_x": 1340.000,
      "location_y": 2660.000,
      "location_z": 0.000,
      "editor": 3,
      "user": 3
    }
  }, 
  {
    "pk": 243, 
    "model": "catmaid.location", 
    "fields": {
      "creation_time": "2011-09-27T07:49:17.660", 
      "edition_time": "2011-12-05T13:51:36.955", 
      "project": 3, 
      "location_x": 1780.000,
      "location_y": 2570.000,
      "location_z": 0.000,
      "editor": 3,
      "user": 3
    }
  }, 
  {
    "pk": 245, 
    "model": "catmaid.location", 
    "fields": {
      "creation_time": "2011-09-27T07:49:18.343", 
      "edition_time": "2011-12-05T13:51:36.955", 
      "project": 3, 
      "location_x": 1970.000,
      "location_y": 2595.000,
      "location_z": 0.000,
      "editor": 3,
      "user": 3
    }
  }, 
  {
    "pk": 247, 
    "model": "catmaid.location", 
    "fields": {
      "creation_time": "2011-09-27T07:49:19.012", 
      "edition_time": "2011-12-05T13:51:36.955", 
      "project": 3, 
      "location_x": 2610.000,
      "location_y": 2700.000,
      "location_z": 0.000,
      "editor": 3,
      "user": 3
    }
  }, 
  {
    "pk": 249, 
    "model": "catmaid.location", 
    "fields": {
      "creation_time": "2011-09-27T07:49:19.887", 
      "edition_time": "2011-12-05T13:51:36.955", 
      "project": 3, 
      "location_x": 2815.000,
      "location_y": 2590.000,
      "location_z": 0.000,
      "editor": 3,
      "user": 3
    }
  }, 
  {
    "pk": 251, 
    "model": "catmaid.location", 
    "fields": {
      "creation_time": "2011-09-27T07:49:20.514", 
      "edition_time": "2011-12-05T13:51:36.955", 
      "project": 3, 
      "location_x": 3380.000,
      "location_y": 2330.000,
      "location_z": 0.000,
      "editor": 3,
      "user": 3
    }
  }, 
  {
    "pk": 253, 
    "model": "catmaid.location", 
    "fields": {
      "creation_time": "2011-09-27T07:49:21.493", 
      "edition_time": "2011-12-05T13:51:36.955", 
      "project": 3, 
      "location_x": 3685.000,
      "location_y": 2160.000,
      "location_z": 0.000,
      "editor": 3,
      "user": 3
    }
  }, 
  {
    "pk": 255, 
    "model": "catmaid.location", 
    "fields": {
      "creation_time": "2011-09-27T07:49:22.835", 
      "edition_time": "2011-12-05T13:51:36.955", 
      "project": 3, 
      "location_x": 3850.000,
      "location_y": 1790.000,
      "location_z": 0.000,
      "editor": 3,
      "user": 3
    }
  }, 
  {
    "pk": 257, 
    "model": "catmaid.location", 
    "fields": {
      "creation_time": "2011-09-27T07:49:23.591", 
      "edition_time": "2011-12-05T13:51:36.955", 
      "project": 3, 
      "location_x": 3825.000,
      "location_y": 1480.000,
      "location_z": 0.000,
      "editor": 3,
      "user": 3
    }
  }, 
  {
    "pk": 259, 
    "model": "catmaid.location", 
    "fields": {
      "creation_time": "2011-09-27T07:49:24.879", 
      "edition_time": "2011-12-05T13:51:36.955", 
      "project": 3, 
      "location_x": 3445.000,
      "location_y": 1385.000,
      "location_z": 0.000,
      "editor": 3,
      "user": 3
    }
  }, 
  {
    "pk": 261, 
    "model": "catmaid.location", 
    "fields": {
      "creation_time": "2011-09-27T07:49:25.549", 
      "edition_time": "2011-12-05T13:51:36.955", 
      "project": 3, 
      "location_x": 2820.000,
      "location_y": 1345.000,
      "location_z": 0.000,
      "editor": 3,
      "user": 3
    }
  }, 
  {
    "pk": 263, 
    "model": "catmaid.location", 
    "fields": {
      "creation_time": "2011-09-27T07:49:27.637", 
      "edition_time": "2011-12-05T13:51:36.955", 
      "project": 3, 
      "location_x": 3915.000,
      "location_y": 2105.000,
      "location_z": 0.000,
      "editor": 3,
      "user": 3
    }
  }, 
  {
    "pk": 265, 
    "model": "catmaid.location", 
    "fields": {
      "creation_time": "2011-09-27T07:49:28.080", 
      "edition_time": "2011-12-05T13:51:36.955", 
      "project": 3, 
      "location_x": 4570.000,
      "location_y": 2125.000,
      "location_z": 0.000,
      "editor": 3,
      "user": 3
    }
  }, 
  {
    "pk": 267, 
    "model": "catmaid.location", 
    "fields": {
      "creation_time": "2011-09-27T07:49:28.515", 
      "edition_time": "2011-12-05T13:51:36.955", 
      "project": 3, 
      "location_x": 5400.000,
      "location_y": 2200.000,
      "location_z": 0.000,
      "editor": 3,
      "user": 3
    }
  }, 
  {
    "pk": 269, 
    "model": "catmaid.location", 
    "fields": {
      "creation_time": "2011-09-27T07:49:31.952", 
      "edition_time": "2011-12-05T13:51:36.955", 
      "project": 3, 
      "location_x": 4820.000,
      "location_y": 1900.000,
      "location_z": 0.000,
      "editor": 3,
      "user": 3
    }
  }, 
  {
    "pk": 271, 
    "model": "catmaid.location", 
    "fields": {
      "creation_time": "2011-09-27T07:49:32.376", 
      "edition_time": "2011-12-05T13:51:36.955", 
      "project": 3, 
      "location_x": 5090.000,
      "location_y": 1675.000,
      "location_z": 0.000,
      "editor": 3,
      "user": 3
    }
  }, 
  {
    "pk": 273, 
    "model": "catmaid.location", 
    "fields": {
      "creation_time": "2011-09-27T07:49:32.824", 
      "edition_time": "2011-12-05T13:51:36.955", 
      "project": 3, 
      "location_x": 5265.000,
      "location_y": 1610.000,
      "location_z": 0.000,
      "editor": 3,
      "user": 3
    }
  }, 
  {
    "pk": 275, 
    "model": "catmaid.location", 
    "fields": {
      "creation_time": "2011-09-27T07:49:33.254", 
      "edition_time": "2011-12-05T13:51:36.955", 
      "project": 3, 
      "location_x": 5800.000,
      "location_y": 1560.000,
      "location_z": 0.000,
      "editor": 3,
      "user": 3
    }
  }, 
  {
    "pk": 277, 
    "model": "catmaid.location", 
    "fields": {
      "creation_time": "2011-09-27T07:49:33.770", 
      "edition_time": "2011-12-05T13:51:36.955", 
      "project": 3, 
      "location_x": 6090.000,
      "location_y": 1550.000,
      "location_z": 0.000,
      "editor": 3,
      "user": 3
    }
  }, 
  {
    "pk": 279, 
    "model": "catmaid.location", 
    "fields": {
      "creation_time": "2011-09-27T07:49:35.689", 
      "edition_time": "2011-12-05T13:51:36.955", 
      "project": 3, 
      "location_x": 5530.000,
      "location_y": 2465.000,
      "location_z": 0.000,
      "editor": 3,
      "user": 3
    }
  }, 
  {
    "pk": 281, 
    "model": "catmaid.location", 
    "fields": {
      "creation_time": "2011-09-27T07:49:36.374", 
      "edition_time": "2011-12-05T13:51:36.955", 
      "project": 3, 
      "location_x": 5675.000,
      "location_y": 2635.000,
      "location_z": 0.000,
      "editor": 3,
      "user": 3
    }
  }, 
  {
    "pk": 283, 
    "model": "catmaid.location", 
    "fields": {
      "creation_time": "2011-09-27T07:49:36.843", 
      "edition_time": "2011-12-05T13:51:36.955", 
      "project": 3, 
      "location_x": 5985.000,
      "location_y": 2745.000,
      "location_z": 0.000,
      "editor": 3,
      "user": 3
    }
  }, 
  {
    "pk": 285, 
    "model": "catmaid.location", 
    "fields": {
      "creation_time": "2011-09-27T07:49:37.269", 
      "edition_time": "2011-12-05T13:51:36.955", 
      "project": 3, 
      "location_x": 6100.000,
      "location_y": 2980.000,
      "location_z": 0.000,
      "editor": 3,
      "user": 3
    }
  }, 
  {
    "pk": 289, 
    "model": "catmaid.location", 
    "fields": {
      "creation_time": "2011-09-27T07:49:38.607", 
      "edition_time": "2011-12-05T13:51:36.955", 
      "project": 3, 
      "location_x": 6210.000,
      "location_y": 3480.000,
      "location_z": 0.000,
      "editor": 3,
      "user": 3
    }
  }, 
  {
    "pk": 293, 
    "model": "catmaid.location", 
    "fields": {
      "creation_time": "2011-09-27T07:54:31.891", 
      "edition_time": "2011-12-05T13:51:36.955", 
      "project": 3, 
      "location_x": 3610.000,
      "location_y": 3230.000,
      "location_z": 45.000,
      "editor": 3,
      "user": 3
    }
  }, 
  {
    "pk": 295, 
    "model": "catmaid.location", 
    "fields": {
      "creation_time": "2011-09-27T07:54:33.793", 
      "edition_time": "2011-12-05T13:51:36.955", 
      "project": 3, 
      "location_x": 3610.000,
      "location_y": 3240.000,
      "location_z": 54.000,
      "editor": 3,
      "user": 3
    }
  }, 
  {
    "pk": 297, 
    "model": "catmaid.location", 
    "fields": {
      "creation_time": "2011-09-27T07:54:35.521", 
      "edition_time": "2011-12-05T13:51:36.955", 
      "project": 3, 
      "location_x": 3590.000,
      "location_y": 3270.000,
      "location_z": 63.000,
      "editor": 3,
      "user": 3
    }
  }, 
  {
    "pk": 299, 
    "model": "catmaid.location", 
    "fields": {
      "creation_time": "2011-09-27T07:54:37.211", 
      "edition_time": "2011-12-05T13:51:36.955", 
      "project": 3, 
      "location_x": 3560.000,
      "location_y": 3210.000,
      "location_z": 72.000,
      "editor": 3,
      "user": 3
    }
  }, 
  {
    "pk": 301, 
    "model": "catmaid.location", 
    "fields": {
      "creation_time": "2011-09-27T07:54:38.863", 
      "edition_time": "2011-12-05T13:51:36.955", 
      "project": 3, 
      "location_x": 3630.000,
      "location_y": 3290.000,
      "location_z": 81.000,
      "editor": 3,
      "user": 3
    }
  }, 
  {
    "pk": 303, 
    "model": "catmaid.location", 
    "fields": {
      "creation_time": "2011-09-27T07:54:40.603", 
      "edition_time": "2011-12-05T13:51:36.955", 
      "project": 3, 
      "location_x": 3620.000,
      "location_y": 3300.000,
      "location_z": 90.000,
      "editor": 3,
      "user": 3
    }
  }, 
  {
    "pk": 305, 
    "model": "catmaid.location", 
    "fields": {
      "creation_time": "2011-09-27T07:54:43.902", 
      "edition_time": "2011-12-05T13:51:36.955", 
      "project": 3, 
      "location_x": 3600.000,
      "location_y": 3290.000,
      "location_z": 99.000,
      "editor": 3,
      "user": 3
    }
  }, 
  {
    "pk": 309, 
    "model": "catmaid.location", 
    "fields": {
      "creation_time": "2011-09-27T07:55:15.319", 
      "edition_time": "2011-12-05T13:51:36.955", 
      "project": 3, 
      "location_x": 3630.000,
      "location_y": 3270.000,
      "location_z": 108.000,
      "editor": 3,
      "user": 3
    }
  }, 
  {
    "pk": 311, 
    "model": "catmaid.location", 
    "fields": {
      "creation_time": "2011-09-27T07:55:19.502", 
      "edition_time": "2011-12-05T13:51:36.955", 
      "project": 3, 
      "location_x": 3640.000,
      "location_y": 3290.000,
      "location_z": 117.000,
      "editor": 3,
      "user": 3
    }
  }, 
  {
    "pk": 313, 
    "model": "catmaid.location", 
    "fields": {
      "creation_time": "2011-09-27T07:55:21.329", 
      "edition_time": "2011-12-05T13:51:36.955", 
      "project": 3, 
      "location_x": 3620.000,
      "location_y": 3320.000,
      "location_z": 126.000,
      "editor": 3,
      "user": 3
    }
  }, 
  {
    "pk": 315, 
    "model": "catmaid.location", 
    "fields": {
      "creation_time": "2011-09-27T07:55:23.334", 
      "edition_time": "2011-12-05T13:51:36.955", 
      "project": 3, 
      "location_x": 3610.000,
      "location_y": 3340.000,
      "location_z": 135.000,
      "editor": 3,
      "user": 3
    }
  }, 
  {
    "pk": 317, 
    "model": "catmaid.location", 
    "fields": {
      "creation_time": "2011-09-27T07:55:25.134", 
      "edition_time": "2011-12-05T13:51:36.955", 
      "project": 3, 
      "location_x": 3620.000,
      "location_y": 3310.000,
      "location_z": 144.000,
      "editor": 3,
      "user": 3
    }
  }, 
  {
    "pk": 319, 
    "model": "catmaid.location", 
    "fields": {
      "creation_time": "2011-09-27T07:55:26.647", 
      "edition_time": "2011-12-05T13:51:36.955", 
      "project": 3, 
      "location_x": 3620.000,
      "location_y": 3320.000,
      "location_z": 153.000,
      "editor": 3,
      "user": 3
    }
  }, 
  {
    "pk": 321, 
    "model": "catmaid.location", 
    "fields": {
      "creation_time": "2011-09-27T07:55:28.081", 
      "edition_time": "2011-12-05T13:51:36.955", 
      "project": 3, 
      "location_x": 3640.000,
      "location_y": 3360.000,
      "location_z": 162.000,
      "editor": 3,
      "user": 3
    }
  }, 
  {
    "pk": 323, 
    "model": "catmaid.location", 
    "fields": {
      "creation_time": "2011-09-27T07:55:29.498", 
      "edition_time": "2011-12-05T13:51:36.955", 
      "project": 3, 
      "location_x": 3640.000,
      "location_y": 3370.000,
      "location_z": 171.000,
      "editor": 3,
      "user": 3
    }
  }, 
  {
    "pk": 325, 
    "model": "catmaid.location", 
    "fields": {
      "creation_time": "2011-09-27T07:55:30.721", 
      "edition_time": "2011-12-05T13:51:36.955", 
      "project": 3, 
      "location_x": 3630.000,
      "location_y": 3360.000,
      "location_z": 180.000,
      "editor": 3,
      "user": 3
    }
  }, 
  {
    "pk": 335, 
    "model": "catmaid.location", 
    "fields": {
      "creation_time": "2011-09-27T07:56:07.198", 
      "edition_time": "2011-12-05T13:51:36.955", 
      "project": 3, 
      "location_x": 3640.000,
      "location_y": 3320.000,
      "location_z": 189.000,
      "editor": 3,
      "user": 3
    }
  }, 
  {
    "pk": 337, 
    "model": "catmaid.location", 
    "fields": {
      "creation_time": "2011-09-27T07:56:10.196", 
      "edition_time": "2011-12-05T13:51:36.955", 
      "project": 3, 
      "location_x": 3610.000,
      "location_y": 3340.000,
      "location_z": 198.000,
      "editor": 3,
      "user": 3
    }
  }, 
  {
    "pk": 339, 
    "model": "catmaid.location", 
    "fields": {
      "creation_time": "2011-09-27T07:56:12.174", 
      "edition_time": "2011-12-05T13:51:36.955", 
      "project": 3, 
      "location_x": 3630.000,
      "location_y": 3350.000,
      "location_z": 207.000,
      "editor": 3,
      "user": 3
    }
  }, 
  {
    "pk": 341, 
    "model": "catmaid.location", 
    "fields": {
      "creation_time": "2011-09-27T07:56:14.347", 
      "edition_time": "2011-12-05T13:51:36.955", 
      "project": 3, 
      "location_x": 3620.000,
      "location_y": 3350.000,
      "location_z": 216.000,
      "editor": 3,
      "user": 3
    }
  }, 
  {
    "pk": 343, 
    "model": "catmaid.location", 
    "fields": {
      "creation_time": "2011-09-27T07:56:18.238", 
      "edition_time": "2011-12-05T13:51:36.955", 
      "project": 3, 
      "location_x": 3650.000,
      "location_y": 3330.000,
      "location_z": 225.000,
      "editor": 3,
      "user": 3
    }
  }, 
  {
    "pk": 345, 
    "model": "catmaid.location", 
    "fields": {
      "creation_time": "2011-09-27T07:56:19.960", 
      "edition_time": "2011-12-05T13:51:36.955", 
      "project": 3, 
      "location_x": 3650.000,
      "location_y": 3350.000,
      "location_z": 234.000,
      "editor": 3,
      "user": 3
    }
  }, 
  {
    "pk": 347, 
    "model": "catmaid.location", 
    "fields": {
      "creation_time": "2011-09-27T07:56:21.927", 
      "edition_time": "2011-12-05T13:51:36.955", 
      "project": 3, 
      "location_x": 3600.000,
      "location_y": 3370.000,
      "location_z": 243.000,
      "editor": 3,
      "user": 3
    }
  }, 
  {
    "pk": 349, 
    "model": "catmaid.location", 
    "fields": {
      "creation_time": "2011-09-27T07:56:24.082", 
      "edition_time": "2011-12-05T13:51:36.955", 
      "project": 3, 
      "location_x": 3580.000,
      "location_y": 3350.000,
      "location_z": 252.000,
      "editor": 3,
      "user": 3
    }
  }, 
  {
    "pk": 367, 
    "model": "catmaid.location", 
    "fields": {
      "creation_time": "2011-09-27T07:57:17.808", 
      "edition_time": "2011-12-05T13:51:36.955", 
      "project": 3, 
      "location_x": 7030.000,
      "location_y": 1980.000,
      "location_z": 0.000,
      "editor": 3,
      "user": 3
    }
  }, 
  {
    "pk": 377, 
    "model": "catmaid.location", 
    "fields": {
      "creation_time": "2011-09-27T07:57:19.447", 
      "edition_time": "2011-12-05T13:51:36.955", 
      "project": 3, 
      "location_x": 7620.000,
      "location_y": 2890.000,
      "location_z": 0.000,
      "editor": 3,
      "user": 3
    }
  }, 
  {
    "pk": 383, 
    "model": "catmaid.location", 
    "fields": {
      "creation_time": "2011-09-27T07:57:24.747", 
      "edition_time": "2011-12-05T13:51:36.955", 
      "project": 3, 
      "location_x": 7850.000,
      "location_y": 1970.000,
      "location_z": 0.000,
      "editor": 3,
      "user": 3
    }
  }, 
  {
    "pk": 385, 
    "model": "catmaid.location", 
    "fields": {
      "creation_time": "2011-09-27T07:57:25.555", 
      "edition_time": "2011-12-05T13:51:36.955", 
      "project": 3, 
      "location_x": 8530.000,
      "location_y": 1820.000,
      "location_z": 0.000,
      "editor": 3,
      "user": 3
    }
  }, 
  {
    "pk": 387, 
    "model": "catmaid.location", 
    "fields": {
      "creation_time": "2011-09-27T07:57:26.310", 
      "edition_time": "2011-12-05T13:51:36.955", 
      "project": 3, 
      "location_x": 9030.000,
      "location_y": 1480.000,
      "location_z": 0.000,
      "editor": 3,
      "user": 3
    }
  }, 
  {
    "pk": 391, 
    "model": "catmaid.location", 
    "fields": {
      "creation_time": "2011-09-27T07:57:34.626", 
      "edition_time": "2011-12-05T13:51:36.955", 
      "project": 3, 
      "location_x": 6740.000,
      "location_y": 1530.000,
      "location_z": 0.000,
      "editor": 3,
      "user": 3
    }
  }, 
  {
    "pk": 393, 
    "model": "catmaid.location", 
    "fields": {
      "creation_time": "2011-09-27T07:57:35.676", 
      "edition_time": "2011-12-05T13:51:36.955", 
      "project": 3, 
      "location_x": 6910.000,
      "location_y": 990.000,
      "location_z": 0.000,
      "editor": 3,
      "user": 3
    }
  }, 
  {
    "pk": 395, 
    "model": "catmaid.location", 
    "fields": {
      "creation_time": "2011-09-27T07:57:36.318", 
      "edition_time": "2011-12-05T13:51:36.955", 
      "project": 3, 
      "location_x": 6430.000,
      "location_y": 910.000,
      "location_z": 0.000,
      "editor": 3,
      "user": 3
    }
  }, 
  {
    "pk": 397, 
    "model": "catmaid.location", 
    "fields": {
      "creation_time": "2011-09-27T07:57:36.995", 
      "edition_time": "2011-12-05T13:51:36.955", 
      "project": 3, 
      "location_x": 6140.000,
      "location_y": 640.000,
      "location_z": 0.000,
      "editor": 3,
      "user": 3
    }
  }, 
  {
    "pk": 399, 
    "model": "catmaid.location", 
    "fields": {
      "creation_time": "2011-09-27T07:57:37.518", 
      "edition_time": "2011-12-05T13:51:36.955", 
      "project": 3, 
      "location_x": 5670.000,
      "location_y": 640.000,
      "location_z": 0.000,
      "editor": 3,
      "user": 3
    }
  }, 
  {
    "pk": 403, 
    "model": "catmaid.location", 
    "fields": {
      "creation_time": "2011-09-27T07:57:55.026", 
      "edition_time": "2011-12-05T13:51:36.955", 
      "project": 3, 
      "location_x": 7840.000,
      "location_y": 2380.000,
      "location_z": 0.000,
      "editor": 3,
      "user": 3
    }
  }, 
  {
    "pk": 405, 
    "model": "catmaid.location", 
    "fields": {
      "creation_time": "2011-09-27T07:57:57.310", 
      "edition_time": "2011-12-05T13:51:36.955", 
      "project": 3, 
      "location_x": 7390.000,
      "location_y": 3510.000,
      "location_z": 0.000,
      "editor": 3,
      "user": 3
    }
  }, 
  {
    "pk": 407, 
    "model": "catmaid.location", 
    "fields": {
      "creation_time": "2011-09-27T07:57:57.976", 
      "edition_time": "2011-12-05T13:51:36.955", 
      "project": 3, 
      "location_x": 7080.000,
      "location_y": 3960.000,
      "location_z": 0.000,
      "editor": 3,
      "user": 3
    }
  }, 
  {
    "pk": 409, 
    "model": "catmaid.location", 
    "fields": {
      "creation_time": "2011-09-27T07:57:58.454", 
      "edition_time": "2011-12-05T13:51:36.955", 
      "project": 3, 
      "location_x": 6630.000,
      "location_y": 4330.000,
      "location_z": 0.000,
      "editor": 3,
      "user": 3
    }
  }, 
  {
    "pk": 415, 
    "model": "catmaid.location", 
    "fields": {
      "creation_time": "2011-10-07T07:02:13.511", 
      "edition_time": "2011-12-05T13:51:36.955", 
      "project": 3, 
      "location_x": 5810.000,
      "location_y": 3950.000,
      "location_z": 0.000,
      "editor": 3,
      "user": 3
    }
  }, 
  {
    "pk": 417, 
    "model": "catmaid.location", 
    "fields": {
      "creation_time": "2011-10-07T07:02:15.176", 
      "edition_time": "2011-12-05T13:51:36.955", 
      "project": 3, 
      "location_x": 4990.000,
      "location_y": 4200.000,
      "location_z": 0.000,
      "editor": 3,
      "user": 3
    }
  }, 
  {
    "pk": 2368, 
    "model": "catmaid.location", 
    "fields": {
      "creation_time": "2011-11-01T12:54:42.122", 
      "edition_time": "2011-12-05T13:51:36.955", 
      "project": 3, 
      "location_x": 1820.000,
      "location_y": 5390.000,
      "location_z": 0.000,
      "editor": 2,
      "user": 2
    }
  }, 
  {
    "pk": 2370, 
    "model": "catmaid.location", 
    "fields": {
      "creation_time": "2011-11-01T12:54:43.555", 
      "edition_time": "2011-12-05T13:51:36.955", 
      "project": 3, 
      "location_x": 2140.000,
      "location_y": 4620.000,
      "location_z": 0.000,
      "editor": 2,
      "user": 2
    }
  }, 
  {
    "pk": 2372, 
    "model": "catmaid.location", 
    "fields": {
      "creation_time": "2011-11-01T12:54:44.436", 
      "edition_time": "2011-12-05T13:51:36.955", 
      "project": 3, 
      "location_x": 2760.000,
      "location_y": 4600.000,
      "location_z": 0.000,
      "editor": 2,
      "user": 1
    }
  }, 
  {
    "pk": 2374, 
    "model": "catmaid.location", 
    "fields": {
      "creation_time": "2011-11-01T12:54:45.793", 
      "edition_time": "2011-12-05T13:51:36.955", 
      "project": 3, 
      "location_x": 3310.000,
      "location_y": 5190.000,
      "location_z": 0.000,
      "editor": 2,
      "user": 1
    }
  }, 
  {
    "pk": 2376, 
    "model": "catmaid.location", 
    "fields": {
      "creation_time": "2011-11-01T12:54:47.472", 
      "edition_time": "2011-12-05T13:51:36.955", 
      "project": 3, 
      "location_x": 3930.000,
      "location_y": 4330.000,
      "location_z": 0.000,
      "editor": 2,
      "user": 1
    }
  }, 
  {
    "pk": 2378, 
    "model": "catmaid.location", 
    "fields": {
      "creation_time": "2011-11-01T12:54:48.503", 
      "edition_time": "2011-12-05T13:51:36.955", 
      "project": 3, 
      "location_x": 4420.000,
      "location_y": 4880.000,
      "location_z": 0.000,
      "editor": 2,
      "user": 1
    }
  }, 
  {
    "pk": 2392, 
    "model": "catmaid.location", 
    "fields": {
      "creation_time": "2011-12-09T08:01:37.575", 
      "edition_time": "2011-12-09T08:01:37.575", 
      "project": 3, 
      "location_x": 2370.000,
      "location_y": 6080.000,
      "location_z": 0.000,
      "editor": 3,
      "user": 3
    }
  }, 
  {
    "pk": 2394, 
    "model": "catmaid.location", 
    "fields": {
      "creation_time": "2011-12-09T08:01:39.388", 
      "edition_time": "2011-12-09T08:01:48.933", 
      "project": 3, 
      "location_x": 3110.000,
      "location_y": 6030.000,
      "location_z": 0.000,
      "editor": 3,
      "user": 3
    }
  }, 
  {
    "pk": 2396, 
    "model": "catmaid.location", 
    "fields": {
      "creation_time": "2011-12-09T08:01:40.583", 
      "edition_time": "2011-12-09T08:01:40.583", 
      "project": 3, 
      "location_x": 3680.000,
      "location_y": 6550.000,
      "location_z": 0.000,
      "editor": 3,
      "user": 3
    }
  }, 
  {
    "pk": 2415, 
    "model": "catmaid.location", 
    "fields": {
      "creation_time": "2011-12-09T08:01:59.149", 
      "edition_time": "2011-12-09T08:01:59.149", 
      "project": 3, 
      "location_x": 4110.000,
      "location_y": 6080.000,
      "location_z": 0.000,
      "editor": 3,
      "user": 3
    }
  }, 
  {
    "pk": 2417, 
    "model": "catmaid.location", 
    "fields": {
      "creation_time": "2011-12-09T08:02:00.466", 
      "edition_time": "2011-12-09T08:02:00.466", 
      "project": 3, 
      "location_x": 4400.000,
      "location_y": 5730.000,
      "location_z": 0.000,
      "editor": 3,
      "user": 3
    }
  }, 
  {
    "pk": 2419, 
    "model": "catmaid.location", 
    "fields": {
      "creation_time": "2011-12-09T08:02:01.614", 
      "edition_time": "2011-12-09T08:02:01.614", 
      "project": 3, 
      "location_x": 5040.000,
      "location_y": 5650.000,
      "location_z": 0.000,
      "editor": 3,
      "user": 3
    }
  }, 
  {
    "pk": 2423, 
    "model": "catmaid.location", 
    "fields": {
      "creation_time": "2011-12-09T08:02:11.175", 
      "edition_time": "2011-12-09T08:02:11.175", 
      "project": 3, 
      "location_x": 4140.000,
      "location_y": 6460.000,
      "location_z": 0.000,
      "editor": 3,
      "user": 3
    }
  }, 
  {
    "pk": 2437, 
    "model": "catmaid.location", 
    "fields": {
      "creation_time": "2012-07-22T16:50:57.758", 
      "edition_time": "2012-07-22T16:50:57.758", 
      "project": 3, 
      "location_x": 5290.000,
      "location_y": 3930.000,
      "location_z": 279.000,
      "editor": 3,
      "user": 3
    }
  }, 
  {
    "pk": 2444, 
    "model": "catmaid.location", 
    "fields": {
      "creation_time": "2012-07-22T19:12:54.541", 
      "edition_time": "2012-07-22T19:12:54.541", 
      "project": 3, 
      "location_x": 4470.000,
      "location_y": 2110.000,
      "location_z": 180.000,
      "editor": 3,
      "user": 3
    }
  }, 
  {
    "pk": 2447, 
    "model": "catmaid.location", 
    "fields": {
      "creation_time": "2012-07-22T19:13:08.185", 
      "edition_time": "2012-07-22T19:13:08.185", 
      "project": 3, 
      "location_x": 4910.000,
      "location_y": 3260.000,
      "location_z": 180.000,
      "editor": 3,
      "user": 3
    }
  }, 
  {
    "pk": 2449, 
    "model": "catmaid.location", 
    "fields": {
      "creation_time": "2012-07-22T19:13:26.149", 
      "edition_time": "2012-07-22T19:13:26.149", 
      "project": 3, 
      "location_x": 5110.000,
      "location_y": 2500.000,
      "location_z": 180.000,
      "editor": 3,
      "user": 3
    }
  }, 
  {
    "pk": 2455, 
    "model": "catmaid.location", 
    "fields": {
      "creation_time": "2012-07-22T19:15:24.010", 
      "edition_time": "2012-07-22T19:15:24.010", 
      "project": 3, 
      "location_x": 3680.000,
      "location_y": 2530.000,
      "location_z": 180.000,
      "editor": 3,
      "user": 3
    }
  }, 
  {
    "pk": 7, 
    "model": "catmaid.treenode", 
    "fields": {
      "confidence": 5, 
      "skeleton": 1, 
      "parent": null, 
      "creation_time": "2011-09-04T07:53:41.243", 
      "edition_time": "2011-12-05T13:51:36.955", 
      "project": 3, 
      "radius": -1.0, 
      "location_x": 3590.000,
      "location_y": 3240.000,
      "location_z": 0.000,
      "editor": 3,
      "user": 3
    }
  }, 
  {
    "pk": 11, 
    "model": "catmaid.treenode", 
    "fields": {
      "confidence": 5, 
      "skeleton": 1, 
      "parent": 7, 
      "creation_time": "2011-09-04T07:54:16.301", 
      "edition_time": "2011-12-05T13:51:36.955", 
      "project": 3, 
      "radius": -1.0, 
      "location_x": 3600.000,
      "location_y": 3250.000,
      "location_z": 9.000,
      "editor": 3,
      "user": 3
    }
  }, 
  {
    "pk": 13, 
    "model": "catmaid.treenode", 
    "fields": {
      "confidence": 5, 
      "skeleton": 1, 
      "parent": 11, 
      "creation_time": "2011-09-04T07:54:24.528", 
      "edition_time": "2011-12-05T13:51:36.955", 
      "project": 3, 
      "radius": -1.0, 
      "location_x": 3600.000,
      "location_y": 3250.000,
      "location_z": 18.000,
      "editor": 3,
      "user": 3
    }
  }, 
  {
    "pk": 15, 
    "model": "catmaid.treenode", 
    "fields": {
      "confidence": 5, 
      "skeleton": 1, 
      "parent": 13, 
      "creation_time": "2011-09-04T07:54:26.464", 
      "edition_time": "2011-12-05T13:51:36.955", 
      "project": 3, 
      "radius": -1.0, 
      "location_x": 3590.000,
      "location_y": 3250.000,
      "location_z": 27.000,
      "editor": 3,
      "user": 3
    }
  }, 
  {
    "pk": 17, 
    "model": "catmaid.treenode", 
    "fields": {
      "confidence": 5, 
      "skeleton": 1, 
      "parent": 15, 
      "creation_time": "2011-09-04T07:54:28.523", 
      "edition_time": "2011-12-05T13:51:36.955", 
      "project": 3, 
      "radius": -1.0, 
      "location_x": 3590.000,
      "location_y": 3250.000,
      "location_z": 36.000,
      "editor": 3,
      "user": 3
    }
  }, 
  {
    "pk": 237, 
    "model": "catmaid.treenode", 
    "fields": {
      "confidence": 5, 
      "skeleton": 235, 
      "parent": null, 
      "creation_time": "2011-09-27T07:49:15.802", 
      "edition_time": "2011-12-05T13:51:36.955", 
      "project": 3, 
      "radius": -1.0, 
      "location_x": 1065.000,
      "location_y": 3035.000,
      "location_z": 0.000,
      "editor": 3,
      "user": 3
    }
  }, 
  {
    "pk": 239, 
    "model": "catmaid.treenode", 
    "fields": {
      "confidence": 5, 
      "skeleton": 235, 
      "parent": 237, 
      "creation_time": "2011-09-27T07:49:16.553", 
      "edition_time": "2011-12-05T13:51:36.955", 
      "project": 3, 
      "radius": -1.0, 
      "location_x": 1135.000,
      "location_y": 2800.000,
      "location_z": 0.000,
      "editor": 3,
      "user": 3
    }
  }, 
  {
    "pk": 241, 
    "model": "catmaid.treenode", 
    "fields": {
      "confidence": 5, 
      "skeleton": 235, 
      "parent": 239, 
      "creation_time": "2011-09-27T07:49:17.217", 
      "edition_time": "2011-12-05T13:51:36.955", 
      "project": 3, 
      "radius": -1.0, 
      "location_x": 1340.000,
      "location_y": 2660.000,
      "location_z": 0.000,
      "editor": 3,
      "user": 3
    }
  }, 
  {
    "pk": 243, 
    "model": "catmaid.treenode", 
    "fields": {
      "confidence": 5, 
      "skeleton": 235, 
      "parent": 241, 
      "creation_time": "2011-09-27T07:49:17.660", 
      "edition_time": "2011-12-05T13:51:36.955", 
      "project": 3, 
      "radius": -1.0, 
      "location_x": 1780.000,
      "location_y": 2570.000,
      "location_z": 0.000,
      "editor": 3,
      "user": 3
    }
  }, 
  {
    "pk": 245, 
    "model": "catmaid.treenode", 
    "fields": {
      "confidence": 5, 
      "skeleton": 235, 
      "parent": 243, 
      "creation_time": "2011-09-27T07:49:18.343", 
      "edition_time": "2011-12-05T13:51:36.955", 
      "project": 3, 
      "radius": -1.0, 
      "location_x": 1970.000,
      "location_y": 2595.000,
      "location_z": 0.000,
      "editor": 3,
      "user": 3
    }
  }, 
  {
    "pk": 247, 
    "model": "catmaid.treenode", 
    "fields": {
      "confidence": 5, 
      "skeleton": 235, 
      "parent": 245, 
      "creation_time": "2011-09-27T07:49:19.012", 
      "edition_time": "2011-12-05T13:51:36.955", 
      "project": 3, 
      "radius": -1.0, 
      "location_x": 2610.000,
      "location_y": 2700.000,
      "location_z": 0.000,
      "editor": 3,
      "user": 3
    }
  }, 
  {
    "pk": 249, 
    "model": "catmaid.treenode", 
    "fields": {
      "confidence": 5, 
      "skeleton": 235, 
      "parent": 247, 
      "creation_time": "2011-09-27T07:49:19.887", 
      "edition_time": "2011-12-05T13:51:36.955", 
      "project": 3, 
      "radius": -1.0, 
      "location_x": 2815.000,
      "location_y": 2590.000,
      "location_z": 0.000,
      "editor": 3,
      "user": 3
    }
  }, 
  {
    "pk": 251, 
    "model": "catmaid.treenode", 
    "fields": {
      "confidence": 5, 
      "skeleton": 235, 
      "parent": 249, 
      "creation_time": "2011-09-27T07:49:20.514", 
      "edition_time": "2011-12-05T13:51:36.955", 
      "project": 3, 
      "radius": -1.0, 
      "location_x": 3380.000,
      "location_y": 2330.000,
      "location_z": 0.000,
      "editor": 3,
      "user": 3
    }
  }, 
  {
    "pk": 253, 
    "model": "catmaid.treenode", 
    "fields": {
      "confidence": 5, 
      "skeleton": 235, 
      "parent": 251, 
      "creation_time": "2011-09-27T07:49:21.493", 
      "edition_time": "2011-12-05T13:51:36.955", 
      "project": 3, 
      "radius": -1.0, 
      "location_x": 3685.000,
      "location_y": 2160.000,
      "location_z": 0.000,
      "editor": 3,
      "user": 3
    }
  }, 
  {
    "pk": 255, 
    "model": "catmaid.treenode", 
    "fields": {
      "confidence": 5, 
      "skeleton": 235, 
      "parent": 253, 
      "creation_time": "2011-09-27T07:49:22.835", 
      "edition_time": "2011-12-05T13:51:36.955", 
      "project": 3, 
      "radius": -1.0, 
      "location_x": 3850.000,
      "location_y": 1790.000,
      "location_z": 0.000,
      "editor": 3,
      "user": 3
    }
  }, 
  {
    "pk": 257, 
    "model": "catmaid.treenode", 
    "fields": {
      "confidence": 5, 
      "skeleton": 235, 
      "parent": 255, 
      "creation_time": "2011-09-27T07:49:23.591", 
      "edition_time": "2011-12-05T13:51:36.955", 
      "project": 3, 
      "radius": -1.0, 
      "location_x": 3825.000,
      "location_y": 1480.000,
      "location_z": 0.000,
      "editor": 3,
      "user": 3
    }
  }, 
  {
    "pk": 259, 
    "model": "catmaid.treenode", 
    "fields": {
      "confidence": 5, 
      "skeleton": 235, 
      "parent": 257, 
      "creation_time": "2011-09-27T07:49:24.879", 
      "edition_time": "2011-12-05T13:51:36.955", 
      "project": 3, 
      "radius": -1.0, 
      "location_x": 3445.000,
      "location_y": 1385.000,
      "location_z": 0.000,
      "editor": 3,
      "user": 3
    }
  }, 
  {
    "pk": 261, 
    "model": "catmaid.treenode", 
    "fields": {
      "confidence": 5, 
      "skeleton": 235, 
      "parent": 259, 
      "creation_time": "2011-09-27T07:49:25.549", 
      "edition_time": "2011-12-05T13:51:36.955", 
      "project": 3, 
      "radius": -1.0, 
      "location_x": 2820.000,
      "location_y": 1345.000,
      "location_z": 0.000,
      "editor": 3,
      "user": 3
    }
  }, 
  {
    "pk": 263, 
    "model": "catmaid.treenode", 
    "fields": {
      "confidence": 5, 
      "skeleton": 235, 
      "parent": 253, 
      "creation_time": "2011-09-27T07:49:27.637", 
      "edition_time": "2011-12-05T13:51:36.955", 
      "project": 3, 
      "radius": -1.0, 
      "location_x": 3915.000,
      "location_y": 2105.000,
      "location_z": 0.000,
      "editor": 3,
      "user": 3
    }
  }, 
  {
    "pk": 265, 
    "model": "catmaid.treenode", 
    "fields": {
      "confidence": 5, 
      "skeleton": 235, 
      "parent": 263, 
      "creation_time": "2011-09-27T07:49:28.080", 
      "edition_time": "2011-12-05T13:51:36.955", 
      "project": 3, 
      "radius": -1.0, 
      "location_x": 4570.000,
      "location_y": 2125.000,
      "location_z": 0.000,
      "editor": 3,
      "user": 3
    }
  }, 
  {
    "pk": 267, 
    "model": "catmaid.treenode", 
    "fields": {
      "confidence": 5, 
      "skeleton": 235, 
      "parent": 265, 
      "creation_time": "2011-09-27T07:49:28.515", 
      "edition_time": "2011-12-05T13:51:36.955", 
      "project": 3, 
      "radius": -1.0, 
      "location_x": 5400.000,
      "location_y": 2200.000,
      "location_z": 0.000,
      "editor": 3,
      "user": 3
    }
  }, 
  {
    "pk": 269, 
    "model": "catmaid.treenode", 
    "fields": {
      "confidence": 5, 
      "skeleton": 235, 
      "parent": 265, 
      "creation_time": "2011-09-27T07:49:31.952", 
      "edition_time": "2011-12-05T13:51:36.955", 
      "project": 3, 
      "radius": -1.0, 
      "location_x": 4820.000,
      "location_y": 1900.000,
      "location_z": 0.000,
      "editor": 3,
      "user": 3
    }
  }, 
  {
    "pk": 271, 
    "model": "catmaid.treenode", 
    "fields": {
      "confidence": 5, 
      "skeleton": 235, 
      "parent": 269, 
      "creation_time": "2011-09-27T07:49:32.376", 
      "edition_time": "2011-12-05T13:51:36.955", 
      "project": 3, 
      "radius": -1.0, 
      "location_x": 5090.000,
      "location_y": 1675.000,
      "location_z": 0.000,
      "editor": 3,
      "user": 3
    }
  }, 
  {
    "pk": 273, 
    "model": "catmaid.treenode", 
    "fields": {
      "confidence": 5, 
      "skeleton": 235, 
      "parent": 271, 
      "creation_time": "2011-09-27T07:49:32.824", 
      "edition_time": "2011-12-05T13:51:36.955", 
      "project": 3, 
      "radius": -1.0, 
      "location_x": 5265.000,
      "location_y": 1610.000,
      "location_z": 0.000,
      "editor": 3,
      "user": 3
    }
  }, 
  {
    "pk": 275, 
    "model": "catmaid.treenode", 
    "fields": {
      "confidence": 5, 
      "skeleton": 235, 
      "parent": 273, 
      "creation_time": "2011-09-27T07:49:33.254", 
      "edition_time": "2011-12-05T13:51:36.955", 
      "project": 3, 
      "radius": -1.0, 
      "location_x": 5800.000,
      "location_y": 1560.000,
      "location_z": 0.000,
      "editor": 3,
      "user": 3
    }
  }, 
  {
    "pk": 277, 
    "model": "catmaid.treenode", 
    "fields": {
      "confidence": 5, 
      "skeleton": 235, 
      "parent": 275, 
      "creation_time": "2011-09-27T07:49:33.770", 
      "edition_time": "2011-12-05T13:51:36.955", 
      "project": 3, 
      "radius": -1.0, 
      "location_x": 6090.000,
      "location_y": 1550.000,
      "location_z": 0.000,
      "editor": 3,
      "user": 3
    }
  }, 
  {
    "pk": 279, 
    "model": "catmaid.treenode", 
    "fields": {
      "confidence": 5, 
      "skeleton": 235, 
      "parent": 267, 
      "creation_time": "2011-09-27T07:49:35.689", 
      "edition_time": "2011-12-05T13:51:36.955", 
      "project": 3, 
      "radius": -1.0, 
      "location_x": 5530.000,
      "location_y": 2465.000,
      "location_z": 0.000,
      "editor": 3,
      "user": 3
    }
  }, 
  {
    "pk": 281, 
    "model": "catmaid.treenode", 
    "fields": {
      "confidence": 5, 
      "skeleton": 235, 
      "parent": 279, 
      "creation_time": "2011-09-27T07:49:36.374", 
      "edition_time": "2011-12-05T13:51:36.955", 
      "project": 3, 
      "radius": -1.0, 
      "location_x": 5675.000,
      "location_y": 2635.000,
      "location_z": 0.000,
      "editor": 3,
      "user": 3
    }
  }, 
  {
    "pk": 283, 
    "model": "catmaid.treenode", 
    "fields": {
      "confidence": 5, 
      "skeleton": 235, 
      "parent": 281, 
      "creation_time": "2011-09-27T07:49:36.843", 
      "edition_time": "2011-12-05T13:51:36.955", 
      "project": 3, 
      "radius": -1.0, 
      "location_x": 5985.000,
      "location_y": 2745.000,
      "location_z": 0.000,
      "editor": 3,
      "user": 3
    }
  }, 
  {
    "pk": 285, 
    "model": "catmaid.treenode", 
    "fields": {
      "confidence": 5, 
      "skeleton": 235, 
      "parent": 283, 
      "creation_time": "2011-09-27T07:49:37.269", 
      "edition_time": "2011-12-05T13:51:36.955", 
      "project": 3, 
      "radius": -1.0, 
      "location_x": 6100.000,
      "location_y": 2980.000,
      "location_z": 0.000,
      "editor": 3,
      "user": 3
    }
  }, 
  {
    "pk": 289, 
    "model": "catmaid.treenode", 
    "fields": {
      "confidence": 5, 
      "skeleton": 235, 
      "parent": 285, 
      "creation_time": "2011-09-27T07:49:38.607", 
      "edition_time": "2011-12-05T13:51:36.955", 
      "project": 3, 
      "radius": -1.0, 
      "location_x": 6210.000,
      "location_y": 3480.000,
      "location_z": 0.000,
      "editor": 3,
      "user": 3
    }
  }, 
  {
    "pk": 293, 
    "model": "catmaid.treenode", 
    "fields": {
      "confidence": 5, 
      "skeleton": 1, 
      "parent": 17, 
      "creation_time": "2011-09-27T07:54:31.891", 
      "edition_time": "2011-12-05T13:51:36.955", 
      "project": 3, 
      "radius": -1.0, 
      "location_x": 3610.000,
      "location_y": 3230.000,
      "location_z": 45.000,
      "editor": 3,
      "user": 3
    }
  }, 
  {
    "pk": 295, 
    "model": "catmaid.treenode", 
    "fields": {
      "confidence": 5, 
      "skeleton": 1, 
      "parent": 293, 
      "creation_time": "2011-09-27T07:54:33.793", 
      "edition_time": "2011-12-05T13:51:36.955", 
      "project": 3, 
      "radius": -1.0, 
      "location_x": 3610.000,
      "location_y": 3240.000,
      "location_z": 54.000,
      "editor": 3,
      "user": 3
    }
  }, 
  {
    "pk": 297, 
    "model": "catmaid.treenode", 
    "fields": {
      "confidence": 5, 
      "skeleton": 1, 
      "parent": 295, 
      "creation_time": "2011-09-27T07:54:35.521", 
      "edition_time": "2011-12-05T13:51:36.955", 
      "project": 3, 
      "radius": -1.0, 
      "location_x": 3590.000,
      "location_y": 3270.000,
      "location_z": 63.000,
      "editor": 3,
      "user": 3
    }
  }, 
  {
    "pk": 299, 
    "model": "catmaid.treenode", 
    "fields": {
      "confidence": 5, 
      "skeleton": 1, 
      "parent": 297, 
      "creation_time": "2011-09-27T07:54:37.211", 
      "edition_time": "2011-12-05T13:51:36.955", 
      "project": 3, 
      "radius": -1.0, 
      "location_x": 3560.000,
      "location_y": 3210.000,
      "location_z": 72.000,
      "editor": 3,
      "user": 3
    }
  }, 
  {
    "pk": 301, 
    "model": "catmaid.treenode", 
    "fields": {
      "confidence": 5, 
      "skeleton": 1, 
      "parent": 299, 
      "creation_time": "2011-09-27T07:54:38.863", 
      "edition_time": "2011-12-05T13:51:36.955", 
      "project": 3, 
      "radius": -1.0, 
      "location_x": 3630.000,
      "location_y": 3290.000,
      "location_z": 81.000,
      "editor": 3,
      "user": 3
    }
  }, 
  {
    "pk": 303, 
    "model": "catmaid.treenode", 
    "fields": {
      "confidence": 5, 
      "skeleton": 1, 
      "parent": 301, 
      "creation_time": "2011-09-27T07:54:40.603", 
      "edition_time": "2011-12-05T13:51:36.955", 
      "project": 3, 
      "radius": -1.0, 
      "location_x": 3620.000,
      "location_y": 3300.000,
      "location_z": 90.000,
      "editor": 3,
      "user": 3
    }
  }, 
  {
    "pk": 305, 
    "model": "catmaid.treenode", 
    "fields": {
      "confidence": 5, 
      "skeleton": 1, 
      "parent": 303, 
      "creation_time": "2011-09-27T07:54:43.902", 
      "edition_time": "2011-12-05T13:51:36.955", 
      "project": 3, 
      "radius": -1.0, 
      "location_x": 3600.000,
      "location_y": 3290.000,
      "location_z": 99.000,
      "editor": 3,
      "user": 3
    }
  }, 
  {
    "pk": 309, 
    "model": "catmaid.treenode", 
    "fields": {
      "confidence": 5, 
      "skeleton": 1, 
      "parent": 305, 
      "creation_time": "2011-09-27T07:55:15.319", 
      "edition_time": "2011-12-05T13:51:36.955", 
      "project": 3, 
      "radius": -1.0, 
      "location_x": 3630.000,
      "location_y": 3270.000,
      "location_z": 108.000,
      "editor": 3,
      "user": 3
    }
  }, 
  {
    "pk": 311, 
    "model": "catmaid.treenode", 
    "fields": {
      "confidence": 5, 
      "skeleton": 1, 
      "parent": 309, 
      "creation_time": "2011-09-27T07:55:19.502", 
      "edition_time": "2011-12-05T13:51:36.955", 
      "project": 3, 
      "radius": -1.0, 
      "location_x": 3640.000,
      "location_y": 3290.000,
      "location_z": 117.000,
      "editor": 3,
      "user": 3
    }
  }, 
  {
    "pk": 313, 
    "model": "catmaid.treenode", 
    "fields": {
      "confidence": 5, 
      "skeleton": 1, 
      "parent": 311, 
      "creation_time": "2011-09-27T07:55:21.329", 
      "edition_time": "2011-12-05T13:51:36.955", 
      "project": 3, 
      "radius": -1.0, 
      "location_x": 3620.000,
      "location_y": 3320.000,
      "location_z": 126.000,
      "editor": 3,
      "user": 3
    }
  }, 
  {
    "pk": 315, 
    "model": "catmaid.treenode", 
    "fields": {
      "confidence": 5, 
      "skeleton": 1, 
      "parent": 313, 
      "creation_time": "2011-09-27T07:55:23.334", 
      "edition_time": "2011-12-05T13:51:36.955", 
      "project": 3, 
      "radius": -1.0, 
      "location_x": 3610.000,
      "location_y": 3340.000,
      "location_z": 135.000,
      "editor": 3,
      "user": 3
    }
  }, 
  {
    "pk": 317, 
    "model": "catmaid.treenode", 
    "fields": {
      "confidence": 5, 
      "skeleton": 1, 
      "parent": 315, 
      "creation_time": "2011-09-27T07:55:25.134", 
      "edition_time": "2011-12-05T13:51:36.955", 
      "project": 3, 
      "radius": -1.0, 
      "location_x": 3620.000,
      "location_y": 3310.000,
      "location_z": 144.000,
      "editor": 3,
      "user": 3
    }
  }, 
  {
    "pk": 319, 
    "model": "catmaid.treenode", 
    "fields": {
      "confidence": 5, 
      "skeleton": 1, 
      "parent": 317, 
      "creation_time": "2011-09-27T07:55:26.647", 
      "edition_time": "2011-12-05T13:51:36.955", 
      "project": 3, 
      "radius": -1.0, 
      "location_x": 3620.000,
      "location_y": 3320.000,
      "location_z": 153.000,
      "editor": 3,
      "user": 3
    }
  }, 
  {
    "pk": 321, 
    "model": "catmaid.treenode", 
    "fields": {
      "confidence": 5, 
      "skeleton": 1, 
      "parent": 319, 
      "creation_time": "2011-09-27T07:55:28.081", 
      "edition_time": "2011-12-05T13:51:36.955", 
      "project": 3, 
      "radius": -1.0, 
      "location_x": 3640.000,
      "location_y": 3360.000,
      "location_z": 162.000,
      "editor": 3,
      "user": 3
    }
  }, 
  {
    "pk": 323, 
    "model": "catmaid.treenode", 
    "fields": {
      "confidence": 5, 
      "skeleton": 1, 
      "parent": 321, 
      "creation_time": "2011-09-27T07:55:29.498", 
      "edition_time": "2011-12-05T13:51:36.955", 
      "project": 3, 
      "radius": -1.0, 
      "location_x": 3640.000,
      "location_y": 3370.000,
      "location_z": 171.000,
      "editor": 3,
      "user": 3
    }
  }, 
  {
    "pk": 325, 
    "model": "catmaid.treenode", 
    "fields": {
      "confidence": 5, 
      "skeleton": 1, 
      "parent": 323, 
      "creation_time": "2011-09-27T07:55:30.721", 
      "edition_time": "2011-12-05T13:51:36.955", 
      "project": 3, 
      "radius": -1.0, 
      "location_x": 3630.000,
      "location_y": 3360.000,
      "location_z": 180.000,
      "editor": 3,
      "user": 3
    }
  }, 
  {
    "pk": 335, 
    "model": "catmaid.treenode", 
    "fields": {
      "confidence": 5, 
      "skeleton": 1, 
      "parent": 325, 
      "creation_time": "2011-09-27T07:56:07.198", 
      "edition_time": "2011-12-05T13:51:36.955", 
      "project": 3, 
      "radius": -1.0, 
      "location_x": 3640.000,
      "location_y": 3320.000,
      "location_z": 189.000,
      "editor": 3,
      "user": 3
    }
  }, 
  {
    "pk": 337, 
    "model": "catmaid.treenode", 
    "fields": {
      "confidence": 5, 
      "skeleton": 1, 
      "parent": 335, 
      "creation_time": "2011-09-27T07:56:10.196", 
      "edition_time": "2011-12-05T13:51:36.955", 
      "project": 3, 
      "radius": -1.0, 
      "location_x": 3610.000,
      "location_y": 3340.000,
      "location_z": 198.000,
      "editor": 3,
      "user": 3
    }
  }, 
  {
    "pk": 339, 
    "model": "catmaid.treenode", 
    "fields": {
      "confidence": 5, 
      "skeleton": 1, 
      "parent": 337, 
      "creation_time": "2011-09-27T07:56:12.174", 
      "edition_time": "2011-12-05T13:51:36.955", 
      "project": 3, 
      "radius": -1.0, 
      "location_x": 3630.000,
      "location_y": 3350.000,
      "location_z": 207.000,
      "editor": 3,
      "user": 3
    }
  }, 
  {
    "pk": 341, 
    "model": "catmaid.treenode", 
    "fields": {
      "confidence": 5, 
      "skeleton": 1, 
      "parent": 339, 
      "creation_time": "2011-09-27T07:56:14.347", 
      "edition_time": "2011-12-05T13:51:36.955", 
      "project": 3, 
      "radius": -1.0, 
      "location_x": 3620.000,
      "location_y": 3350.000,
      "location_z": 216.000,
      "editor": 3,
      "user": 3
    }
  }, 
  {
    "pk": 343, 
    "model": "catmaid.treenode", 
    "fields": {
      "confidence": 5, 
      "skeleton": 1, 
      "parent": 341, 
      "creation_time": "2011-09-27T07:56:18.238", 
      "edition_time": "2011-12-05T13:51:36.955", 
      "project": 3, 
      "radius": -1.0, 
      "location_x": 3650.000,
      "location_y": 3330.000,
      "location_z": 225.000,
      "editor": 3,
      "user": 3
    }
  }, 
  {
    "pk": 345, 
    "model": "catmaid.treenode", 
    "fields": {
      "confidence": 5, 
      "skeleton": 1, 
      "parent": 343, 
      "creation_time": "2011-09-27T07:56:19.960", 
      "edition_time": "2011-12-05T13:51:36.955", 
      "project": 3, 
      "radius": -1.0, 
      "location_x": 3650.000,
      "location_y": 3350.000,
      "location_z": 234.000,
      "editor": 3,
      "user": 3
    }
  }, 
  {
    "pk": 347, 
    "model": "catmaid.treenode", 
    "fields": {
      "confidence": 5, 
      "skeleton": 1, 
      "parent": 345, 
      "creation_time": "2011-09-27T07:56:21.927", 
      "edition_time": "2011-12-05T13:51:36.955", 
      "project": 3, 
      "radius": -1.0, 
      "location_x": 3600.000,
      "location_y": 3370.000,
      "location_z": 243.000,
      "editor": 3,
      "user": 3
    }
  }, 
  {
    "pk": 349, 
    "model": "catmaid.treenode", 
    "fields": {
      "confidence": 5, 
      "skeleton": 1, 
      "parent": 347, 
      "creation_time": "2011-09-27T07:56:24.082", 
      "edition_time": "2011-12-05T13:51:36.955", 
      "project": 3, 
      "radius": -1.0, 
      "location_x": 3580.000,
      "location_y": 3350.000,
      "location_z": 252.000,
      "editor": 3,
      "user": 3
    }
  }, 
  {
    "pk": 367, 
    "model": "catmaid.treenode", 
    "fields": {
      "confidence": 5, 
      "skeleton": 361, 
      "parent": null, 
      "creation_time": "2011-09-27T07:57:17.808", 
      "edition_time": "2011-12-05T13:51:36.955", 
      "project": 3, 
      "radius": -1.0, 
      "location_x": 7030.000,
      "location_y": 1980.000,
      "location_z": 0.000,
      "editor": 3,
      "user": 3
    }
  }, 
  {
    "pk": 377, 
    "model": "catmaid.treenode", 
    "fields": {
      "confidence": 5, 
      "skeleton": 373, 
      "parent": null, 
      "creation_time": "2011-09-27T07:57:19.447", 
      "edition_time": "2011-12-05T13:51:36.955", 
      "project": 3, 
      "radius": -1.0, 
      "location_x": 7620.000,
      "location_y": 2890.000,
      "location_z": 0.000,
      "editor": 3,
      "user": 3
    }
  }, 
  {
    "pk": 383, 
    "model": "catmaid.treenode", 
    "fields": {
      "confidence": 5, 
      "skeleton": 361, 
      "parent": 367, 
      "creation_time": "2011-09-27T07:57:24.747", 
      "edition_time": "2011-12-05T13:51:36.955", 
      "project": 3, 
      "radius": -1.0, 
      "location_x": 7850.000,
      "location_y": 1970.000,
      "location_z": 0.000,
      "editor": 3,
      "user": 3
    }
  }, 
  {
    "pk": 385, 
    "model": "catmaid.treenode", 
    "fields": {
      "confidence": 5, 
      "skeleton": 361, 
      "parent": 383, 
      "creation_time": "2011-09-27T07:57:25.555", 
      "edition_time": "2011-12-05T13:51:36.955", 
      "project": 3, 
      "radius": -1.0, 
      "location_x": 8530.000,
      "location_y": 1820.000,
      "location_z": 0.000,
      "editor": 3,
      "user": 3
    }
  }, 
  {
    "pk": 387, 
    "model": "catmaid.treenode", 
    "fields": {
      "confidence": 5, 
      "skeleton": 361, 
      "parent": 385, 
      "creation_time": "2011-09-27T07:57:26.310", 
      "edition_time": "2011-12-05T13:51:36.955", 
      "project": 3, 
      "radius": -1.0, 
      "location_x": 9030.000,
      "location_y": 1480.000,
      "location_z": 0.000,
      "editor": 3,
      "user": 3
    }
  }, 
  {
    "pk": 391, 
    "model": "catmaid.treenode", 
    "fields": {
      "confidence": 5, 
      "skeleton": 361, 
      "parent": 367, 
      "creation_time": "2011-09-27T07:57:34.626", 
      "edition_time": "2011-12-05T13:51:36.955", 
      "project": 3, 
      "radius": -1.0, 
      "location_x": 6740.000,
      "location_y": 1530.000,
      "location_z": 0.000,
      "editor": 3,
      "user": 3
    }
  }, 
  {
    "pk": 393, 
    "model": "catmaid.treenode", 
    "fields": {
      "confidence": 5, 
      "skeleton": 361, 
      "parent": 391, 
      "creation_time": "2011-09-27T07:57:35.676", 
      "edition_time": "2011-12-05T13:51:36.955", 
      "project": 3, 
      "radius": -1.0, 
      "location_x": 6910.000,
      "location_y": 990.000,
      "location_z": 0.000,
      "editor": 3,
      "user": 3
    }
  }, 
  {
    "pk": 395, 
    "model": "catmaid.treenode", 
    "fields": {
      "confidence": 5, 
      "skeleton": 361, 
      "parent": 393, 
      "creation_time": "2011-09-27T07:57:36.318", 
      "edition_time": "2011-12-05T13:51:36.955", 
      "project": 3, 
      "radius": -1.0, 
      "location_x": 6430.000,
      "location_y": 910.000,
      "location_z": 0.000,
      "editor": 3,
      "user": 3
    }
  }, 
  {
    "pk": 397, 
    "model": "catmaid.treenode", 
    "fields": {
      "confidence": 5, 
      "skeleton": 361, 
      "parent": 395, 
      "creation_time": "2011-09-27T07:57:36.995", 
      "edition_time": "2011-12-05T13:51:36.955", 
      "project": 3, 
      "radius": -1.0, 
      "location_x": 6140.000,
      "location_y": 640.000,
      "location_z": 0.000,
      "editor": 3,
      "user": 3
    }
  }, 
  {
    "pk": 399, 
    "model": "catmaid.treenode", 
    "fields": {
      "confidence": 5, 
      "skeleton": 361, 
      "parent": 397, 
      "creation_time": "2011-09-27T07:57:37.518", 
      "edition_time": "2011-12-05T13:51:36.955", 
      "project": 3, 
      "radius": -1.0, 
      "location_x": 5670.000,
      "location_y": 640.000,
      "location_z": 0.000,
      "editor": 3,
      "user": 3
    }
  }, 
  {
    "pk": 403, 
    "model": "catmaid.treenode", 
    "fields": {
      "confidence": 5, 
      "skeleton": 373, 
      "parent": 377, 
      "creation_time": "2011-09-27T07:57:55.026", 
      "edition_time": "2011-12-05T13:51:36.955", 
      "project": 3, 
      "radius": -1.0, 
      "location_x": 7840.000,
      "location_y": 2380.000,
      "location_z": 0.000,
      "editor": 3,
      "user": 3
    }
  }, 
  {
    "pk": 405, 
    "model": "catmaid.treenode", 
    "fields": {
      "confidence": 5, 
      "skeleton": 373, 
      "parent": 377, 
      "creation_time": "2011-09-27T07:57:57.310", 
      "edition_time": "2011-12-05T13:51:36.955", 
      "project": 3, 
      "radius": -1.0, 
      "location_x": 7390.000,
      "location_y": 3510.000,
      "location_z": 0.000,
      "editor": 3,
      "user": 3
    }
  }, 
  {
    "pk": 407, 
    "model": "catmaid.treenode", 
    "fields": {
      "confidence": 5, 
      "skeleton": 373, 
      "parent": 405, 
      "creation_time": "2011-09-27T07:57:57.976", 
      "edition_time": "2011-12-05T13:51:36.955", 
      "project": 3, 
      "radius": -1.0, 
      "location_x": 7080.000,
      "location_y": 3960.000,
      "location_z": 0.000,
      "editor": 3,
      "user": 3
    }
  }, 
  {
    "pk": 409, 
    "model": "catmaid.treenode", 
    "fields": {
      "confidence": 5, 
      "skeleton": 373, 
      "parent": 407, 
      "creation_time": "2011-09-27T07:57:58.454", 
      "edition_time": "2011-12-05T13:51:36.955", 
      "project": 3, 
      "radius": -1.0, 
      "location_x": 6630.000,
      "location_y": 4330.000,
      "location_z": 0.000,
      "editor": 3,
      "user": 3
    }
  }, 
  {
    "pk": 415, 
    "model": "catmaid.treenode", 
    "fields": {
      "confidence": 5, 
      "skeleton": 235, 
      "parent": 289, 
      "creation_time": "2011-10-07T07:02:13.511", 
      "edition_time": "2011-12-05T13:51:36.955", 
      "project": 3, 
      "radius": -1.0, 
      "location_x": 5810.000,
      "location_y": 3950.000,
      "location_z": 0.000,
      "editor": 3,
      "user": 3
    }
  }, 
  {
    "pk": 417, 
    "model": "catmaid.treenode", 
    "fields": {
      "confidence": 5, 
      "skeleton": 235, 
      "parent": 415, 
      "creation_time": "2011-10-07T07:02:15.176", 
      "edition_time": "2011-12-05T13:51:36.955", 
      "project": 3, 
      "radius": -1.0, 
      "location_x": 4990.000,
      "location_y": 4200.000,
      "location_z": 0.000,
      "editor": 3,
      "user": 3
    }
  }, 
  {
    "pk": 2368, 
    "model": "catmaid.treenode", 
    "fields": {
      "confidence": 5, 
      "skeleton": 2364, 
      "parent": null, 
      "creation_time": "2011-11-01T12:54:42.122", 
      "edition_time": "2011-12-05T13:51:36.955", 
      "project": 3, 
      "radius": -1.0, 
      "location_x": 1820.000,
      "location_y": 5390.000,
      "location_z": 0.000,
      "editor": 2,
      "user": 2
    }
  }, 
  {
    "pk": 2370, 
    "model": "catmaid.treenode", 
    "fields": {
      "confidence": 5, 
      "skeleton": 2364, 
      "parent": 2368, 
      "creation_time": "2011-11-01T12:54:43.555", 
      "edition_time": "2011-12-05T13:51:36.955", 
      "project": 3, 
      "radius": -1.0, 
      "location_x": 2140.000,
      "location_y": 4620.000,
      "location_z": 0.000,
      "editor": 2,
      "user": 2
    }
  }, 
  {
    "pk": 2372, 
    "model": "catmaid.treenode", 
    "fields": {
      "confidence": 5, 
      "skeleton": 2364, 
      "parent": 2370, 
      "creation_time": "2011-11-01T12:54:44.436", 
      "edition_time": "2011-12-05T13:51:36.955", 
      "project": 3, 
      "radius": -1.0, 
      "location_x": 2760.000,
      "location_y": 4600.000,
      "location_z": 0.000,
      "editor": 2,
      "user": 1
    }
  }, 
  {
    "pk": 2374, 
    "model": "catmaid.treenode", 
    "fields": {
      "confidence": 5, 
      "skeleton": 2364, 
      "parent": 2372, 
      "creation_time": "2011-11-01T12:54:45.793", 
      "edition_time": "2011-12-05T13:51:36.955", 
      "project": 3, 
      "radius": -1.0, 
      "location_x": 3310.000,
      "location_y": 5190.000,
      "location_z": 0.000,
      "editor": 2,
      "user": 1
    }
  }, 
  {
    "pk": 2376, 
    "model": "catmaid.treenode", 
    "fields": {
      "confidence": 5, 
      "skeleton": 2364, 
      "parent": 2374, 
      "creation_time": "2011-11-01T12:54:47.472", 
      "edition_time": "2011-12-05T13:51:36.955", 
      "project": 3, 
      "radius": -1.0, 
      "location_x": 3930.000,
      "location_y": 4330.000,
      "location_z": 0.000,
      "editor": 2,
      "user": 1
    }
  }, 
  {
    "pk": 2378, 
    "model": "catmaid.treenode", 
    "fields": {
      "confidence": 5, 
      "skeleton": 2364, 
      "parent": 2376, 
      "creation_time": "2011-11-01T12:54:48.503", 
      "edition_time": "2011-12-05T13:51:36.955", 
      "project": 3, 
      "radius": -1.0, 
      "location_x": 4420.000,
      "location_y": 4880.000,
      "location_z": 0.000,
      "editor": 2,
      "user": 1
    }
  }, 
  {
    "pk": 2392, 
    "model": "catmaid.treenode", 
    "fields": {
      "confidence": 5, 
      "skeleton": 2388, 
      "parent": null, 
      "creation_time": "2011-12-09T08:01:37.575", 
      "edition_time": "2011-12-09T08:01:37.575", 
      "project": 3, 
      "radius": -1.0, 
      "location_x": 2370.000,
      "location_y": 6080.000,
      "location_z": 0.000,
      "editor": 3,
      "user": 3
    }
  }, 
  {
    "pk": 2394, 
    "model": "catmaid.treenode", 
    "fields": {
      "confidence": 5, 
      "skeleton": 2388, 
      "parent": 2392, 
      "creation_time": "2011-12-09T08:01:39.388", 
      "edition_time": "2011-12-09T08:01:48.933", 
      "project": 3, 
      "radius": -1.0, 
      "location_x": 3110.000,
      "location_y": 6030.000,
      "location_z": 0.000,
      "editor": 3,
      "user": 3
    }
  }, 
  {
    "pk": 2396, 
    "model": "catmaid.treenode", 
    "fields": {
      "confidence": 5, 
      "skeleton": 2388, 
      "parent": 2394, 
      "creation_time": "2011-12-09T08:01:40.583", 
      "edition_time": "2011-12-09T08:01:40.583", 
      "project": 3, 
      "radius": -1.0, 
      "location_x": 3680.000,
      "location_y": 6550.000,
      "location_z": 0.000,
      "editor": 3,
      "user": 3
    }
  }, 
  {
    "pk": 2415, 
    "model": "catmaid.treenode", 
    "fields": {
      "confidence": 5, 
      "skeleton": 2411, 
      "parent": null, 
      "creation_time": "2011-12-09T08:01:59.149", 
      "edition_time": "2011-12-09T08:01:59.149", 
      "project": 3, 
      "radius": -1.0, 
      "location_x": 4110.000,
      "location_y": 6080.000,
      "location_z": 0.000,
      "editor": 3,
      "user": 3
    }
  }, 
  {
    "pk": 2417, 
    "model": "catmaid.treenode", 
    "fields": {
      "confidence": 5, 
      "skeleton": 2411, 
      "parent": 2415, 
      "creation_time": "2011-12-09T08:02:00.466", 
      "edition_time": "2011-12-09T08:02:00.466", 
      "project": 3, 
      "radius": -1.0, 
      "location_x": 4400.000,
      "location_y": 5730.000,
      "location_z": 0.000,
      "editor": 3,
      "user": 3
    }
  }, 
  {
    "pk": 2419, 
    "model": "catmaid.treenode", 
    "fields": {
      "confidence": 5, 
      "skeleton": 2411, 
      "parent": 2417, 
      "creation_time": "2011-12-09T08:02:01.614", 
      "edition_time": "2011-12-09T08:02:01.614", 
      "project": 3, 
      "radius": -1.0, 
      "location_x": 5040.000,
      "location_y": 5650.000,
      "location_z": 0.000,
      "editor": 3,
      "user": 3
    }
  }, 
  {
    "pk": 2423, 
    "model": "catmaid.treenode", 
    "fields": {
      "confidence": 5, 
      "skeleton": 2411, 
      "parent": 2415, 
      "creation_time": "2011-12-09T08:02:11.175", 
      "edition_time": "2011-12-09T08:02:11.175", 
      "project": 3, 
      "radius": -1.0, 
      "location_x": 4140.000,
      "location_y": 6460.000,
      "location_z": 0.000,
      "editor": 3,
      "user": 3
    }
  }, 
  {
    "pk": 2437, 
    "model": "catmaid.treenode", 
    "fields": {
      "confidence": 5, 
      "skeleton": 2433, 
      "parent": null, 
      "creation_time": "2012-07-22T16:50:57.758", 
      "edition_time": "2012-07-22T16:50:57.758", 
      "project": 3, 
      "radius": -1.0, 
      "location_x": 5290.000,
      "location_y": 3930.000,
      "location_z": 279.000,
      "editor": 3,
      "user": 3
    }
  }, 
  {
    "pk": 2444, 
    "model": "catmaid.treenode", 
    "fields": {
      "confidence": 5, 
      "skeleton": 2440, 
      "parent": null, 
      "creation_time": "2012-07-22T19:12:54.541", 
      "edition_time": "2012-07-22T19:12:54.541", 
      "project": 3, 
      "radius": -1.0, 
      "location_x": 4470.000,
      "location_y": 2110.000,
      "location_z": 180.000,
      "editor": 3,
      "user": 3
    }
  }, 
  {
    "pk": 2447, 
    "model": "catmaid.treenode", 
    "fields": {
      "confidence": 5, 
      "skeleton": 2440, 
      "parent": 2444, 
      "creation_time": "2012-07-22T19:13:08.185", 
      "edition_time": "2012-07-22T19:13:08.185", 
      "project": 3, 
      "radius": -1.0, 
      "location_x": 4910.000,
      "location_y": 3260.000,
      "location_z": 180.000,
      "editor": 3,
      "user": 3
    }
  }, 
  {
    "pk": 2449, 
    "model": "catmaid.treenode", 
    "fields": {
      "confidence": 5, 
      "skeleton": 2440, 
      "parent": 2444, 
      "creation_time": "2012-07-22T19:13:26.149", 
      "edition_time": "2012-07-22T19:13:26.149", 
      "project": 3, 
      "radius": -1.0, 
      "location_x": 5110.000,
      "location_y": 2500.000,
      "location_z": 180.000,
      "editor": 3,
      "user": 3
    }
  }, 
  {
    "pk": 2455, 
    "model": "catmaid.treenode", 
    "fields": {
      "confidence": 5, 
      "skeleton": 2451, 
      "parent": null, 
      "creation_time": "2012-07-22T19:15:24.010", 
      "edition_time": "2012-07-22T19:15:24.010", 
      "project": 3, 
      "radius": -1.0, 
      "location_x": 3680.000,
      "location_y": 2530.000,
      "location_z": 180.000,
      "editor": 3,
      "user": 3
    }
  }, 
  {
    "pk": 356, 
    "model": "catmaid.connector", 
    "fields": {
      "confidence": 5, 
      "creation_time": "2011-09-27T07:57:15.967", 
      "edition_time": "2011-10-27T10:45:09.870", 
      "project": 3, 
      "location_x": 6730.000,
      "location_y": 2700.000,
      "location_z": 0.000,
      "editor": 3,
      "user": 3
    }
  }, 
  {
    "pk": 421, 
    "model": "catmaid.connector", 
    "fields": {
      "confidence": 5, 
      "creation_time": "2011-10-07T07:02:22.656", 
      "edition_time": "2011-10-07T07:02:30.396", 
      "project": 3, 
      "location_x": 6260.000,
      "location_y": 3990.000,
      "location_z": 0.000,
      "editor": 3,
      "user": 3
    }
  }, 
  {
    "pk": 432, 
    "model": "catmaid.connector", 
    "fields": {
      "confidence": 5, 
      "creation_time": "2011-10-11T10:49:08.042", 
      "edition_time": "2011-10-31T05:22:37.263", 
      "project": 3, 
      "location_x": 2640.000,
      "location_y": 3450.000,
      "location_z": 0.000,
      "editor": 3,
      "user": 3
    }
  }, 
  {
    "pk": 2400, 
    "model": "catmaid.connector", 
    "fields": {
      "confidence": 5, 
      "creation_time": "2011-12-09T08:01:43.965", 
      "edition_time": "2011-12-09T08:01:43.965", 
      "project": 3, 
      "location_x": 3400.000,
      "location_y": 5620.000,
      "location_z": 0.000,
      "editor": 3,
      "user": 3
    }
  }, 
  {
    "pk": 2458, 
    "model": "catmaid.connector", 
    "fields": {
      "confidence": 5, 
      "creation_time": "2012-07-23T21:54:02.486", 
      "edition_time": "2012-07-23T21:54:02.486", 
      "project": 3, 
      "location_x": 5870.000,
      "location_y": 3460.000,
      "location_z": 243.000,
      "editor": 3,
      "user": 3
    }
  }, 
  {
    "pk": 8, 
    "model": "catmaid.treenodeclassinstance", 
    "fields": {
      "treenode": 7, 
      "creation_time": "2011-09-04T07:53:41.243", 
      "edition_time": "2011-09-04T07:53:41.243", 
      "project": 3, 
      "relation": 11, 
      "user": 3, 
      "class_instance": 1
    }
  }, 
  {
    "pk": 12, 
    "model": "catmaid.treenodeclassinstance", 
    "fields": {
      "treenode": 11, 
      "creation_time": "2011-09-04T07:54:16.301", 
      "edition_time": "2011-09-04T07:54:16.301", 
      "project": 3, 
      "relation": 11, 
      "user": 3, 
      "class_instance": 1
    }
  }, 
  {
    "pk": 14, 
    "model": "catmaid.treenodeclassinstance", 
    "fields": {
      "treenode": 13, 
      "creation_time": "2011-09-04T07:54:24.528", 
      "edition_time": "2011-09-04T07:54:24.528", 
      "project": 3, 
      "relation": 11, 
      "user": 3, 
      "class_instance": 1
    }
  }, 
  {
    "pk": 16, 
    "model": "catmaid.treenodeclassinstance", 
    "fields": {
      "treenode": 15, 
      "creation_time": "2011-09-04T07:54:26.464", 
      "edition_time": "2011-09-04T07:54:26.464", 
      "project": 3, 
      "relation": 11, 
      "user": 3, 
      "class_instance": 1
    }
  }, 
  {
    "pk": 18, 
    "model": "catmaid.treenodeclassinstance", 
    "fields": {
      "treenode": 17, 
      "creation_time": "2011-09-04T07:54:28.523", 
      "edition_time": "2011-09-04T07:54:28.523", 
      "project": 3, 
      "relation": 11, 
      "user": 3, 
      "class_instance": 1
    }
  }, 
  {
    "pk": 238, 
    "model": "catmaid.treenodeclassinstance", 
    "fields": {
      "treenode": 237, 
      "creation_time": "2011-09-27T07:49:15.802", 
      "edition_time": "2011-09-27T07:49:15.802", 
      "project": 3, 
      "relation": 11, 
      "user": 3, 
      "class_instance": 235
    }
  }, 
  {
    "pk": 240, 
    "model": "catmaid.treenodeclassinstance", 
    "fields": {
      "treenode": 239, 
      "creation_time": "2011-09-27T07:49:16.553", 
      "edition_time": "2011-09-27T07:49:16.553", 
      "project": 3, 
      "relation": 11, 
      "user": 3, 
      "class_instance": 235
    }
  }, 
  {
    "pk": 242, 
    "model": "catmaid.treenodeclassinstance", 
    "fields": {
      "treenode": 241, 
      "creation_time": "2011-09-27T07:49:17.217", 
      "edition_time": "2011-09-27T07:49:17.217", 
      "project": 3, 
      "relation": 11, 
      "user": 3, 
      "class_instance": 235
    }
  }, 
  {
    "pk": 244, 
    "model": "catmaid.treenodeclassinstance", 
    "fields": {
      "treenode": 243, 
      "creation_time": "2011-09-27T07:49:17.660", 
      "edition_time": "2011-09-27T07:49:17.660", 
      "project": 3, 
      "relation": 11, 
      "user": 3, 
      "class_instance": 235
    }
  }, 
  {
    "pk": 246, 
    "model": "catmaid.treenodeclassinstance", 
    "fields": {
      "treenode": 245, 
      "creation_time": "2011-09-27T07:49:18.343", 
      "edition_time": "2011-09-27T07:49:18.343", 
      "project": 3, 
      "relation": 11, 
      "user": 3, 
      "class_instance": 235
    }
  }, 
  {
    "pk": 248, 
    "model": "catmaid.treenodeclassinstance", 
    "fields": {
      "treenode": 247, 
      "creation_time": "2011-09-27T07:49:19.012", 
      "edition_time": "2011-09-27T07:49:19.012", 
      "project": 3, 
      "relation": 11, 
      "user": 3, 
      "class_instance": 235
    }
  }, 
  {
    "pk": 250, 
    "model": "catmaid.treenodeclassinstance", 
    "fields": {
      "treenode": 249, 
      "creation_time": "2011-09-27T07:49:19.887", 
      "edition_time": "2011-09-27T07:49:19.887", 
      "project": 3, 
      "relation": 11, 
      "user": 3, 
      "class_instance": 235
    }
  }, 
  {
    "pk": 252, 
    "model": "catmaid.treenodeclassinstance", 
    "fields": {
      "treenode": 251, 
      "creation_time": "2011-09-27T07:49:20.514", 
      "edition_time": "2011-09-27T07:49:20.514", 
      "project": 3, 
      "relation": 11, 
      "user": 3, 
      "class_instance": 235
    }
  }, 
  {
    "pk": 254, 
    "model": "catmaid.treenodeclassinstance", 
    "fields": {
      "treenode": 253, 
      "creation_time": "2011-09-27T07:49:21.493", 
      "edition_time": "2011-09-27T07:49:21.493", 
      "project": 3, 
      "relation": 11, 
      "user": 3, 
      "class_instance": 235
    }
  }, 
  {
    "pk": 256, 
    "model": "catmaid.treenodeclassinstance", 
    "fields": {
      "treenode": 255, 
      "creation_time": "2011-09-27T07:49:22.835", 
      "edition_time": "2011-09-27T07:49:22.835", 
      "project": 3, 
      "relation": 11, 
      "user": 3, 
      "class_instance": 235
    }
  }, 
  {
    "pk": 258, 
    "model": "catmaid.treenodeclassinstance", 
    "fields": {
      "treenode": 257, 
      "creation_time": "2011-09-27T07:49:23.591", 
      "edition_time": "2011-09-27T07:49:23.591", 
      "project": 3, 
      "relation": 11, 
      "user": 3, 
      "class_instance": 235
    }
  }, 
  {
    "pk": 260, 
    "model": "catmaid.treenodeclassinstance", 
    "fields": {
      "treenode": 259, 
      "creation_time": "2011-09-27T07:49:24.879", 
      "edition_time": "2011-09-27T07:49:24.879", 
      "project": 3, 
      "relation": 11, 
      "user": 3, 
      "class_instance": 235
    }
  }, 
  {
    "pk": 262, 
    "model": "catmaid.treenodeclassinstance", 
    "fields": {
      "treenode": 261, 
      "creation_time": "2011-09-27T07:49:25.549", 
      "edition_time": "2011-09-27T07:49:25.549", 
      "project": 3, 
      "relation": 11, 
      "user": 3, 
      "class_instance": 235
    }
  }, 
  {
    "pk": 264, 
    "model": "catmaid.treenodeclassinstance", 
    "fields": {
      "treenode": 263, 
      "creation_time": "2011-09-27T07:49:27.637", 
      "edition_time": "2011-09-27T07:49:27.637", 
      "project": 3, 
      "relation": 11, 
      "user": 3, 
      "class_instance": 235
    }
  }, 
  {
    "pk": 266, 
    "model": "catmaid.treenodeclassinstance", 
    "fields": {
      "treenode": 265, 
      "creation_time": "2011-09-27T07:49:28.080", 
      "edition_time": "2011-09-27T07:49:28.080", 
      "project": 3, 
      "relation": 11, 
      "user": 3, 
      "class_instance": 235
    }
  }, 
  {
    "pk": 268, 
    "model": "catmaid.treenodeclassinstance", 
    "fields": {
      "treenode": 267, 
      "creation_time": "2011-09-27T07:49:28.515", 
      "edition_time": "2011-09-27T07:49:28.515", 
      "project": 3, 
      "relation": 11, 
      "user": 3, 
      "class_instance": 235
    }
  }, 
  {
    "pk": 270, 
    "model": "catmaid.treenodeclassinstance", 
    "fields": {
      "treenode": 269, 
      "creation_time": "2011-09-27T07:49:31.952", 
      "edition_time": "2011-09-27T07:49:31.952", 
      "project": 3, 
      "relation": 11, 
      "user": 3, 
      "class_instance": 235
    }
  }, 
  {
    "pk": 272, 
    "model": "catmaid.treenodeclassinstance", 
    "fields": {
      "treenode": 271, 
      "creation_time": "2011-09-27T07:49:32.376", 
      "edition_time": "2011-09-27T07:49:32.376", 
      "project": 3, 
      "relation": 11, 
      "user": 3, 
      "class_instance": 235
    }
  }, 
  {
    "pk": 274, 
    "model": "catmaid.treenodeclassinstance", 
    "fields": {
      "treenode": 273, 
      "creation_time": "2011-09-27T07:49:32.824", 
      "edition_time": "2011-09-27T07:49:32.824", 
      "project": 3, 
      "relation": 11, 
      "user": 3, 
      "class_instance": 235
    }
  }, 
  {
    "pk": 276, 
    "model": "catmaid.treenodeclassinstance", 
    "fields": {
      "treenode": 275, 
      "creation_time": "2011-09-27T07:49:33.254", 
      "edition_time": "2011-09-27T07:49:33.254", 
      "project": 3, 
      "relation": 11, 
      "user": 3, 
      "class_instance": 235
    }
  }, 
  {
    "pk": 278, 
    "model": "catmaid.treenodeclassinstance", 
    "fields": {
      "treenode": 277, 
      "creation_time": "2011-09-27T07:49:33.770", 
      "edition_time": "2011-09-27T07:49:33.770", 
      "project": 3, 
      "relation": 11, 
      "user": 3, 
      "class_instance": 235
    }
  }, 
  {
    "pk": 280, 
    "model": "catmaid.treenodeclassinstance", 
    "fields": {
      "treenode": 279, 
      "creation_time": "2011-09-27T07:49:35.689", 
      "edition_time": "2011-09-27T07:49:35.689", 
      "project": 3, 
      "relation": 11, 
      "user": 3, 
      "class_instance": 235
    }
  }, 
  {
    "pk": 282, 
    "model": "catmaid.treenodeclassinstance", 
    "fields": {
      "treenode": 281, 
      "creation_time": "2011-09-27T07:49:36.374", 
      "edition_time": "2011-09-27T07:49:36.374", 
      "project": 3, 
      "relation": 11, 
      "user": 3, 
      "class_instance": 235
    }
  }, 
  {
    "pk": 284, 
    "model": "catmaid.treenodeclassinstance", 
    "fields": {
      "treenode": 283, 
      "creation_time": "2011-09-27T07:49:36.843", 
      "edition_time": "2011-09-27T07:49:36.843", 
      "project": 3, 
      "relation": 11, 
      "user": 3, 
      "class_instance": 235
    }
  }, 
  {
    "pk": 286, 
    "model": "catmaid.treenodeclassinstance", 
    "fields": {
      "treenode": 285, 
      "creation_time": "2011-09-27T07:49:37.269", 
      "edition_time": "2011-09-27T07:49:37.269", 
      "project": 3, 
      "relation": 11, 
      "user": 3, 
      "class_instance": 235
    }
  }, 
  {
    "pk": 290, 
    "model": "catmaid.treenodeclassinstance", 
    "fields": {
      "treenode": 289, 
      "creation_time": "2011-09-27T07:49:38.607", 
      "edition_time": "2011-09-27T07:49:38.607", 
      "project": 3, 
      "relation": 11, 
      "user": 3, 
      "class_instance": 235
    }
  }, 
  {
    "pk": 294, 
    "model": "catmaid.treenodeclassinstance", 
    "fields": {
      "treenode": 293, 
      "creation_time": "2011-09-27T07:54:31.891", 
      "edition_time": "2011-09-27T07:54:31.891", 
      "project": 3, 
      "relation": 11, 
      "user": 3, 
      "class_instance": 1
    }
  }, 
  {
    "pk": 296, 
    "model": "catmaid.treenodeclassinstance", 
    "fields": {
      "treenode": 295, 
      "creation_time": "2011-09-27T07:54:33.793", 
      "edition_time": "2011-09-27T07:54:33.793", 
      "project": 3, 
      "relation": 11, 
      "user": 3, 
      "class_instance": 1
    }
  }, 
  {
    "pk": 298, 
    "model": "catmaid.treenodeclassinstance", 
    "fields": {
      "treenode": 297, 
      "creation_time": "2011-09-27T07:54:35.521", 
      "edition_time": "2011-09-27T07:54:35.521", 
      "project": 3, 
      "relation": 11, 
      "user": 3, 
      "class_instance": 1
    }
  }, 
  {
    "pk": 300, 
    "model": "catmaid.treenodeclassinstance", 
    "fields": {
      "treenode": 299, 
      "creation_time": "2011-09-27T07:54:37.211", 
      "edition_time": "2011-09-27T07:54:37.211", 
      "project": 3, 
      "relation": 11, 
      "user": 3, 
      "class_instance": 1
    }
  }, 
  {
    "pk": 302, 
    "model": "catmaid.treenodeclassinstance", 
    "fields": {
      "treenode": 301, 
      "creation_time": "2011-09-27T07:54:38.863", 
      "edition_time": "2011-09-27T07:54:38.863", 
      "project": 3, 
      "relation": 11, 
      "user": 3, 
      "class_instance": 1
    }
  }, 
  {
    "pk": 304, 
    "model": "catmaid.treenodeclassinstance", 
    "fields": {
      "treenode": 303, 
      "creation_time": "2011-09-27T07:54:40.603", 
      "edition_time": "2011-09-27T07:54:40.603", 
      "project": 3, 
      "relation": 11, 
      "user": 3, 
      "class_instance": 1
    }
  }, 
  {
    "pk": 306, 
    "model": "catmaid.treenodeclassinstance", 
    "fields": {
      "treenode": 305, 
      "creation_time": "2011-09-27T07:54:43.902", 
      "edition_time": "2011-09-27T07:54:43.902", 
      "project": 3, 
      "relation": 11, 
      "user": 3, 
      "class_instance": 1
    }
  }, 
  {
    "pk": 310, 
    "model": "catmaid.treenodeclassinstance", 
    "fields": {
      "treenode": 309, 
      "creation_time": "2011-09-27T07:55:15.319", 
      "edition_time": "2011-09-27T07:55:15.319", 
      "project": 3, 
      "relation": 11, 
      "user": 3, 
      "class_instance": 1
    }
  }, 
  {
    "pk": 312, 
    "model": "catmaid.treenodeclassinstance", 
    "fields": {
      "treenode": 311, 
      "creation_time": "2011-09-27T07:55:19.502", 
      "edition_time": "2011-09-27T07:55:19.502", 
      "project": 3, 
      "relation": 11, 
      "user": 3, 
      "class_instance": 1
    }
  }, 
  {
    "pk": 314, 
    "model": "catmaid.treenodeclassinstance", 
    "fields": {
      "treenode": 313, 
      "creation_time": "2011-09-27T07:55:21.329", 
      "edition_time": "2011-09-27T07:55:21.329", 
      "project": 3, 
      "relation": 11, 
      "user": 3, 
      "class_instance": 1
    }
  }, 
  {
    "pk": 316, 
    "model": "catmaid.treenodeclassinstance", 
    "fields": {
      "treenode": 315, 
      "creation_time": "2011-09-27T07:55:23.334", 
      "edition_time": "2011-09-27T07:55:23.334", 
      "project": 3, 
      "relation": 11, 
      "user": 3, 
      "class_instance": 1
    }
  }, 
  {
    "pk": 318, 
    "model": "catmaid.treenodeclassinstance", 
    "fields": {
      "treenode": 317, 
      "creation_time": "2011-09-27T07:55:25.134", 
      "edition_time": "2011-09-27T07:55:25.134", 
      "project": 3, 
      "relation": 11, 
      "user": 3, 
      "class_instance": 1
    }
  }, 
  {
    "pk": 320, 
    "model": "catmaid.treenodeclassinstance", 
    "fields": {
      "treenode": 319, 
      "creation_time": "2011-09-27T07:55:26.647", 
      "edition_time": "2011-09-27T07:55:26.647", 
      "project": 3, 
      "relation": 11, 
      "user": 3, 
      "class_instance": 1
    }
  }, 
  {
    "pk": 322, 
    "model": "catmaid.treenodeclassinstance", 
    "fields": {
      "treenode": 321, 
      "creation_time": "2011-09-27T07:55:28.081", 
      "edition_time": "2011-09-27T07:55:28.081", 
      "project": 3, 
      "relation": 11, 
      "user": 3, 
      "class_instance": 1
    }
  }, 
  {
    "pk": 324, 
    "model": "catmaid.treenodeclassinstance", 
    "fields": {
      "treenode": 323, 
      "creation_time": "2011-09-27T07:55:29.498", 
      "edition_time": "2011-09-27T07:55:29.498", 
      "project": 3, 
      "relation": 11, 
      "user": 3, 
      "class_instance": 1
    }
  }, 
  {
    "pk": 326, 
    "model": "catmaid.treenodeclassinstance", 
    "fields": {
      "treenode": 325, 
      "creation_time": "2011-09-27T07:55:30.721", 
      "edition_time": "2011-09-27T07:55:30.721", 
      "project": 3, 
      "relation": 11, 
      "user": 3, 
      "class_instance": 1
    }
  }, 
  {
    "pk": 336, 
    "model": "catmaid.treenodeclassinstance", 
    "fields": {
      "treenode": 335, 
      "creation_time": "2011-09-27T07:56:07.198", 
      "edition_time": "2011-09-27T07:56:07.198", 
      "project": 3, 
      "relation": 11, 
      "user": 3, 
      "class_instance": 1
    }
  }, 
  {
    "pk": 338, 
    "model": "catmaid.treenodeclassinstance", 
    "fields": {
      "treenode": 337, 
      "creation_time": "2011-09-27T07:56:10.196", 
      "edition_time": "2011-09-27T07:56:10.196", 
      "project": 3, 
      "relation": 11, 
      "user": 3, 
      "class_instance": 1
    }
  }, 
  {
    "pk": 340, 
    "model": "catmaid.treenodeclassinstance", 
    "fields": {
      "treenode": 339, 
      "creation_time": "2011-09-27T07:56:12.174", 
      "edition_time": "2011-09-27T07:56:12.174", 
      "project": 3, 
      "relation": 11, 
      "user": 3, 
      "class_instance": 1
    }
  }, 
  {
    "pk": 342, 
    "model": "catmaid.treenodeclassinstance", 
    "fields": {
      "treenode": 341, 
      "creation_time": "2011-09-27T07:56:14.347", 
      "edition_time": "2011-09-27T07:56:14.347", 
      "project": 3, 
      "relation": 11, 
      "user": 3, 
      "class_instance": 1
    }
  }, 
  {
    "pk": 344, 
    "model": "catmaid.treenodeclassinstance", 
    "fields": {
      "treenode": 343, 
      "creation_time": "2011-09-27T07:56:18.238", 
      "edition_time": "2011-09-27T07:56:18.238", 
      "project": 3, 
      "relation": 11, 
      "user": 3, 
      "class_instance": 1
    }
  }, 
  {
    "pk": 346, 
    "model": "catmaid.treenodeclassinstance", 
    "fields": {
      "treenode": 345, 
      "creation_time": "2011-09-27T07:56:19.960", 
      "edition_time": "2011-09-27T07:56:19.960", 
      "project": 3, 
      "relation": 11, 
      "user": 3, 
      "class_instance": 1
    }
  }, 
  {
    "pk": 348, 
    "model": "catmaid.treenodeclassinstance", 
    "fields": {
      "treenode": 347, 
      "creation_time": "2011-09-27T07:56:21.927", 
      "edition_time": "2011-09-27T07:56:21.927", 
      "project": 3, 
      "relation": 11, 
      "user": 3, 
      "class_instance": 1
    }
  }, 
  {
    "pk": 350, 
    "model": "catmaid.treenodeclassinstance", 
    "fields": {
      "treenode": 349, 
      "creation_time": "2011-09-27T07:56:24.082", 
      "edition_time": "2011-09-27T07:56:24.082", 
      "project": 3, 
      "relation": 11, 
      "user": 3, 
      "class_instance": 1
    }
  }, 
  {
    "pk": 353, 
    "model": "catmaid.treenodeclassinstance", 
    "fields": {
      "treenode": 349, 
      "creation_time": "2011-09-27T07:56:45.996", 
      "edition_time": "2011-09-27T07:56:45.996", 
      "project": 3, 
      "relation": 35, 
      "user": 3, 
      "class_instance": 351
    }
  }, 
  {
    "pk": 368, 
    "model": "catmaid.treenodeclassinstance", 
    "fields": {
      "treenode": 367, 
      "creation_time": "2011-09-27T07:57:17.808", 
      "edition_time": "2011-09-27T07:57:17.808", 
      "project": 3, 
      "relation": 11, 
      "user": 3, 
      "class_instance": 361
    }
  }, 
  {
    "pk": 378, 
    "model": "catmaid.treenodeclassinstance", 
    "fields": {
      "treenode": 377, 
      "creation_time": "2011-09-27T07:57:19.447", 
      "edition_time": "2011-09-27T07:57:19.447", 
      "project": 3, 
      "relation": 11, 
      "user": 3, 
      "class_instance": 373
    }
  }, 
  {
    "pk": 384, 
    "model": "catmaid.treenodeclassinstance", 
    "fields": {
      "treenode": 383, 
      "creation_time": "2011-09-27T07:57:24.747", 
      "edition_time": "2011-09-27T07:57:24.747", 
      "project": 3, 
      "relation": 11, 
      "user": 3, 
      "class_instance": 361
    }
  }, 
  {
    "pk": 386, 
    "model": "catmaid.treenodeclassinstance", 
    "fields": {
      "treenode": 385, 
      "creation_time": "2011-09-27T07:57:25.555", 
      "edition_time": "2011-09-27T07:57:25.555", 
      "project": 3, 
      "relation": 11, 
      "user": 3, 
      "class_instance": 361
    }
  }, 
  {
    "pk": 388, 
    "model": "catmaid.treenodeclassinstance", 
    "fields": {
      "treenode": 387, 
      "creation_time": "2011-09-27T07:57:26.310", 
      "edition_time": "2011-09-27T07:57:26.310", 
      "project": 3, 
      "relation": 11, 
      "user": 3, 
      "class_instance": 361
    }
  }, 
  {
    "pk": 392, 
    "model": "catmaid.treenodeclassinstance", 
    "fields": {
      "treenode": 391, 
      "creation_time": "2011-09-27T07:57:34.626", 
      "edition_time": "2011-09-27T07:57:34.626", 
      "project": 3, 
      "relation": 11, 
      "user": 3, 
      "class_instance": 361
    }
  }, 
  {
    "pk": 394, 
    "model": "catmaid.treenodeclassinstance", 
    "fields": {
      "treenode": 393, 
      "creation_time": "2011-09-27T07:57:35.676", 
      "edition_time": "2011-09-27T07:57:35.676", 
      "project": 3, 
      "relation": 11, 
      "user": 3, 
      "class_instance": 361
    }
  }, 
  {
    "pk": 396, 
    "model": "catmaid.treenodeclassinstance", 
    "fields": {
      "treenode": 395, 
      "creation_time": "2011-09-27T07:57:36.318", 
      "edition_time": "2011-09-27T07:57:36.318", 
      "project": 3, 
      "relation": 11, 
      "user": 3, 
      "class_instance": 361
    }
  }, 
  {
    "pk": 398, 
    "model": "catmaid.treenodeclassinstance", 
    "fields": {
      "treenode": 397, 
      "creation_time": "2011-09-27T07:57:36.995", 
      "edition_time": "2011-09-27T07:57:36.995", 
      "project": 3, 
      "relation": 11, 
      "user": 3, 
      "class_instance": 361
    }
  }, 
  {
    "pk": 400, 
    "model": "catmaid.treenodeclassinstance", 
    "fields": {
      "treenode": 399, 
      "creation_time": "2011-09-27T07:57:37.518", 
      "edition_time": "2011-09-27T07:57:37.518", 
      "project": 3, 
      "relation": 11, 
      "user": 3, 
      "class_instance": 361
    }
  }, 
  {
    "pk": 404, 
    "model": "catmaid.treenodeclassinstance", 
    "fields": {
      "treenode": 403, 
      "creation_time": "2011-09-27T07:57:55.026", 
      "edition_time": "2011-09-27T07:57:55.026", 
      "project": 3, 
      "relation": 11, 
      "user": 3, 
      "class_instance": 373
    }
  }, 
  {
    "pk": 406, 
    "model": "catmaid.treenodeclassinstance", 
    "fields": {
      "treenode": 405, 
      "creation_time": "2011-09-27T07:57:57.310", 
      "edition_time": "2011-09-27T07:57:57.310", 
      "project": 3, 
      "relation": 11, 
      "user": 3, 
      "class_instance": 373
    }
  }, 
  {
    "pk": 408, 
    "model": "catmaid.treenodeclassinstance", 
    "fields": {
      "treenode": 407, 
      "creation_time": "2011-09-27T07:57:57.976", 
      "edition_time": "2011-09-27T07:57:57.976", 
      "project": 3, 
      "relation": 11, 
      "user": 3, 
      "class_instance": 373
    }
  }, 
  {
    "pk": 410, 
    "model": "catmaid.treenodeclassinstance", 
    "fields": {
      "treenode": 409, 
      "creation_time": "2011-09-27T07:57:58.454", 
      "edition_time": "2011-09-27T07:57:58.454", 
      "project": 3, 
      "relation": 11, 
      "user": 3, 
      "class_instance": 373
    }
  }, 
  {
    "pk": 416, 
    "model": "catmaid.treenodeclassinstance", 
    "fields": {
      "treenode": 415, 
      "creation_time": "2011-10-07T07:02:13.511", 
      "edition_time": "2011-10-07T07:02:13.511", 
      "project": 3, 
      "relation": 11, 
      "user": 3, 
      "class_instance": 235
    }
  }, 
  {
    "pk": 418, 
    "model": "catmaid.treenodeclassinstance", 
    "fields": {
      "treenode": 417, 
      "creation_time": "2011-10-07T07:02:15.176", 
      "edition_time": "2011-10-07T07:02:15.176", 
      "project": 3, 
      "relation": 11, 
      "user": 3, 
      "class_instance": 235
    }
  }, 
  {
    "pk": 2341, 
    "model": "catmaid.treenodeclassinstance", 
    "fields": {
      "treenode": 261, 
      "creation_time": "2011-10-31T05:21:43.998", 
      "edition_time": "2011-10-31T05:21:43.998", 
      "project": 3, 
      "relation": 35, 
      "user": 3, 
      "class_instance": 351
    }
  }, 
  {
    "pk": 2357, 
    "model": "catmaid.treenodeclassinstance", 
    "fields": {
      "treenode": 403, 
      "creation_time": "2011-10-31T05:25:15.462", 
      "edition_time": "2011-10-31T05:25:15.462", 
      "project": 3, 
      "relation": 35, 
      "user": 3, 
      "class_instance": 2342
    }
  }, 
  {
    "pk": 2369, 
    "model": "catmaid.treenodeclassinstance", 
    "fields": {
      "treenode": 2368, 
      "creation_time": "2011-11-01T12:54:42.122", 
      "edition_time": "2011-11-01T12:54:42.122", 
      "project": 3, 
      "relation": 11, 
      "user": 2, 
      "class_instance": 2364
    }
  }, 
  {
    "pk": 2371, 
    "model": "catmaid.treenodeclassinstance", 
    "fields": {
      "treenode": 2370, 
      "creation_time": "2011-11-01T12:54:43.555", 
      "edition_time": "2011-11-01T12:54:43.555", 
      "project": 3, 
      "relation": 11, 
      "user": 2, 
      "class_instance": 2364
    }
  }, 
  {
    "pk": 2373, 
    "model": "catmaid.treenodeclassinstance", 
    "fields": {
      "treenode": 2372, 
      "creation_time": "2011-11-01T12:54:44.436", 
      "edition_time": "2011-11-01T12:54:44.436", 
      "project": 3, 
      "relation": 11, 
      "user": 2, 
      "class_instance": 2364
    }
  }, 
  {
    "pk": 2375, 
    "model": "catmaid.treenodeclassinstance", 
    "fields": {
      "treenode": 2374, 
      "creation_time": "2011-11-01T12:54:45.793", 
      "edition_time": "2011-11-01T12:54:45.793", 
      "project": 3, 
      "relation": 11, 
      "user": 2, 
      "class_instance": 2364
    }
  }, 
  {
    "pk": 2377, 
    "model": "catmaid.treenodeclassinstance", 
    "fields": {
      "treenode": 2376, 
      "creation_time": "2011-11-01T12:54:47.472", 
      "edition_time": "2011-11-01T12:54:47.472", 
      "project": 3, 
      "relation": 11, 
      "user": 2, 
      "class_instance": 2364
    }
  }, 
  {
    "pk": 2379, 
    "model": "catmaid.treenodeclassinstance", 
    "fields": {
      "treenode": 2378, 
      "creation_time": "2011-11-01T12:54:48.503", 
      "edition_time": "2011-11-01T12:54:48.503", 
      "project": 3, 
      "relation": 11, 
      "user": 2, 
      "class_instance": 2364
    }
  }, 
  {
    "pk": 2393, 
    "model": "catmaid.treenodeclassinstance", 
    "fields": {
      "treenode": 2392, 
      "creation_time": "2011-12-09T08:01:37.575", 
      "edition_time": "2011-12-09T08:01:37.575", 
      "project": 3, 
      "relation": 11, 
      "user": 3, 
      "class_instance": 2388
    }
  }, 
  {
    "pk": 2395, 
    "model": "catmaid.treenodeclassinstance", 
    "fields": {
      "treenode": 2394, 
      "creation_time": "2011-12-09T08:01:39.388", 
      "edition_time": "2011-12-09T08:01:39.388", 
      "project": 3, 
      "relation": 11, 
      "user": 3, 
      "class_instance": 2388
    }
  }, 
  {
    "pk": 2397, 
    "model": "catmaid.treenodeclassinstance", 
    "fields": {
      "treenode": 2396, 
      "creation_time": "2011-12-09T08:01:40.583", 
      "edition_time": "2011-12-09T08:01:40.583", 
      "project": 3, 
      "relation": 11, 
      "user": 3, 
      "class_instance": 2388
    }
  }, 
  {
    "pk": 2416, 
    "model": "catmaid.treenodeclassinstance", 
    "fields": {
      "treenode": 2415, 
      "creation_time": "2011-12-09T08:01:59.149", 
      "edition_time": "2011-12-09T08:01:59.149", 
      "project": 3, 
      "relation": 11, 
      "user": 3, 
      "class_instance": 2411
    }
  }, 
  {
    "pk": 2418, 
    "model": "catmaid.treenodeclassinstance", 
    "fields": {
      "treenode": 2417, 
      "creation_time": "2011-12-09T08:02:00.466", 
      "edition_time": "2011-12-09T08:02:00.466", 
      "project": 3, 
      "relation": 11, 
      "user": 3, 
      "class_instance": 2411
    }
  }, 
  {
    "pk": 2420, 
    "model": "catmaid.treenodeclassinstance", 
    "fields": {
      "treenode": 2419, 
      "creation_time": "2011-12-09T08:02:01.614", 
      "edition_time": "2011-12-09T08:02:01.614", 
      "project": 3, 
      "relation": 11, 
      "user": 3, 
      "class_instance": 2411
    }
  }, 
  {
    "pk": 2424, 
    "model": "catmaid.treenodeclassinstance", 
    "fields": {
      "treenode": 2423, 
      "creation_time": "2011-12-09T08:02:11.175", 
      "edition_time": "2011-12-09T08:02:11.175", 
      "project": 3, 
      "relation": 11, 
      "user": 3, 
      "class_instance": 2411
    }
  }, 
  {
    "pk": 2438, 
    "model": "catmaid.treenodeclassinstance", 
    "fields": {
      "treenode": 2437, 
      "creation_time": "2012-07-22T16:50:57.758", 
      "edition_time": "2012-07-22T16:50:57.758", 
      "project": 3, 
      "relation": 11, 
      "user": 3, 
      "class_instance": 2433
    }
  }, 
  {
    "pk": 2445, 
    "model": "catmaid.treenodeclassinstance", 
    "fields": {
      "treenode": 2444, 
      "creation_time": "2012-07-22T19:12:54.541", 
      "edition_time": "2012-07-22T19:12:54.541", 
      "project": 3, 
      "relation": 11, 
      "user": 3, 
      "class_instance": 2440
    }
  }, 
  {
    "pk": 2448, 
    "model": "catmaid.treenodeclassinstance", 
    "fields": {
      "treenode": 2447, 
      "creation_time": "2012-07-22T19:13:08.185", 
      "edition_time": "2012-07-22T19:13:08.185", 
      "project": 3, 
      "relation": 11, 
      "user": 3, 
      "class_instance": 2440
    }
  }, 
  {
    "pk": 2450, 
    "model": "catmaid.treenodeclassinstance", 
    "fields": {
      "treenode": 2449, 
      "creation_time": "2012-07-22T19:13:26.149", 
      "edition_time": "2012-07-22T19:13:26.149", 
      "project": 3, 
      "relation": 11, 
      "user": 3, 
      "class_instance": 2440
    }
  }, 
  {
    "pk": 2456, 
    "model": "catmaid.treenodeclassinstance", 
    "fields": {
      "treenode": 2455, 
      "creation_time": "2012-07-22T19:15:24.010", 
      "edition_time": "2012-07-22T19:15:24.010", 
      "project": 3, 
      "relation": 11, 
      "user": 3, 
      "class_instance": 2451
    }
  }, 
  {
    "pk": 2354, 
    "model": "catmaid.connectorclassinstance", 
    "fields": {
      "connector": 432, 
      "creation_time": "2011-10-31T05:24:57.406", 
      "edition_time": "2011-10-31T05:24:57.406", 
      "project": 3, 
      "relation": 35, 
      "user": 3, 
      "class_instance": 2353
    }
  }, 
  {
    "pk": 2355, 
    "model": "catmaid.connectorclassinstance", 
    "fields": {
      "connector": 432, 
      "creation_time": "2011-10-31T05:24:57.406", 
      "edition_time": "2011-10-31T05:24:57.406", 
      "project": 3, 
      "relation": 35, 
      "user": 3, 
      "class_instance": 351
    }
  }, 
  {
    "pk": 360, 
    "model": "catmaid.treenodeconnector", 
    "fields": {
      "connector": 356, 
      "confidence": 5, 
      "treenode": 285, 
      "skeleton": 235, 
      "creation_time": "2011-09-27T07:57:15.967", 
      "edition_time": "2011-12-20T10:46:01.360", 
      "project": 3, 
      "relation": 23, 
      "user": 3
    }
  }, 
  {
    "pk": 372, 
    "model": "catmaid.treenodeconnector", 
    "fields": {
      "connector": 356, 
      "confidence": 5, 
      "treenode": 367, 
      "skeleton": 361, 
      "creation_time": "2011-09-27T07:57:18.175", 
      "edition_time": "2011-12-20T10:46:01.360", 
      "project": 3, 
      "relation": 24, 
      "user": 3
    }
  }, 
  {
    "pk": 382, 
    "model": "catmaid.treenodeconnector", 
    "fields": {
      "connector": 356, 
      "confidence": 5, 
      "treenode": 377, 
      "skeleton": 373, 
      "creation_time": "2011-09-27T07:57:19.797", 
      "edition_time": "2011-12-20T10:46:01.360", 
      "project": 3, 
      "relation": 24, 
      "user": 3
    }
  }, 
  {
    "pk": 425, 
    "model": "catmaid.treenodeconnector", 
    "fields": {
      "connector": 421, 
      "confidence": 5, 
      "treenode": 415, 
      "skeleton": 235, 
      "creation_time": "2011-10-07T07:02:22.656", 
      "edition_time": "2011-12-20T10:46:01.360", 
      "project": 3, 
      "relation": 23, 
      "user": 3
    }
  }, 
  {
    "pk": 429, 
    "model": "catmaid.treenodeconnector", 
    "fields": {
      "connector": 421, 
      "confidence": 5, 
      "treenode": 409, 
      "skeleton": 373, 
      "creation_time": "2011-10-07T07:02:29.728", 
      "edition_time": "2011-12-20T10:46:01.360", 
      "project": 3, 
      "relation": 24, 
      "user": 3
    }
  }, 
  {
    "pk": 437, 
    "model": "catmaid.treenodeconnector", 
    "fields": {
      "connector": 432, 
      "confidence": 5, 
      "treenode": 247, 
      "skeleton": 235, 
      "creation_time": "2011-10-11T10:49:08.042", 
      "edition_time": "2011-12-20T10:46:01.360", 
      "project": 3, 
      "relation": 23, 
      "user": 3
    }
  }, 
  {
    "pk": 2405, 
    "model": "catmaid.treenodeconnector", 
    "fields": {
      "connector": 2400, 
      "confidence": 5, 
      "treenode": 2394, 
      "skeleton": 2388, 
      "creation_time": "2011-12-09T08:01:43.965", 
      "edition_time": "2011-12-20T10:46:01.360", 
      "project": 3, 
      "relation": 23, 
      "user": 3
    }
  }, 
  {
    "pk": 2410, 
    "model": "catmaid.treenodeconnector", 
    "fields": {
      "connector": 2400, 
      "confidence": 5, 
      "treenode": 2374, 
      "skeleton": 2364, 
      "creation_time": "2011-12-09T08:01:48.525", 
      "edition_time": "2011-12-20T10:46:01.360", 
      "project": 3, 
      "relation": 24, 
      "user": 3
    }
  }, 
  {
    "pk": 2429, 
    "model": "catmaid.treenodeconnector", 
    "fields": {
      "connector": 2400, 
      "confidence": 5, 
      "treenode": 2415, 
      "skeleton": 2411, 
      "creation_time": "2011-12-09T08:02:16.949", 
      "edition_time": "2011-12-20T10:46:01.360", 
      "project": 3, 
      "relation": 23, 
      "user": 3
    }
  }, 
  {
    "pk": 2439, 
    "model": "catmaid.log", 
    "fields": {
      "freetext": "Create neuron 2434 and skeleton 2433", 
      "creation_time": "2012-07-22T16:50:57.758", 
      "edition_time": "2012-07-22T16:50:57.758", 
      "project": 3, 
      "user": 3, 
      "operation_type": "create_neuron", 
      "location": "(5290.000, 3930.000, 279.000)"
    }
  }, 
  {
    "pk": 2446, 
    "model": "catmaid.log", 
    "fields": {
      "freetext": "Create neuron 2441 and skeleton 2440", 
      "creation_time": "2012-07-22T19:12:54.541", 
      "edition_time": "2012-07-22T19:12:54.541", 
      "project": 3, 
      "user": 3, 
      "operation_type": "create_neuron", 
      "location": "(4470.000, 2110.000, 180.000)"
    }
  }, 
  {
    "pk": 2457, 
    "model": "catmaid.log", 
    "fields": {
      "freetext": "Create neuron 2452 and skeleton 2451", 
      "creation_time": "2012-07-22T19:15:24.010", 
      "edition_time": "2012-07-22T19:15:24.010", 
      "project": 3, 
      "user": 3, 
      "operation_type": "create_neuron", 
      "location": "(3680.000, 2530.000, 180.000)"
    }
  }
]
